time,CO
2016-01-01 00:00:00,1.3224
2016-01-01 01:00:00,1.2876
2016-01-01 02:00:00,2.1576
2016-01-01 03:00:00,1.6356
2016-01-01 04:00:00,0.9744
2016-01-01 05:00:00,0.8584
2016-01-01 06:00:00,1.218
2016-01-01 07:00:00,0.9512
2016-01-01 08:00:00,0.87
2016-01-01 09:00:00,0.6844
2016-01-01 10:00:00,0.7192
2016-01-01 11:00:00,0.6612
2016-01-01 12:00:00,0.5104
2016-01-01 13:00:00,0.4872
2016-01-01 14:00:00,0.4408
2016-01-01 15:00:00,0.4988
2016-01-01 16:00:00,1.1368
2016-01-01 17:00:00,1.044
2016-01-01 18:00:00,1.276
2016-01-01 19:00:00,1.856
2016-01-01 20:00:00,1.6588
2016-01-01 21:00:00,2.6448
2016-01-01 22:00:00,2.7376
2016-01-01 23:00:00,2.3896
2016-01-02 00:00:00,2.03
2016-01-02 01:00:00,2.0184
2016-01-02 02:00:00,2.4592
2016-01-02 03:00:00,1.9488
2016-01-02 04:00:00,2.088
2016-01-02 05:00:00,1.4964
2016-01-02 06:00:00,0.9396
2016-01-02 07:00:00,1.0672
2016-01-02 08:00:00,0.8584
2016-01-02 09:00:00,0.928
2016-01-02 10:00:00,0.8236
2016-01-02 11:00:00,0.8816
2016-01-02 12:00:00,0.8816
2016-01-02 13:00:00,0.9512
2016-01-02 14:00:00,0.7076
2016-01-02 15:00:00,0.5452
2016-01-02 16:00:00,1.1368
2016-01-02 17:00:00,1.218
2016-01-02 18:00:00,2.2852
2016-01-02 19:00:00,3.3176
2016-01-02 20:00:00,2.5636
2016-01-02 21:00:00,3.5380000000000003
2016-01-02 22:00:00,5.2896
2016-01-02 23:00:00,4.8024
2016-01-03 00:00:00,3.4104
2016-01-03 01:00:00,2.3896
2016-01-03 02:00:00,2.0416
2016-01-03 03:00:00,1.7284
2016-01-03 04:00:00,1.6704
2016-01-03 05:00:00,1.4268
2016-01-03 06:00:00,1.4964
2016-01-03 07:00:00,1.5196
2016-01-03 08:00:00,2.1112
2016-01-03 09:00:00,1.8908
2016-01-03 10:00:00,1.682
2016-01-03 11:00:00,1.1948
2016-01-03 12:00:00,0.812
2016-01-03 13:00:00,0.696
2016-01-03 14:00:00,0.7308
2016-01-03 15:00:00,0.9164
2016-01-03 16:00:00,1.1136
2016-01-03 17:00:00,1.0672
2016-01-03 18:00:00,1.1136
2016-01-03 19:00:00,1.0208
2016-01-03 20:00:00,1.0092
2016-01-03 21:00:00,0.7656
2016-01-03 22:00:00,0.6612
2016-01-03 23:00:00,0.4872
2016-01-04 00:00:00,0.5336
2016-01-04 01:00:00,0.6728
2016-01-04 02:00:00,0.4176
2016-01-04 03:00:00,0.3364
2016-01-04 04:00:00,0.3596
2016-01-04 05:00:00,0.3364
2016-01-04 06:00:00,0.3596
2016-01-04 07:00:00,0.3944
2016-01-04 08:00:00,0.4408
2016-01-04 09:00:00,0.522
2016-01-04 10:00:00,0.6728
2016-01-04 11:00:00,0.7656
2016-01-04 12:00:00,0.48429999999999995
2016-01-04 13:00:00,1.45
2016-01-04 14:00:00,1.3108
2016-01-04 15:00:00,1.4152
2016-01-04 16:00:00,1.392
2016-01-04 17:00:00,1.9372
2016-01-04 18:00:00,2.0184
2016-01-04 19:00:00,1.9836
2016-01-04 20:00:00,1.8096
2016-01-04 21:00:00,2.0996
2016-01-04 22:00:00,2.7956
2016-01-04 23:00:00,2.8188
2016-01-05 00:00:00,2.7492
2016-01-05 01:00:00,2.6796
2016-01-05 02:00:00,2.7492
2016-01-05 03:00:00,2.5404
2016-01-05 04:00:00,2.1228
2016-01-05 05:00:00,1.7284
2016-01-05 06:00:00,1.5892
2016-01-05 07:00:00,1.6356
2016-01-05 08:00:00,2.0764
2016-01-05 09:00:00,2.146
2016-01-05 10:00:00,2.2272
2016-01-05 11:00:00,2.1344
2016-01-05 12:00:00,2.2736
2016-01-05 13:00:00,2.9116
2016-01-05 14:00:00,3.3176
2016-01-05 15:00:00,2.9696
2016-01-05 16:00:00,3.3176
2016-01-05 17:00:00,3.5612
2016-01-05 18:00:00,4.1296
2016-01-05 19:00:00,3.944
2016-01-05 20:00:00,4.0948
2016-01-05 21:00:00,4.9532
2016-01-05 22:00:00,6.1016
2016-01-05 23:00:00,4.4544
2016-01-06 00:00:00,4.2108
2016-01-06 01:00:00,4.0832
2016-01-06 02:00:00,4.5124
2016-01-06 03:00:00,4.5704
2016-01-06 04:00:00,4.7676
2016-01-06 05:00:00,5.1156
2016-01-06 06:00:00,4.9532
2016-01-06 07:00:00,4.3732
2016-01-06 08:00:00,3.9092
2016-01-06 09:00:00,3.6656
2016-01-06 10:00:00,3.828
2016-01-06 11:00:00,3.4684
2016-01-06 12:00:00,3.5032
2016-01-06 13:00:00,3.7352
2016-01-06 14:00:00,4.0832
2016-01-06 15:00:00,3.9556
2016-01-06 16:00:00,4.0716
2016-01-06 17:00:00,4.6864
2016-01-06 18:00:00,4.408
2016-01-06 19:00:00,5.4288
2016-01-06 20:00:00,4.1412
2016-01-06 21:00:00,3.5032
2016-01-06 22:00:00,3.5380000000000003
2016-01-06 23:00:00,3.4916
2016-01-07 00:00:00,3.6424
2016-01-07 01:00:00,3.6076
2016-01-07 02:00:00,3.4452
2016-01-07 03:00:00,3.4684
2016-01-07 04:00:00,3.4336
2016-01-07 05:00:00,2.5056
2016-01-07 06:00:00,1.5892
2016-01-07 07:00:00,1.1136
2016-01-07 08:00:00,0.9976
2016-01-07 09:00:00,0.9164
2016-01-07 10:00:00,0.8352
2016-01-07 11:00:00,0.8932
2016-01-07 12:00:00,1.102
2016-01-07 13:00:00,1.1716
2016-01-07 14:00:00,0.986
2016-01-07 15:00:00,0.928
2016-01-07 16:00:00,0.8816
2016-01-07 17:00:00,1.0788
2016-01-07 18:00:00,1.2412
2016-01-07 19:00:00,1.5428
2016-01-07 20:00:00,3.248
2016-01-07 21:00:00,4.7908
2016-01-07 22:00:00,4.6284
2016-01-07 23:00:00,3.6888
2016-01-08 00:00:00,2.8884
2016-01-08 01:00:00,4.3152
2016-01-08 02:00:00,3.5148
2016-01-08 03:00:00,1.9488
2016-01-08 04:00:00,1.2528
2016-01-08 05:00:00,1.0208
2016-01-08 06:00:00,0.8816
2016-01-08 07:00:00,1.5659999999999998
2016-01-08 08:00:00,1.9604
2016-01-08 09:00:00,1.8908
2016-01-08 10:00:00,1.3224
2016-01-08 11:00:00,1.0904
2016-01-08 12:00:00,1.218
2016-01-08 13:00:00,0.8004
2016-01-08 14:00:00,0.7076
2016-01-08 15:00:00,0.7308
2016-01-08 16:00:00,1.624
2016-01-08 17:00:00,3.3176
2016-01-08 18:00:00,4.8372
2016-01-08 19:00:00,4.5124
2016-01-08 20:00:00,4.3964
2016-01-08 21:00:00,2.7376
2016-01-08 22:00:00,4.3384
2016-01-08 23:00:00,4.4776
2016-01-09 00:00:00,4.0716
2016-01-09 01:00:00,4.5356
2016-01-09 02:00:00,3.8628
2016-01-09 03:00:00,3.7932
2016-01-09 04:00:00,3.654
2016-01-09 05:00:00,3.4684
2016-01-09 06:00:00,2.5056
2016-01-09 07:00:00,1.9836
2016-01-09 08:00:00,2.4012
2016-01-09 09:00:00,2.4244
2016-01-09 10:00:00,2.3432
2016-01-09 11:00:00,1.798
2016-01-09 12:00:00,1.392
2016-01-09 13:00:00,1.6356
2016-01-09 14:00:00,1.5776
2016-01-09 15:00:00,1.4268
2016-01-09 16:00:00,1.4384
2016-01-09 17:00:00,3.364
2016-01-09 18:00:00,5.3012
2016-01-09 19:00:00,4.4776
2016-01-09 20:00:00,6.6352
2016-01-09 21:00:00,4.2224
2016-01-09 22:00:00,4.0368
2016-01-09 23:00:00,4.2456
2016-01-10 00:00:00,6.4612
2016-01-10 01:00:00,4.8372
2016-01-10 02:00:00,3.654
2016-01-10 03:00:00,3.77
2016-01-10 04:00:00,3.016
2016-01-10 05:00:00,2.8304
2016-01-10 06:00:00,3.5728
2016-01-10 07:00:00,3.886
2016-01-10 08:00:00,3.48
2016-01-10 09:00:00,3.6888
2016-01-10 10:00:00,3.4336
2016-01-10 11:00:00,2.494
2016-01-10 12:00:00,2.4708
2016-01-10 13:00:00,2.4824
2016-01-10 14:00:00,1.9372
2016-01-10 15:00:00,1.1252
2016-01-10 16:00:00,1.1484
2016-01-10 17:00:00,1.6124
2016-01-10 18:00:00,2.2968
2016-01-10 19:00:00,3.2016
2016-01-10 20:00:00,4.408
2016-01-10 21:00:00,5.2548
2016-01-10 22:00:00,5.8
2016-01-10 23:00:00,7.7024
2016-01-11 00:00:00,7.0064
2016-01-11 01:00:00,4.6284
2016-01-11 02:00:00,3.5264
2016-01-11 03:00:00,2.1344
2016-01-11 04:00:00,3.8396
2016-01-11 05:00:00,3.596
2016-01-11 06:00:00,2.3316
2016-01-11 07:00:00,2.2968
2016-01-11 08:00:00,2.6332
2016-01-11 09:00:00,2.204
2016-01-11 10:00:00,2.6332
2016-01-11 11:00:00,2.2736
2016-01-11 12:00:00,2.7376
2016-01-11 13:00:00,2.9928
2016-01-11 14:00:00,3.0508
2016-01-11 15:00:00,3.4916
2016-01-11 16:00:00,4.1296
2016-01-11 17:00:00,5.4868
2016-01-11 18:00:00,5.8464
2016-01-11 19:00:00,6.09
2016-01-11 20:00:00,6.8672
2016-01-11 21:00:00,6.96
2016-01-11 22:00:00,6.902
2016-01-11 23:00:00,6.7744
2016-01-12 00:00:00,5.7536
2016-01-12 01:00:00,4.6632
2016-01-12 02:00:00,3.596
2016-01-12 03:00:00,2.4244
2016-01-12 04:00:00,1.6588
2016-01-12 05:00:00,0.9396
2016-01-12 06:00:00,0.6844
2016-01-12 07:00:00,0.6032
2016-01-12 08:00:00,1.0556
2016-01-12 09:00:00,1.1832
2016-01-12 10:00:00,0.7308
2016-01-12 11:00:00,0.8468
2016-01-12 12:00:00,0.4872
2016-01-12 13:00:00,0.5336
2016-01-12 14:00:00,0.522
2016-01-12 15:00:00,0.4756
2016-01-12 16:00:00,0.5684
2016-01-12 17:00:00,0.6264
2016-01-12 18:00:00,2.0068
2016-01-12 19:00:00,2.146
2016-01-12 20:00:00,4.4312
2016-01-12 21:00:00,2.436
2016-01-12 22:00:00,0.9976
2016-01-12 23:00:00,0.928
2016-01-13 00:00:00,2.0068
2016-01-13 01:00:00,1.0672
2016-01-13 02:00:00,0.3944
2016-01-13 03:00:00,0.232
2016-01-13 04:00:00,0.2436
2016-01-13 05:00:00,0.2784
2016-01-13 06:00:00,0.2436
2016-01-13 07:00:00,0.3132
2016-01-13 08:00:00,0.7076
2016-01-13 09:00:00,0.6496
2016-01-13 10:00:00,0.6718333333333333
2016-01-13 11:00:00,0.6446861111111112
2016-01-13 12:00:00,0.6210766203703703
2016-01-13 13:00:00,0.5055996720679012
2016-01-13 14:00:00,0.4587996447402263
2016-01-13 15:00:00,0.46416628180191183
2016-01-13 16:00:00,0.4835134719520711
2016-01-13 17:00:00,0.5035062612814104
2016-01-13 18:00:00,0.5222651163881946
2016-01-13 19:00:00,0.5454872094205442
2016-01-13 20:00:00,0.5648444768722561
2016-01-13 21:00:00,0.5529481832782775
2016-01-13 22:00:00,0.5448938652181341
2016-01-13 23:00:00,0.5343155762085342
2016-01-14 00:00:00,0.5251180316333194
2016-01-14 01:00:00,0.5171214825718985
2016-01-14 02:00:00,0.5180816334472317
2016-01-14 03:00:00,0.5230217991728153
2016-01-14 04:00:00,0.5279264256203906
2016-01-14 05:00:00,0.5316275050927506
2016-01-14 06:00:00,0.5339709420770289
2016-01-14 07:00:00,0.5349464275510984
2016-01-14 08:00:00,0.5340680290619779
2016-01-14 09:00:00,0.5315033250777882
2016-01-14 10:00:00,0.5297162535610807
2016-01-14 11:00:00,0.5284514525896595
2016-01-14 12:00:00,0.5279627756214199
2016-01-14 13:00:00,0.5281998376204283
2016-01-14 14:00:00,1.2876
2016-01-14 15:00:00,0.8236
2016-01-14 16:00:00,1.5312
2016-01-14 17:00:00,2.8188
2016-01-14 18:00:00,2.2504
2016-01-14 19:00:00,2.204
2016-01-14 20:00:00,1.8328
2016-01-14 21:00:00,2.2852
2016-01-14 22:00:00,2.9232
2016-01-14 23:00:00,3.3756
2016-01-15 00:00:00,3.4336
2016-01-15 01:00:00,2.7724
2016-01-15 02:00:00,2.2736
2016-01-15 03:00:00,2.0764
2016-01-15 04:00:00,1.508
2016-01-15 05:00:00,1.1484
2016-01-15 06:00:00,1.218
2016-01-15 07:00:00,1.8444
2016-01-15 08:00:00,2.4476
2016-01-15 09:00:00,1.6936
2016-01-15 10:00:00,0.8352
2016-01-15 11:00:00,1.102
2016-01-15 12:00:00,1.0904
2016-01-15 13:00:00,1.218
2016-01-15 14:00:00,1.508
2016-01-15 15:00:00,0.4756
2016-01-15 16:00:00,1.044
2016-01-15 17:00:00,1.2528
2016-01-15 18:00:00,1.3572
2016-01-15 19:00:00,1.4268
2016-01-15 20:00:00,1.3224
2016-01-15 21:00:00,1.7284
2016-01-15 22:00:00,2.0416
2016-01-15 23:00:00,1.3572
2016-01-16 00:00:00,1.7052
2016-01-16 01:00:00,1.9488
2016-01-16 02:00:00,1.2528
2016-01-16 03:00:00,0.6728
2016-01-16 04:00:00,0.4408
2016-01-16 05:00:00,0.4524
2016-01-16 06:00:00,0.3944
2016-01-16 07:00:00,0.5336
2016-01-16 08:00:00,0.6496
2016-01-16 09:00:00,0.6612
2016-01-16 10:00:00,0.638
2016-01-16 11:00:00,0.8932
2016-01-16 12:00:00,1.0092
2016-01-16 13:00:00,1.102
2016-01-16 14:00:00,1.1368
2016-01-16 15:00:00,1.2064
2016-01-16 16:00:00,1.044
2016-01-16 17:00:00,1.1252
2016-01-16 18:00:00,0.9048
2016-01-16 19:00:00,0.928
2016-01-16 20:00:00,0.6496
2016-01-16 21:00:00,0.6728
2016-01-16 22:00:00,0.7192
2016-01-16 23:00:00,0.754
2016-01-17 00:00:00,0.6032
2016-01-17 01:00:00,0.5104
2016-01-17 02:00:00,0.4524
2016-01-17 03:00:00,0.4292
2016-01-17 04:00:00,0.4408
2016-01-17 05:00:00,0.3364
2016-01-17 06:00:00,0.3712
2016-01-17 07:00:00,0.4176
2016-01-17 08:00:00,0.4988
2016-01-17 09:00:00,0.5336
2016-01-17 10:00:00,0.6032
2016-01-17 11:00:00,0.5336
2016-01-17 12:00:00,0.5916
2016-01-17 13:00:00,0.5568
2016-01-17 14:00:00,0.6496
2016-01-17 15:00:00,0.7308
2016-01-17 16:00:00,0.6264
2016-01-17 17:00:00,0.6844
2016-01-17 18:00:00,0.7308
2016-01-17 19:00:00,0.7192
2016-01-17 20:00:00,0.7076
2016-01-17 21:00:00,0.7888
2016-01-17 22:00:00,0.754
2016-01-17 23:00:00,0.7888
2016-01-18 00:00:00,0.6148
2016-01-18 01:00:00,0.4408
2016-01-18 02:00:00,0.4176
2016-01-18 03:00:00,0.3828
2016-01-18 04:00:00,0.348
2016-01-18 05:00:00,0.3248
2016-01-18 06:00:00,0.406
2016-01-18 07:00:00,0.406
2016-01-18 08:00:00,0.7308
2016-01-18 09:00:00,0.6264
2016-01-18 10:00:00,0.5568
2016-01-18 11:00:00,0.5684
2016-01-18 12:00:00,0.6264
2016-01-18 13:00:00,0.638
2016-01-18 14:00:00,0.638
2016-01-18 15:00:00,0.8468
2016-01-18 16:00:00,1.218
2016-01-18 17:00:00,1.0556
2016-01-18 18:00:00,0.5452
2016-01-18 19:00:00,0.5452
2016-01-18 20:00:00,0.4756
2016-01-18 21:00:00,0.6612
2016-01-18 22:00:00,0.7888
2016-01-18 23:00:00,0.696
2016-01-19 00:00:00,0.5452
2016-01-19 01:00:00,0.5916
2016-01-19 02:00:00,0.3828
2016-01-19 03:00:00,0.3712
2016-01-19 04:00:00,0.3596
2016-01-19 05:00:00,0.3596
2016-01-19 06:00:00,0.4176
2016-01-19 07:00:00,0.522
2016-01-19 08:00:00,0.6264
2016-01-19 09:00:00,0.7192
2016-01-19 10:00:00,0.58
2016-01-19 11:00:00,0.4988
2016-01-19 12:00:00,0.58
2016-01-19 13:00:00,0.6264
2016-01-19 14:00:00,0.5684
2016-01-19 15:00:00,0.4176
2016-01-19 16:00:00,0.4176
2016-01-19 17:00:00,0.7076
2016-01-19 18:00:00,1.0208
2016-01-19 19:00:00,0.9164
2016-01-19 20:00:00,0.986
2016-01-19 21:00:00,0.9976
2016-01-19 22:00:00,1.276
2016-01-19 23:00:00,1.6124
2016-01-20 00:00:00,1.7284
2016-01-20 01:00:00,1.5544
2016-01-20 02:00:00,1.4732
2016-01-20 03:00:00,1.2992
2016-01-20 04:00:00,1.1368
2016-01-20 05:00:00,0.8932
2016-01-20 06:00:00,0.9396
2016-01-20 07:00:00,1.0208
2016-01-20 08:00:00,0.9628
2016-01-20 09:00:00,1.0208
2016-01-20 10:00:00,0.812
2016-01-20 11:00:00,0.6032
2016-01-20 12:00:00,0.4872
2016-01-20 13:00:00,0.4176
2016-01-20 14:00:00,0.2552
2016-01-20 15:00:00,0.2784
2016-01-20 16:00:00,0.8932
2016-01-20 17:00:00,1.4268
2016-01-20 18:00:00,1.2528
2016-01-20 19:00:00,1.044
2016-01-20 20:00:00,1.334
2016-01-20 21:00:00,1.2528
2016-01-20 22:00:00,1.334
2016-01-20 23:00:00,1.3224
2016-01-21 00:00:00,1.102
2016-01-21 01:00:00,1.1136
2016-01-21 02:00:00,0.9628
2016-01-21 03:00:00,0.754
2016-01-21 04:00:00,0.8816
2016-01-21 05:00:00,0.6728
2016-01-21 06:00:00,0.928
2016-01-21 07:00:00,0.8468
2016-01-21 08:00:00,1.0208
2016-01-21 09:00:00,1.1252
2016-01-21 10:00:00,1.3688
2016-01-21 11:00:00,1.392
2016-01-21 12:00:00,1.1252
2016-01-21 13:00:00,1.2876
2016-01-21 14:00:00,1.1832
2016-01-21 15:00:00,1.1948
2016-01-21 16:00:00,1.276
2016-01-21 17:00:00,2.262
2016-01-21 18:00:00,2.784
2016-01-21 19:00:00,3.1436
2016-01-21 20:00:00,3.7004
2016-01-21 21:00:00,3.422
2016-01-21 22:00:00,2.6912
2016-01-21 23:00:00,1.682
2016-01-22 00:00:00,1.392
2016-01-22 01:00:00,1.2528
2016-01-22 02:00:00,0.3596
2016-01-22 03:00:00,1.2644
2016-01-22 04:00:00,1.0208
2016-01-22 05:00:00,0.0696
2016-01-22 06:00:00,0.1508
2016-01-22 07:00:00,0.3712
2016-01-22 08:00:00,0.6728
2016-01-22 09:00:00,0.6148
2016-01-22 10:00:00,0.3016
2016-01-22 11:00:00,0.5452
2016-01-22 12:00:00,0.348
2016-01-22 13:00:00,0.4176
2016-01-22 14:00:00,0.3712
2016-01-22 15:00:00,0.2668
2016-01-22 16:00:00,0.3596
2016-01-22 17:00:00,0.9744
2016-01-22 18:00:00,0.6148
2016-01-22 19:00:00,0.6032
2016-01-22 20:00:00,0.696
2016-01-22 21:00:00,0.6728
2016-01-22 22:00:00,0.8584
2016-01-22 23:00:00,0.4872
2016-01-23 00:00:00,0.5568
2016-01-23 01:00:00,0.5568
2016-01-23 02:00:00,0.2088
2016-01-23 03:00:00,0.2088
2016-01-23 04:00:00,0.1392
2016-01-23 05:00:00,0.1508
2016-01-23 06:00:00,0.1856
2016-01-23 07:00:00,0.1276
2016-01-23 08:00:00,0.2088
2016-01-23 09:00:00,0.2088
2016-01-23 10:00:00,0.3132
2016-01-23 11:00:00,0.3712
2016-01-23 12:00:00,0.29
2016-01-23 13:00:00,0.3248
2016-01-23 14:00:00,0.3364
2016-01-23 15:00:00,0.3364
2016-01-23 16:00:00,0.3944
2016-01-23 17:00:00,1.1832
2016-01-23 18:00:00,1.16
2016-01-23 19:00:00,0.7424
2016-01-23 20:00:00,0.9048
2016-01-23 21:00:00,1.4384
2016-01-23 22:00:00,0.9976
2016-01-23 23:00:00,1.1832
2016-01-24 00:00:00,1.2876
2016-01-24 01:00:00,1.0788
2016-01-24 02:00:00,0.812
2016-01-24 03:00:00,0.7424
2016-01-24 04:00:00,1.3572
2016-01-24 05:00:00,0.986
2016-01-24 06:00:00,0.8932
2016-01-24 07:00:00,0.4872
2016-01-24 08:00:00,0.58
2016-01-24 09:00:00,0.8236
2016-01-24 10:00:00,0.8816
2016-01-24 11:00:00,1.0092
2016-01-24 12:00:00,1.102
2016-01-24 13:00:00,0.9744
2016-01-24 14:00:00,0.8816
2016-01-24 15:00:00,0.7888
2016-01-24 16:00:00,0.7772
2016-01-24 17:00:00,0.9628
2016-01-24 18:00:00,1.6704
2016-01-24 19:00:00,1.5428
2016-01-24 20:00:00,1.4732
2016-01-24 21:00:00,1.6936
2016-01-24 22:00:00,2.3316
2016-01-24 23:00:00,2.2272
2016-01-25 00:00:00,2.2272
2016-01-25 01:00:00,1.7168
2016-01-25 02:00:00,2.3316
2016-01-25 03:00:00,1.682
2016-01-25 04:00:00,1.4848
2016-01-25 05:00:00,2.03
2016-01-25 06:00:00,1.276
2016-01-25 07:00:00,2.3548
2016-01-25 08:00:00,1.8444
2016-01-25 09:00:00,1.1252
2016-01-25 10:00:00,0.87
2016-01-25 11:00:00,0.6496
2016-01-25 12:00:00,0.8584
2016-01-25 13:00:00,1.0904
2016-01-25 14:00:00,1.1252
2016-01-25 15:00:00,0.8236
2016-01-25 16:00:00,1.1948
2016-01-25 17:00:00,1.972
2016-01-25 18:00:00,1.6008
2016-01-25 19:00:00,2.784
2016-01-25 20:00:00,1.9836
2016-01-25 21:00:00,2.0184
2016-01-25 22:00:00,1.9604
2016-01-25 23:00:00,4.0948
2016-01-26 00:00:00,3.9672
2016-01-26 01:00:00,2.3896
2016-01-26 02:00:00,2.6216
2016-01-26 03:00:00,2.2388
2016-01-26 04:00:00,2.3432
2016-01-26 05:00:00,1.9836
2016-01-26 06:00:00,1.6356
2016-01-26 07:00:00,2.2156
2016-01-26 08:00:00,2.262
2016-01-26 09:00:00,2.1112
2016-01-26 10:00:00,1.9024
2016-01-26 11:00:00,1.7632
2016-01-26 12:00:00,1.5428
2016-01-26 13:00:00,0.3828
2016-01-26 14:00:00,0.754
2016-01-26 15:00:00,0.87
2016-01-26 16:00:00,0.7192
2016-01-26 17:00:00,0.5916
2016-01-26 18:00:00,0.3828
2016-01-26 19:00:00,0.4176
2016-01-26 20:00:00,0.4176
2016-01-26 21:00:00,1.1716
2016-01-26 22:00:00,2.1576
2016-01-26 23:00:00,2.262
2016-01-27 00:00:00,1.9952
2016-01-27 01:00:00,1.7748
2016-01-27 02:00:00,2.3664
2016-01-27 03:00:00,2.4244
2016-01-27 04:00:00,2.2156
2016-01-27 05:00:00,1.3224
2016-01-27 06:00:00,1.1136
2016-01-27 07:00:00,1.1832
2016-01-27 08:00:00,2.2852
2016-01-27 09:00:00,2.2968
2016-01-27 10:00:00,2.0532
2016-01-27 11:00:00,1.276
2016-01-27 12:00:00,0.7772
2016-01-27 13:00:00,0.5684
2016-01-27 14:00:00,0.5452
2016-01-27 15:00:00,0.5336
2016-01-27 16:00:00,0.9628
2016-01-27 17:00:00,3.2828
2016-01-27 18:00:00,3.422
2016-01-27 19:00:00,2.1808
2016-01-27 20:00:00,2.5984
2016-01-27 21:00:00,2.204
2016-01-27 22:00:00,3.2248
2016-01-27 23:00:00,5.4752
2016-01-28 00:00:00,2.9
2016-01-28 01:00:00,2.4012
2016-01-28 02:00:00,3.074
2016-01-28 03:00:00,3.364
2016-01-28 04:00:00,1.9256
2016-01-28 05:00:00,1.508
2016-01-28 06:00:00,1.8328
2016-01-28 07:00:00,2.0416
2016-01-28 08:00:00,1.4616
2016-01-28 09:00:00,1.682
2016-01-28 10:00:00,2.1112
2016-01-28 11:00:00,1.9372
2016-01-28 12:00:00,1.9024
2016-01-28 13:00:00,1.9256
2016-01-28 14:00:00,1.8676
2016-01-28 15:00:00,2.2272
2016-01-28 16:00:00,2.4476
2016-01-28 17:00:00,3.7004
2016-01-28 18:00:00,4.5124
2016-01-28 19:00:00,9.1408
2016-01-28 20:00:00,8.177999999999999
2016-01-28 21:00:00,6.8439999999999985
2016-01-28 22:00:00,6.2872
2016-01-28 23:00:00,10.556
2016-01-29 00:00:00,9.8136
2016-01-29 01:00:00,6.7744
2016-01-29 02:00:00,4.8604
2016-01-29 03:00:00,3.9904
2016-01-29 04:00:00,3.48
2016-01-29 05:00:00,3.1784
2016-01-29 06:00:00,2.7376
2016-01-29 07:00:00,2.9232
2016-01-29 08:00:00,2.0996
2016-01-29 09:00:00,2.2736
2016-01-29 10:00:00,3.016
2016-01-29 11:00:00,2.7492
2016-01-29 12:00:00,2.4244
2016-01-29 13:00:00,2.494
2016-01-29 14:00:00,2.6448
2016-01-29 15:00:00,2.0996
2016-01-29 16:00:00,2.5056
2016-01-29 17:00:00,3.5844
2016-01-29 18:00:00,4.8024
2016-01-29 19:00:00,6.1828
2016-01-29 20:00:00,6.1016
2016-01-29 21:00:00,6.0784
2016-01-29 22:00:00,6.6468
2016-01-29 23:00:00,6.902
2016-01-30 00:00:00,6.032
2016-01-30 01:00:00,5.394
2016-01-30 02:00:00,5.0112
2016-01-30 03:00:00,4.6516
2016-01-30 04:00:00,4.6748
2016-01-30 05:00:00,3.4684
2016-01-30 06:00:00,3.6308
2016-01-30 07:00:00,3.3756
2016-01-30 08:00:00,4.176
2016-01-30 09:00:00,3.5380000000000003
2016-01-30 10:00:00,2.7028
2016-01-30 11:00:00,2.3432
2016-01-30 12:00:00,1.5659999999999998
2016-01-30 13:00:00,0.9048
2016-01-30 14:00:00,0.4176
2016-01-30 15:00:00,0.3248
2016-01-30 16:00:00,0.6032
2016-01-30 17:00:00,2.32
2016-01-30 18:00:00,4.698
2016-01-30 19:00:00,4.2456
2016-01-30 20:00:00,2.4128
2016-01-30 21:00:00,2.4244
2016-01-30 22:00:00,3.016
2016-01-30 23:00:00,2.5868
2016-01-31 00:00:00,3.3524
2016-01-31 01:00:00,3.4452
2016-01-31 02:00:00,2.7028
2016-01-31 03:00:00,3.3756
2016-01-31 04:00:00,2.3896
2016-01-31 05:00:00,1.5659999999999998
2016-01-31 06:00:00,1.1948
2016-01-31 07:00:00,1.334
2016-01-31 08:00:00,2.1344
2016-01-31 09:00:00,1.508
2016-01-31 10:00:00,1.334
2016-01-31 11:00:00,0.9048
2016-01-31 12:00:00,0.5452
2016-01-31 13:00:00,0.4872
2016-01-31 14:00:00,0.8236
2016-01-31 15:00:00,1.4732
2016-01-31 16:00:00,1.4848
2016-01-31 17:00:00,2.5288
2016-01-31 18:00:00,2.8304
2016-01-31 19:00:00,3.1668
2016-01-31 20:00:00,3.8512
2016-01-31 21:00:00,3.886
2016-01-31 22:00:00,4.2456
2016-01-31 23:00:00,5.104
2016-02-01 00:00:00,5.5796
2016-02-01 01:00:00,3.6772
2016-02-01 02:00:00,3.0972
2016-02-01 03:00:00,3.016
2016-02-01 04:00:00,2.7144
2016-02-01 05:00:00,2.1344
2016-02-01 06:00:00,1.3224
2016-02-01 07:00:00,2.0532
2016-02-01 08:00:00,2.7028
2016-02-01 09:00:00,2.784
2016-02-01 10:00:00,2.4708
2016-02-01 11:00:00,2.0648
2016-02-01 12:00:00,1.3572
2016-02-01 13:00:00,1.0208
2016-02-01 14:00:00,0.6844
2016-02-01 15:00:00,0.6148
2016-02-01 16:00:00,0.58
2016-02-01 17:00:00,2.5056
2016-02-01 18:00:00,5.5796
2016-02-01 19:00:00,3.4336
2016-02-01 20:00:00,3.422
2016-02-01 21:00:00,2.7956
2016-02-01 22:00:00,2.5636
2016-02-01 23:00:00,2.1112
2016-02-02 00:00:00,2.958
2016-02-02 01:00:00,3.944
2016-02-02 02:00:00,4.1876
2016-02-02 03:00:00,3.0972
2016-02-02 04:00:00,2.5288
2016-02-02 05:00:00,1.7052
2016-02-02 06:00:00,1.856
2016-02-02 07:00:00,2.3432
2016-02-02 08:00:00,2.4012
2016-02-02 09:00:00,2.2272
2016-02-02 10:00:00,1.8444
2016-02-02 11:00:00,1.2992
2016-02-02 12:00:00,0.7656
2016-02-02 13:00:00,0.638
2016-02-02 14:00:00,0.6728
2016-02-02 15:00:00,0.5684
2016-02-02 16:00:00,0.8816
2016-02-02 17:00:00,2.7608
2016-02-02 18:00:00,2.4708
2016-02-02 19:00:00,3.9788
2016-02-02 20:00:00,1.9836
2016-02-02 21:00:00,1.9604
2016-02-02 22:00:00,2.8536
2016-02-02 23:00:00,4.35
2016-02-03 00:00:00,2.9696
2016-02-03 01:00:00,1.9604
2016-02-03 02:00:00,1.6472
2016-02-03 03:00:00,1.0324
2016-02-03 04:00:00,1.45
2016-02-03 05:00:00,1.7748
2016-02-03 06:00:00,0.9744
2016-02-03 07:00:00,1.4384
2016-02-03 08:00:00,2.1924
2016-02-03 09:00:00,2.0996
2016-02-03 10:00:00,1.7052
2016-02-03 11:00:00,1.2644
2016-02-03 12:00:00,0.9396
2016-02-03 13:00:00,0.5684
2016-02-03 14:00:00,0.7424
2016-02-03 15:00:00,0.7424
2016-02-03 16:00:00,1.0208
2016-02-03 17:00:00,3.2016
2016-02-03 18:00:00,2.4128
2016-02-03 19:00:00,2.5868
2016-02-03 20:00:00,4.3268
2016-02-03 21:00:00,4.7792
2016-02-03 22:00:00,2.9
2016-02-03 23:00:00,3.3292
2016-02-04 00:00:00,3.0044
2016-02-04 01:00:00,2.3664
2016-02-04 02:00:00,2.5056
2016-02-04 03:00:00,2.0184
2016-02-04 04:00:00,1.8096
2016-02-04 05:00:00,1.508
2016-02-04 06:00:00,1.4152
2016-02-04 07:00:00,1.5544
2016-02-04 08:00:00,1.8444
2016-02-04 09:00:00,2.0416
2016-02-04 10:00:00,2.0532
2016-02-04 11:00:00,1.1948
2016-02-04 12:00:00,0.6728
2016-02-04 13:00:00,0.7308
2016-02-04 14:00:00,0.9976
2016-02-04 15:00:00,1.1136
2016-02-04 16:00:00,1.1832
2016-02-04 17:00:00,1.392
2016-02-04 18:00:00,0.8584
2016-02-04 19:00:00,0.6844
2016-02-04 20:00:00,0.6032
2016-02-04 21:00:00,0.6496
2016-02-04 22:00:00,0.5916
2016-02-04 23:00:00,0.5104
2016-02-05 00:00:00,0.3596
2016-02-05 01:00:00,0.3016
2016-02-05 02:00:00,0.174
2016-02-05 03:00:00,0.1392
2016-02-05 04:00:00,0.0812
2016-02-05 05:00:00,0.0464
2016-02-05 06:00:00,0.0696
2016-02-05 07:00:00,0.2204
2016-02-05 08:00:00,0.5452
2016-02-05 09:00:00,0.4408
2016-02-05 10:00:00,0.5104
2016-02-05 11:00:00,0.6032
2016-02-05 12:00:00,0.5336
2016-02-05 13:00:00,0.29
2016-02-05 14:00:00,0.4408
2016-02-05 15:00:00,0.696
2016-02-05 16:00:00,0.7888
2016-02-05 17:00:00,0.9512
2016-02-05 18:00:00,0.7308
2016-02-05 19:00:00,0.6264
2016-02-05 20:00:00,0.6032
2016-02-05 21:00:00,0.58
2016-02-05 22:00:00,0.5104
2016-02-05 23:00:00,0.406
2016-02-06 00:00:00,0.4408
2016-02-06 01:00:00,0.3248
2016-02-06 02:00:00,0.3712
2016-02-06 03:00:00,0.2436
2016-02-06 04:00:00,0.2088
2016-02-06 05:00:00,0.1624
2016-02-06 06:00:00,0.1856
2016-02-06 07:00:00,0.232
2016-02-06 08:00:00,0.2668
2016-02-06 09:00:00,0.3016
2016-02-06 10:00:00,0.1972
2016-02-06 11:00:00,0.3712
2016-02-06 12:00:00,0.4524
2016-02-06 13:00:00,0.5684
2016-02-06 14:00:00,0.58
2016-02-06 15:00:00,0.6148
2016-02-06 16:00:00,0.5568
2016-02-06 17:00:00,0.9976
2016-02-06 18:00:00,0.8004
2016-02-06 19:00:00,1.5892
2016-02-06 20:00:00,2.1576
2016-02-06 21:00:00,2.4708
2016-02-06 22:00:00,2.1808
2016-02-06 23:00:00,1.3572
2016-02-07 00:00:00,1.4848
2016-02-07 01:00:00,2.5288
2016-02-07 02:00:00,2.2504
2016-02-07 03:00:00,1.218
2016-02-07 04:00:00,1.2644
2016-02-07 05:00:00,1.0556
2016-02-07 06:00:00,1.0208
2016-02-07 07:00:00,0.8584
2016-02-07 08:00:00,0.6844
2016-02-07 09:00:00,0.8004
2016-02-07 10:00:00,0.8236
2016-02-07 11:00:00,0.5452
2016-02-07 12:00:00,0.4756
2016-02-07 13:00:00,0.5104
2016-02-07 14:00:00,0.348
2016-02-07 15:00:00,0.29
2016-02-07 16:00:00,0.3248
2016-02-07 17:00:00,1.3456
2016-02-07 18:00:00,2.9812
2016-02-07 19:00:00,3.712
2016-02-07 20:00:00,2.6216
2016-02-07 21:00:00,2.2968
2016-02-07 22:00:00,2.5404
2016-02-07 23:00:00,2.3548
2016-02-08 00:00:00,1.9372
2016-02-08 01:00:00,1.6472
2016-02-08 02:00:00,1.4152
2016-02-08 03:00:00,1.1252
2016-02-08 04:00:00,0.8932
2016-02-08 05:00:00,0.6032
2016-02-08 06:00:00,0.812
2016-02-08 07:00:00,0.8816
2016-02-08 08:00:00,1.0092
2016-02-08 09:00:00,1.2876
2016-02-08 10:00:00,1.45
2016-02-08 11:00:00,0.7192
2016-02-08 12:00:00,0.464
2016-02-08 13:00:00,0.5104
2016-02-08 14:00:00,0.4872
2016-02-08 15:00:00,0.6032
2016-02-08 16:00:00,0.6496
2016-02-08 17:00:00,1.7284
2016-02-08 18:00:00,2.494
2016-02-08 19:00:00,1.8792
2016-02-08 20:00:00,1.8212
2016-02-08 21:00:00,2.6564
2016-02-08 22:00:00,3.0044
2016-02-08 23:00:00,2.3432
2016-02-09 00:00:00,2.436
2016-02-09 01:00:00,1.8328
2016-02-09 02:00:00,1.0556
2016-02-09 03:00:00,1.2412
2016-02-09 04:00:00,1.8444
2016-02-09 05:00:00,1.5196
2016-02-09 06:00:00,0.8932
2016-02-09 07:00:00,1.0672
2016-02-09 08:00:00,1.682
2016-02-09 09:00:00,1.7052
2016-02-09 10:00:00,1.9256
2016-02-09 11:00:00,0.8468
2016-02-09 12:00:00,0.4988
2016-02-09 13:00:00,0.9396
2016-02-09 14:00:00,0.9976
2016-02-09 15:00:00,1.1716
2016-02-09 16:00:00,1.4268
2016-02-09 17:00:00,2.0648
2016-02-09 18:00:00,3.0624
2016-02-09 19:00:00,2.5984
2016-02-09 20:00:00,3.2132
2016-02-09 21:00:00,2.7144
2016-02-09 22:00:00,2.5056
2016-02-09 23:00:00,3.074
2016-02-10 00:00:00,1.9372
2016-02-10 01:00:00,1.798
2016-02-10 02:00:00,1.8792
2016-02-10 03:00:00,1.4036
2016-02-10 04:00:00,1.334
2016-02-10 05:00:00,0.9976
2016-02-10 06:00:00,0.9628
2016-02-10 07:00:00,1.4964
2016-02-10 08:00:00,2.8884
2016-02-10 09:00:00,1.7052
2016-02-10 10:00:00,0.4872
2016-02-10 11:00:00,0.464
2016-02-10 12:00:00,1.276
2016-02-10 13:00:00,1.45
2016-02-10 14:00:00,1.7864
2016-02-10 15:00:00,0.464
2016-02-10 16:00:00,0.4872
2016-02-10 17:00:00,0.9628
2016-02-10 18:00:00,0.986
2016-02-10 19:00:00,0.7308
2016-02-10 20:00:00,1.2528
2016-02-10 21:00:00,1.9488
2016-02-10 22:00:00,1.4964
2016-02-10 23:00:00,1.3456
2016-02-11 00:00:00,1.5196
2016-02-11 01:00:00,1.3804
2016-02-11 02:00:00,0.4872
2016-02-11 03:00:00,0.3944
2016-02-11 04:00:00,0.3016
2016-02-11 05:00:00,0.3132
2016-02-11 06:00:00,0.7888
2016-02-11 07:00:00,1.1252
2016-02-11 08:00:00,1.8676
2016-02-11 09:00:00,1.2412
2016-02-11 10:00:00,0.5916
2016-02-11 11:00:00,0.5568
2016-02-11 12:00:00,0.6032
2016-02-11 13:00:00,0.754
2016-02-11 14:00:00,0.5568
2016-02-11 15:00:00,0.4872
2016-02-11 16:00:00,1.1716
2016-02-11 17:00:00,1.1368
2016-02-11 18:00:00,0.9744
2016-02-11 19:00:00,1.0788
2016-02-11 20:00:00,0.8932
2016-02-11 21:00:00,0.812
2016-02-11 22:00:00,0.812
2016-02-11 23:00:00,0.754
2016-02-12 00:00:00,0.812
2016-02-12 01:00:00,0.7656
2016-02-12 02:00:00,0.7424
2016-02-12 03:00:00,0.9628
2016-02-12 04:00:00,1.1484
2016-02-12 05:00:00,1.044
2016-02-12 06:00:00,0.8584
2016-02-12 07:00:00,1.1832
2016-02-12 08:00:00,1.508
2016-02-12 09:00:00,1.6472
2016-02-12 10:00:00,1.5312
2016-02-12 11:00:00,0.9164
2016-02-12 12:00:00,1.2992
2016-02-12 13:00:00,1.218
2016-02-12 14:00:00,0.986
2016-02-12 15:00:00,0.986
2016-02-12 16:00:00,1.2296
2016-02-12 17:00:00,1.276
2016-02-12 18:00:00,1.044
2016-02-12 19:00:00,1.2064
2016-02-12 20:00:00,1.74
2016-02-12 21:00:00,1.3804
2016-02-12 22:00:00,1.5428
2016-02-12 23:00:00,1.8792
2016-02-13 00:00:00,2.1576
2016-02-13 01:00:00,1.856
2016-02-13 02:00:00,1.5544
2016-02-13 03:00:00,1.1136
2016-02-13 04:00:00,0.9512
2016-02-13 05:00:00,0.986
2016-02-13 06:00:00,1.0904
2016-02-13 07:00:00,1.1484
2016-02-13 08:00:00,1.3688
2016-02-13 09:00:00,1.2412
2016-02-13 10:00:00,1.276
2016-02-13 11:00:00,1.1484
2016-02-13 12:00:00,1.3108
2016-02-13 13:00:00,1.4152
2016-02-13 14:00:00,1.856
2016-02-13 15:00:00,1.7052
2016-02-13 16:00:00,1.8444
2016-02-13 17:00:00,2.7028
2016-02-13 18:00:00,2.7028
2016-02-13 19:00:00,3.2132
2016-02-13 20:00:00,3.3988
2016-02-13 21:00:00,3.77
2016-02-13 22:00:00,4.3964
2016-02-13 23:00:00,4.9068
2016-02-14 00:00:00,3.0276
2016-02-14 01:00:00,2.7376
2016-02-14 02:00:00,2.2736
2016-02-14 03:00:00,2.0996
2016-02-14 04:00:00,2.0648
2016-02-14 05:00:00,1.5312
2016-02-14 06:00:00,1.4268
2016-02-14 07:00:00,1.6588
2016-02-14 08:00:00,1.508
2016-02-14 09:00:00,1.392
2016-02-14 10:00:00,1.0672
2016-02-14 11:00:00,1.0904
2016-02-14 12:00:00,1.0672
2016-02-14 13:00:00,1.2876
2016-02-14 14:00:00,1.2296
2016-02-14 15:00:00,1.1484
2016-02-14 16:00:00,1.0904
2016-02-14 17:00:00,1.2412
2016-02-14 18:00:00,3.48
2016-02-14 19:00:00,5.3128
2016-02-14 20:00:00,2.842
2016-02-14 21:00:00,2.2504
2016-02-14 22:00:00,2.4012
2016-02-14 23:00:00,1.9372
2016-02-15 00:00:00,1.798
2016-02-15 01:00:00,2.5056
2016-02-15 02:00:00,1.2412
2016-02-15 03:00:00,0.928
2016-02-15 04:00:00,0.6496
2016-02-15 05:00:00,0.6612
2016-02-15 06:00:00,0.6496
2016-02-15 07:00:00,0.986
2016-02-15 08:00:00,2.1344
2016-02-15 09:00:00,2.378
2016-02-15 10:00:00,1.2064
2016-02-15 11:00:00,0.5568
2016-02-15 12:00:00,0.5568
2016-02-15 13:00:00,0.5684
2016-02-15 14:00:00,0.4872
2016-02-15 15:00:00,1.2992
2016-02-15 16:00:00,1.6124
2016-02-15 17:00:00,1.798
2016-02-15 18:00:00,0.928
2016-02-15 19:00:00,0.7656
2016-02-15 20:00:00,1.2528
2016-02-15 21:00:00,1.0208
2016-02-15 22:00:00,0.7888
2016-02-15 23:00:00,1.3108
2016-02-16 00:00:00,0.7888
2016-02-16 01:00:00,1.0556
2016-02-16 02:00:00,0.986
2016-02-16 03:00:00,0.7192
2016-02-16 04:00:00,0.5568
2016-02-16 05:00:00,0.4988
2016-02-16 06:00:00,0.8004
2016-02-16 07:00:00,1.2992
2016-02-16 08:00:00,1.8676
2016-02-16 09:00:00,1.218
2016-02-16 10:00:00,1.392
2016-02-16 11:00:00,1.0556
2016-02-16 12:00:00,0.9164
2016-02-16 13:00:00,0.6496
2016-02-16 14:00:00,0.58
2016-02-16 15:00:00,0.6032
2016-02-16 16:00:00,0.5916
2016-02-16 17:00:00,0.5452
2016-02-16 18:00:00,0.4408
2016-02-16 19:00:00,0.7888
2016-02-16 20:00:00,1.7284
2016-02-16 21:00:00,1.8676
2016-02-16 22:00:00,1.9604
2016-02-16 23:00:00,1.5428
2016-02-17 00:00:00,1.8908
2016-02-17 01:00:00,1.0324
2016-02-17 02:00:00,1.0556
2016-02-17 03:00:00,0.8004
2016-02-17 04:00:00,0.5336
2016-02-17 05:00:00,0.4524
2016-02-17 06:00:00,0.4756
2016-02-17 07:00:00,0.8468
2016-02-17 08:00:00,1.4848
2016-02-17 09:00:00,1.4616
2016-02-17 10:00:00,1.508
2016-02-17 11:00:00,1.16
2016-02-17 12:00:00,0.5916
2016-02-17 13:00:00,0.522
2016-02-17 14:00:00,0.5104
2016-02-17 15:00:00,0.8816
2016-02-17 16:00:00,0.7656
2016-02-17 17:00:00,2.4708
2016-02-17 18:00:00,1.856
2016-02-17 19:00:00,2.6912
2016-02-17 20:00:00,1.8908
2016-02-17 21:00:00,2.262
2016-02-17 22:00:00,2.494
2016-02-17 23:00:00,2.1576
2016-02-18 00:00:00,1.6472
2016-02-18 01:00:00,1.16
2016-02-18 02:00:00,1.0556
2016-02-18 03:00:00,0.754
2016-02-18 04:00:00,0.58
2016-02-18 05:00:00,0.4872
2016-02-18 06:00:00,0.5568
2016-02-18 07:00:00,0.7076
2016-02-18 08:00:00,1.4964
2016-02-18 09:00:00,1.2296
2016-02-18 10:00:00,1.4268
2016-02-18 11:00:00,1.5659999999999998
2016-02-18 12:00:00,1.16
2016-02-18 13:00:00,1.102
2016-02-18 14:00:00,1.2992
2016-02-18 15:00:00,1.102
2016-02-18 16:00:00,0.8236
2016-02-18 17:00:00,0.9744
2016-02-18 18:00:00,1.972
2016-02-18 19:00:00,1.914
2016-02-18 20:00:00,1.8328
2016-02-18 21:00:00,2.1344
2016-02-18 22:00:00,1.5776
2016-02-18 23:00:00,2.0996
2016-02-19 00:00:00,1.8908
2016-02-19 01:00:00,1.798
2016-02-19 02:00:00,1.8328
2016-02-19 03:00:00,1.6472
2016-02-19 04:00:00,1.5659999999999998
2016-02-19 05:00:00,1.4268
2016-02-19 06:00:00,1.16
2016-02-19 07:00:00,1.1948
2016-02-19 08:00:00,0.8468
2016-02-19 09:00:00,0.8584
2016-02-19 10:00:00,0.9164
2016-02-19 11:00:00,0.9976
2016-02-19 12:00:00,1.0904
2016-02-19 13:00:00,0.6148
2016-02-19 14:00:00,0.7888
2016-02-19 15:00:00,0.6728
2016-02-19 16:00:00,0.754
2016-02-19 17:00:00,1.334
2016-02-19 18:00:00,1.8908
2016-02-19 19:00:00,1.9256
2016-02-19 20:00:00,1.3688
2016-02-19 21:00:00,1.1948
2016-02-19 22:00:00,2.1576
2016-02-19 23:00:00,2.5636
2016-02-20 00:00:00,2.1576
2016-02-20 01:00:00,2.088
2016-02-20 02:00:00,0.9744
2016-02-20 03:00:00,1.0092
2016-02-20 04:00:00,0.7192
2016-02-20 05:00:00,0.4988
2016-02-20 06:00:00,0.5104
2016-02-20 07:00:00,0.7192
2016-02-20 08:00:00,0.6264
2016-02-20 09:00:00,0.8468
2016-02-20 10:00:00,0.7656
2016-02-20 11:00:00,0.7656
2016-02-20 12:00:00,1.044
2016-02-20 13:00:00,0.9512
2016-02-20 14:00:00,0.9396
2016-02-20 15:00:00,1.044
2016-02-20 16:00:00,0.9744
2016-02-20 17:00:00,0.9164
2016-02-20 18:00:00,0.8004
2016-02-20 19:00:00,0.6844
2016-02-20 20:00:00,0.9628
2016-02-20 21:00:00,1.1136
2016-02-20 22:00:00,1.2296
2016-02-20 23:00:00,1.0556
2016-02-21 00:00:00,0.8816
2016-02-21 01:00:00,0.87
2016-02-21 02:00:00,1.0672
2016-02-21 03:00:00,1.1948
2016-02-21 04:00:00,0.8352
2016-02-21 05:00:00,0.7772
2016-02-21 06:00:00,0.8584
2016-02-21 07:00:00,1.1252
2016-02-21 08:00:00,1.0556
2016-02-21 09:00:00,0.8816
2016-02-21 10:00:00,0.812
2016-02-21 11:00:00,0.9628
2016-02-21 12:00:00,0.7772
2016-02-21 13:00:00,0.6844
2016-02-21 14:00:00,0.6264
2016-02-21 15:00:00,0.58
2016-02-21 16:00:00,0.5684
2016-02-21 17:00:00,0.6844
2016-02-21 18:00:00,1.508
2016-02-21 19:00:00,2.1228
2016-02-21 20:00:00,3.016
2016-02-21 21:00:00,3.6308
2016-02-21 22:00:00,3.016
2016-02-21 23:00:00,2.1924
2016-02-22 00:00:00,2.3548
2016-02-22 01:00:00,2.0068
2016-02-22 02:00:00,2.5868
2016-02-22 03:00:00,2.0068
2016-02-22 04:00:00,1.5312
2016-02-22 05:00:00,1.624
2016-02-22 06:00:00,1.682
2016-02-22 07:00:00,1.5544
2016-02-22 08:00:00,1.798
2016-02-22 09:00:00,1.7284
2016-02-22 10:00:00,1.6008
2016-02-22 11:00:00,1.4848
2016-02-22 12:00:00,1.1368
2016-02-22 13:00:00,0.9164
2016-02-22 14:00:00,1.2644
2016-02-22 15:00:00,1.0672
2016-02-22 16:00:00,0.928
2016-02-22 17:00:00,1.6936
2016-02-22 18:00:00,2.2388
2016-02-22 19:00:00,4.4196
2016-02-22 20:00:00,2.8072
2016-02-22 21:00:00,3.3988
2016-02-22 22:00:00,3.1552
2016-02-22 23:00:00,3.6076
2016-02-23 00:00:00,2.7608
2016-02-23 01:00:00,2.9812
2016-02-23 02:00:00,1.74
2016-02-23 03:00:00,1.2528
2016-02-23 04:00:00,1.1832
2016-02-23 05:00:00,1.5659999999999998
2016-02-23 06:00:00,2.146
2016-02-23 07:00:00,1.4964
2016-02-23 08:00:00,1.6124
2016-02-23 09:00:00,1.218
2016-02-23 10:00:00,1.2528
2016-02-23 11:00:00,1.2644
2016-02-23 12:00:00,1.0672
2016-02-23 13:00:00,0.8236
2016-02-23 14:00:00,0.7076
2016-02-23 15:00:00,0.8352
2016-02-23 16:00:00,0.9396
2016-02-23 17:00:00,2.0996
2016-02-23 18:00:00,2.9812
2016-02-23 19:00:00,3.2016
2016-02-23 20:00:00,3.1204
2016-02-23 21:00:00,2.552
2016-02-23 22:00:00,2.6216
2016-02-23 23:00:00,3.2364
2016-02-24 00:00:00,3.6308
2016-02-24 01:00:00,2.9
2016-02-24 02:00:00,1.8676
2016-02-24 03:00:00,1.5659999999999998
2016-02-24 04:00:00,0.986
2016-02-24 05:00:00,0.87
2016-02-24 06:00:00,0.928
2016-02-24 07:00:00,1.45
2016-02-24 08:00:00,1.5312
2016-02-24 09:00:00,1.7748
2016-02-24 10:00:00,1.3456
2016-02-24 11:00:00,0.812
2016-02-24 12:00:00,0.8352
2016-02-24 13:00:00,1.044
2016-02-24 14:00:00,1.1136
2016-02-24 15:00:00,1.1716
2016-02-24 16:00:00,1.16
2016-02-24 17:00:00,1.508
2016-02-24 18:00:00,1.044
2016-02-24 19:00:00,0.9164
2016-02-24 20:00:00,0.7656
2016-02-24 21:00:00,0.8004
2016-02-24 22:00:00,0.7424
2016-02-24 23:00:00,1.6704
2016-02-25 00:00:00,1.2412
2016-02-25 01:00:00,0.6032
2016-02-25 02:00:00,0.58
2016-02-25 03:00:00,0.522
2016-02-25 04:00:00,0.4756
2016-02-25 05:00:00,0.4756
2016-02-25 06:00:00,0.522
2016-02-25 07:00:00,0.6612
2016-02-25 08:00:00,0.8004
2016-02-25 09:00:00,0.754
2016-02-25 10:00:00,0.928
2016-02-25 11:00:00,0.9628
2016-02-25 12:00:00,0.8004
2016-02-25 13:00:00,0.8004
2016-02-25 14:00:00,0.6612
2016-02-25 15:00:00,0.5104
2016-02-25 16:00:00,0.5104
2016-02-25 17:00:00,0.6496
2016-02-25 18:00:00,1.2296
2016-02-25 19:00:00,1.1136
2016-02-25 20:00:00,1.3224
2016-02-25 21:00:00,1.218
2016-02-25 22:00:00,1.7748
2016-02-25 23:00:00,1.2644
2016-02-26 00:00:00,1.3572
2016-02-26 01:00:00,0.9744
2016-02-26 02:00:00,0.4988
2016-02-26 03:00:00,0.3364
2016-02-26 04:00:00,0.2552
2016-02-26 05:00:00,0.2552
2016-02-26 06:00:00,0.2784
2016-02-26 07:00:00,0.3596
2016-02-26 08:00:00,0.7308
2016-02-26 09:00:00,1.0672
2016-02-26 10:00:00,0.928
2016-02-26 11:00:00,0.7888
2016-02-26 12:00:00,1.1136
2016-02-26 13:00:00,0.8816
2016-02-26 14:00:00,1.1716
2016-02-26 15:00:00,1.3224
2016-02-26 16:00:00,1.044
2016-02-26 17:00:00,1.3108
2016-02-26 18:00:00,1.1948
2016-02-26 19:00:00,0.7656
2016-02-26 20:00:00,0.6612
2016-02-26 21:00:00,0.5568
2016-02-26 22:00:00,0.87
2016-02-26 23:00:00,0.986
2016-02-27 00:00:00,0.812
2016-02-27 01:00:00,0.8004
2016-02-27 02:00:00,0.6264
2016-02-27 03:00:00,0.4756
2016-02-27 04:00:00,0.348
2016-02-27 05:00:00,0.2204
2016-02-27 06:00:00,0.232
2016-02-27 07:00:00,0.2784
2016-02-27 08:00:00,0.4756
2016-02-27 09:00:00,0.4408
2016-02-27 10:00:00,0.754
2016-02-27 11:00:00,0.7424
2016-02-27 12:00:00,0.6612
2016-02-27 13:00:00,0.58
2016-02-27 14:00:00,0.6264
2016-02-27 15:00:00,0.4524
2016-02-27 16:00:00,0.4176
2016-02-27 17:00:00,0.4524
2016-02-27 18:00:00,0.8584
2016-02-27 19:00:00,2.0416
2016-02-27 20:00:00,2.03
2016-02-27 21:00:00,0.9164
2016-02-27 22:00:00,1.16
2016-02-27 23:00:00,1.102
2016-02-28 00:00:00,1.0672
2016-02-28 01:00:00,1.4616
2016-02-28 02:00:00,1.1948
2016-02-28 03:00:00,0.7424
2016-02-28 04:00:00,0.6844
2016-02-28 05:00:00,0.4756
2016-02-28 06:00:00,0.3944
2016-02-28 07:00:00,0.522
2016-02-28 08:00:00,0.5104
2016-02-28 09:00:00,0.696
2016-02-28 10:00:00,0.7772
2016-02-28 11:00:00,0.7076
2016-02-28 12:00:00,0.4524
2016-02-28 13:00:00,0.4408
2016-02-28 14:00:00,0.3944
2016-02-28 15:00:00,0.3712
2016-02-28 16:00:00,0.3944
2016-02-28 17:00:00,0.4176
2016-02-28 18:00:00,0.4292
2016-02-28 19:00:00,0.4292
2016-02-28 20:00:00,0.4524
2016-02-28 21:00:00,0.8004
2016-02-28 22:00:00,0.6264
2016-02-28 23:00:00,0.5104
2016-02-29 00:00:00,0.3828
2016-02-29 01:00:00,0.232
2016-02-29 02:00:00,0.1972
2016-02-29 03:00:00,0.1508
2016-02-29 04:00:00,0.1276
2016-02-29 05:00:00,0.1044
2016-02-29 06:00:00,0.1392
2016-02-29 07:00:00,0.406
2016-02-29 08:00:00,0.4292
2016-02-29 09:00:00,0.3596
2016-02-29 10:00:00,0.3828
2016-02-29 11:00:00,0.4408
2016-02-29 12:00:00,0.522
2016-02-29 13:00:00,0.4756
2016-02-29 14:00:00,0.5684
2016-02-29 15:00:00,0.5336
2016-02-29 16:00:00,0.464
2016-02-29 17:00:00,0.464
2016-02-29 18:00:00,0.3944
2016-02-29 19:00:00,0.3828
2016-02-29 20:00:00,0.3712
2016-02-29 21:00:00,0.3712
2016-02-29 22:00:00,0.3828
2016-02-29 23:00:00,0.3364
2016-03-01 00:00:00,0.4756
2016-03-01 01:00:00,0.1508
2016-03-01 02:00:00,0.29
2016-03-01 03:00:00,0.1508
2016-03-01 04:00:00,0.35283333333333333
2016-03-01 05:00:00,0.3435694444444444
2016-03-01 06:00:00,0.3335335648148148
2016-03-01 07:00:00,0.0348
2016-03-01 08:00:00,0.5684
2016-03-01 09:00:00,0.3016
2016-03-01 10:00:00,0.2204
2016-03-01 11:00:00,0.174
2016-03-01 12:00:00,0.2436
2016-03-01 13:00:00,0.2204
2016-03-01 14:00:00,0.1624
2016-03-01 15:00:00,0.1508
2016-03-01 16:00:00,0.3016
2016-03-01 17:00:00,1.1832
2016-03-01 18:00:00,1.3224
2016-03-01 19:00:00,0.986
2016-03-01 20:00:00,1.2528
2016-03-01 21:00:00,0.9628
2016-03-01 22:00:00,0.7656
2016-03-01 23:00:00,1.0788
2016-03-02 00:00:00,1.3108
2016-03-02 01:00:00,1.3456
2016-03-02 02:00:00,0.87
2016-03-02 03:00:00,0.638
2016-03-02 04:00:00,0.5568
2016-03-02 05:00:00,0.3248
2016-03-02 06:00:00,0.4292
2016-03-02 07:00:00,0.6496
2016-03-02 08:00:00,0.6264
2016-03-02 09:00:00,0.8352
2016-03-02 10:00:00,0.4756
2016-03-02 11:00:00,0.6032
2016-03-02 12:00:00,0.5916
2016-03-02 13:00:00,0.4872
2016-03-02 14:00:00,0.58
2016-03-02 15:00:00,0.4408
2016-03-02 16:00:00,0.7888
2016-03-02 17:00:00,1.1948
2016-03-02 18:00:00,1.3108
2016-03-02 19:00:00,1.4268
2016-03-02 20:00:00,1.334
2016-03-02 21:00:00,1.9952
2016-03-02 22:00:00,1.2644
2016-03-02 23:00:00,0.8004
2016-03-03 00:00:00,0.8004
2016-03-03 01:00:00,0.8004
2016-03-03 02:00:00,0.6728
2016-03-03 03:00:00,0.4524
2016-03-03 04:00:00,0.3364
2016-03-03 05:00:00,0.3132
2016-03-03 06:00:00,0.348
2016-03-03 07:00:00,0.3944
2016-03-03 08:00:00,0.7424
2016-03-03 09:00:00,0.8584
2016-03-03 10:00:00,0.6612
2016-03-03 11:00:00,0.5336
2016-03-03 12:00:00,0.7192
2016-03-03 13:00:00,0.9396
2016-03-03 14:00:00,0.7424
2016-03-03 15:00:00,0.6728
2016-03-03 16:00:00,0.9164
2016-03-03 17:00:00,0.8584
2016-03-03 18:00:00,0.638
2016-03-03 19:00:00,1.0092
2016-03-03 20:00:00,0.7076
2016-03-03 21:00:00,0.638
2016-03-03 22:00:00,1.1252
2016-03-03 23:00:00,1.0092
2016-03-04 00:00:00,0.7424
2016-03-04 01:00:00,0.464
2016-03-04 02:00:00,0.5568
2016-03-04 03:00:00,0.3712
2016-03-04 04:00:00,0.1972
2016-03-04 05:00:00,0.2668
2016-03-04 06:00:00,0.3364
2016-03-04 07:00:00,0.5104
2016-03-04 08:00:00,0.7076
2016-03-04 09:00:00,0.5916
2016-03-04 10:00:00,0.7656
2016-03-04 11:00:00,0.8816
2016-03-04 12:00:00,1.102
2016-03-04 13:00:00,0.7192
2016-03-04 14:00:00,0.4872
2016-03-04 15:00:00,0.7192
2016-03-04 16:00:00,0.928
2016-03-04 17:00:00,0.754
2016-03-04 18:00:00,0.6496
2016-03-04 19:00:00,0.7076
2016-03-04 20:00:00,0.7656
2016-03-04 21:00:00,0.696
2016-03-04 22:00:00,0.696
2016-03-04 23:00:00,0.7424
2016-03-05 00:00:00,0.812
2016-03-05 01:00:00,0.464
2016-03-05 02:00:00,0.3132
2016-03-05 03:00:00,0.4756
2016-03-05 04:00:00,0.3016
2016-03-05 05:00:00,0.3132
2016-03-05 06:00:00,0.3132
2016-03-05 07:00:00,0.3712
2016-03-05 08:00:00,0.5916
2016-03-05 09:00:00,0.3944
2016-03-05 10:00:00,0.4988
2016-03-05 11:00:00,0.58
2016-03-05 12:00:00,0.6032
2016-03-05 13:00:00,0.6148
2016-03-05 14:00:00,0.5568
2016-03-05 15:00:00,0.4524
2016-03-05 16:00:00,0.4292
2016-03-05 17:00:00,0.4524
2016-03-05 18:00:00,0.9976
2016-03-05 19:00:00,1.4964
2016-03-05 20:00:00,1.2296
2016-03-05 21:00:00,1.4616
2016-03-05 22:00:00,1.7052
2016-03-05 23:00:00,1.7516
2016-03-06 00:00:00,1.334
2016-03-06 01:00:00,1.1252
2016-03-06 02:00:00,0.9048
2016-03-06 03:00:00,0.9048
2016-03-06 04:00:00,0.6844
2016-03-06 05:00:00,0.3596
2016-03-06 06:00:00,0.4408
2016-03-06 07:00:00,0.3712
2016-03-06 08:00:00,0.3828
2016-03-06 09:00:00,0.522
2016-03-06 10:00:00,0.6844
2016-03-06 11:00:00,0.7192
2016-03-06 12:00:00,0.8352
2016-03-06 13:00:00,0.464
2016-03-06 14:00:00,0.3944
2016-03-06 15:00:00,0.3712
2016-03-06 16:00:00,0.348
2016-03-06 17:00:00,0.3712
2016-03-06 18:00:00,0.4408
2016-03-06 19:00:00,0.4176
2016-03-06 20:00:00,0.4292
2016-03-06 21:00:00,0.3828
2016-03-06 22:00:00,0.348
2016-03-06 23:00:00,0.3132
2016-03-07 00:00:00,0.348
2016-03-07 01:00:00,0.3248
2016-03-07 02:00:00,0.2088
2016-03-07 03:00:00,0.1392
2016-03-07 04:00:00,0.3393
2016-03-07 05:00:00,0.33857500000000007
2016-03-07 06:00:00,0.058
2016-03-07 07:00:00,0.232
2016-03-07 08:00:00,0.3712
2016-03-07 09:00:00,0.3712
2016-03-07 10:00:00,0.1624
2016-03-07 11:00:00,0.0464
2016-03-07 12:00:00,0.058
2016-03-07 13:00:00,0.0928
2016-03-07 14:00:00,0.3248
2016-03-07 15:00:00,0.4524
2016-03-07 16:00:00,0.58
2016-03-07 17:00:00,1.1484
2016-03-07 18:00:00,1.218
2016-03-07 19:00:00,0.9628
2016-03-07 20:00:00,1.3456
2016-03-07 21:00:00,1.276
2016-03-07 22:00:00,1.5196
2016-03-07 23:00:00,0.928
2016-03-08 00:00:00,0.7424
2016-03-08 01:00:00,0.4872
2016-03-08 02:00:00,0.348
2016-03-08 03:00:00,0.3248
2016-03-08 04:00:00,0.2552
2016-03-08 05:00:00,0.2552
2016-03-08 06:00:00,0.2204
2016-03-08 07:00:00,0.3944
2016-03-08 08:00:00,0.6032
2016-03-08 09:00:00,0.6032
2016-03-08 10:00:00,0.7656
2016-03-08 11:00:00,0.6844
2016-03-08 12:00:00,0.6148
2016-03-08 13:00:00,0.522
2016-03-08 14:00:00,0.29
2016-03-08 15:00:00,0.1856
2016-03-08 16:00:00,0.3248
2016-03-08 17:00:00,0.4176
2016-03-08 18:00:00,1.4384
2016-03-08 19:00:00,1.4384
2016-03-08 20:00:00,1.1832
2016-03-08 21:00:00,1.2876
2016-03-08 22:00:00,0.9512
2016-03-08 23:00:00,0.9628
2016-03-09 00:00:00,0.6612
2016-03-09 01:00:00,0.4988
2016-03-09 02:00:00,0.6032
2016-03-09 03:00:00,0.8236
2016-03-09 04:00:00,0.2668
2016-03-09 05:00:00,0.29
2016-03-09 06:00:00,0.1856
2016-03-09 07:00:00,0.4988
2016-03-09 08:00:00,0.7424
2016-03-09 09:00:00,0.696
2016-03-09 10:00:00,0.8816
2016-03-09 11:00:00,0.9512
2016-03-09 12:00:00,0.7424
2016-03-09 13:00:00,0.4872
2016-03-09 14:00:00,0.638
2016-03-09 15:00:00,0.3828
2016-03-09 16:00:00,0.5916
2016-03-09 17:00:00,0.5568
2016-03-09 18:00:00,0.9628
2016-03-09 19:00:00,0.5104
2016-03-09 20:00:00,0.3132
2016-03-09 21:00:00,0.5916
2016-03-09 22:00:00,0.6148
2016-03-09 23:00:00,0.348
2016-03-10 00:00:00,0.5104
2016-03-10 01:00:00,0.5104
2016-03-10 02:00:00,0.406
2016-03-10 03:00:00,0.2668
2016-03-10 04:00:00,0.116
2016-03-10 05:00:00,0.2204
2016-03-10 06:00:00,0.0812
2016-03-10 07:00:00,0.29
2016-03-10 08:00:00,0.8584
2016-03-10 09:00:00,0.6844
2016-03-10 10:00:00,0.8352
2016-03-10 11:00:00,0.6844
2016-03-10 12:00:00,0.696
2016-03-10 13:00:00,0.9048
2016-03-10 14:00:00,1.1716
2016-03-10 15:00:00,1.276
2016-03-10 16:00:00,1.0324
2016-03-10 17:00:00,1.1136
2016-03-10 18:00:00,0.7424
2016-03-10 19:00:00,0.6728
2016-03-10 20:00:00,0.7192
2016-03-10 21:00:00,0.4408
2016-03-10 22:00:00,0.5336
2016-03-10 23:00:00,0.4988
2016-03-11 00:00:00,0.7192
2016-03-11 01:00:00,0.6032
2016-03-11 02:00:00,0.5916
2016-03-11 03:00:00,0.4176
2016-03-11 04:00:00,0.3132
2016-03-11 05:00:00,0.3132
2016-03-11 06:00:00,0.3248
2016-03-11 07:00:00,0.3828
2016-03-11 08:00:00,0.6844
2016-03-11 09:00:00,0.812
2016-03-11 10:00:00,0.7308
2016-03-11 11:00:00,0.5104
2016-03-11 12:00:00,0.5568
2016-03-11 13:00:00,0.6264
2016-03-11 14:00:00,0.696
2016-03-11 15:00:00,0.9744
2016-03-11 16:00:00,0.8816
2016-03-11 17:00:00,0.7424
2016-03-11 18:00:00,0.8352
2016-03-11 19:00:00,1.044
2016-03-11 20:00:00,1.5776
2016-03-11 21:00:00,1.4384
2016-03-11 22:00:00,1.1832
2016-03-11 23:00:00,1.0324
2016-03-12 00:00:00,0.9628
2016-03-12 01:00:00,0.7308
2016-03-12 02:00:00,0.58
2016-03-12 03:00:00,0.3944
2016-03-12 04:00:00,0.4408
2016-03-12 05:00:00,0.1856
2016-03-12 06:00:00,0.2204
2016-03-12 07:00:00,0.29
2016-03-12 08:00:00,0.3016
2016-03-12 09:00:00,0.522
2016-03-12 10:00:00,0.8004
2016-03-12 11:00:00,0.8236
2016-03-12 12:00:00,0.812
2016-03-12 13:00:00,0.9164
2016-03-12 14:00:00,0.7076
2016-03-12 15:00:00,0.6496
2016-03-12 16:00:00,1.0672
2016-03-12 17:00:00,1.3572
2016-03-12 18:00:00,0.986
2016-03-12 19:00:00,0.812
2016-03-12 20:00:00,1.0208
2016-03-12 21:00:00,0.7656
2016-03-12 22:00:00,0.464
2016-03-12 23:00:00,0.4872
2016-03-13 00:00:00,0.464
2016-03-13 01:00:00,0.6148
2016-03-13 02:00:00,0.6032
2016-03-13 03:00:00,0.6728
2016-03-13 04:00:00,0.3596
2016-03-13 05:00:00,0.464
2016-03-13 06:00:00,0.5684
2016-03-13 07:00:00,0.6264
2016-03-13 08:00:00,0.5452
2016-03-13 09:00:00,0.5916
2016-03-13 10:00:00,0.7888
2016-03-13 11:00:00,0.8352
2016-03-13 12:00:00,1.0208
2016-03-13 13:00:00,0.986
2016-03-13 14:00:00,1.1832
2016-03-13 15:00:00,0.8932
2016-03-13 16:00:00,0.928
2016-03-13 17:00:00,0.9048
2016-03-13 18:00:00,0.986
2016-03-13 19:00:00,1.0208
2016-03-13 20:00:00,1.0556
2016-03-13 21:00:00,1.0208
2016-03-13 22:00:00,1.102
2016-03-13 23:00:00,1.0092
2016-03-14 00:00:00,0.9048
2016-03-14 01:00:00,0.4988
2016-03-14 02:00:00,0.406
2016-03-14 03:00:00,0.2436
2016-03-14 04:00:00,0.1508
2016-03-14 05:00:00,0.1508
2016-03-14 06:00:00,0.1972
2016-03-14 07:00:00,0.5452
2016-03-14 08:00:00,1.218
2016-03-14 09:00:00,1.2992
2016-03-14 10:00:00,1.0092
2016-03-14 11:00:00,1.0092
2016-03-14 12:00:00,0.7656
2016-03-14 13:00:00,0.5452
2016-03-14 14:00:00,0.87
2016-03-14 15:00:00,0.7192
2016-03-14 16:00:00,0.812
2016-03-14 17:00:00,0.9048
2016-03-14 18:00:00,1.2644
2016-03-14 19:00:00,0.928
2016-03-14 20:00:00,0.986
2016-03-14 21:00:00,1.044
2016-03-14 22:00:00,0.8932
2016-03-14 23:00:00,0.7656
2016-03-15 00:00:00,0.7424
2016-03-15 01:00:00,0.4988
2016-03-15 02:00:00,0.638
2016-03-15 03:00:00,0.4408
2016-03-15 04:00:00,0.3016
2016-03-15 05:00:00,0.29
2016-03-15 06:00:00,0.3248
2016-03-15 07:00:00,0.3712
2016-03-15 08:00:00,0.6148
2016-03-15 09:00:00,0.6148
2016-03-15 10:00:00,0.4988
2016-03-15 11:00:00,0.464
2016-03-15 12:00:00,0.5104
2016-03-15 13:00:00,0.6612
2016-03-15 14:00:00,0.5452
2016-03-15 15:00:00,0.5916
2016-03-15 16:00:00,0.5452
2016-03-15 17:00:00,0.7192
2016-03-15 18:00:00,0.6496
2016-03-15 19:00:00,0.6032
2016-03-15 20:00:00,0.5452
2016-03-15 21:00:00,0.5568
2016-03-15 22:00:00,0.522
2016-03-15 23:00:00,0.5336
2016-03-16 00:00:00,0.5104
2016-03-16 01:00:00,0.4756
2016-03-16 02:00:00,0.3828
2016-03-16 03:00:00,0.3016
2016-03-16 04:00:00,0.232
2016-03-16 05:00:00,0.1972
2016-03-16 06:00:00,0.2088
2016-03-16 07:00:00,0.2784
2016-03-16 08:00:00,0.4524
2016-03-16 09:00:00,0.4988
2016-03-16 10:00:00,0.6148
2016-03-16 11:00:00,0.4988
2016-03-16 12:00:00,0.464
2016-03-16 13:00:00,0.3944
2016-03-16 14:00:00,0.406
2016-03-16 15:00:00,0.6612
2016-03-16 16:00:00,0.4524
2016-03-16 17:00:00,0.58
2016-03-16 18:00:00,0.5684
2016-03-16 19:00:00,0.7076
2016-03-16 20:00:00,0.8352
2016-03-16 21:00:00,1.0556
2016-03-16 22:00:00,1.3804
2016-03-16 23:00:00,1.276
2016-03-17 00:00:00,1.4036
2016-03-17 01:00:00,0.9396
2016-03-17 02:00:00,0.5452
2016-03-17 03:00:00,0.2204
2016-03-17 04:00:00,0.174
2016-03-17 05:00:00,0.116
2016-03-17 06:00:00,0.1276
2016-03-17 07:00:00,0.3132
2016-03-17 08:00:00,0.29
2016-03-17 09:00:00,0.2784
2016-03-17 10:00:00,0.2668
2016-03-17 11:00:00,0.3248
2016-03-17 12:00:00,0.4408
2016-03-17 13:00:00,0.4408
2016-03-17 14:00:00,0.6032
2016-03-17 15:00:00,0.4756
2016-03-17 16:00:00,0.464
2016-03-17 17:00:00,0.5568
2016-03-17 18:00:00,0.7772
2016-03-17 19:00:00,0.7656
2016-03-17 20:00:00,1.4848
2016-03-17 21:00:00,1.9488
2016-03-17 22:00:00,0.8236
2016-03-17 23:00:00,0.928
2016-03-18 00:00:00,1.2064
2016-03-18 01:00:00,1.276
2016-03-18 02:00:00,1.0324
2016-03-18 03:00:00,0.812
2016-03-18 04:00:00,0.5684
2016-03-18 05:00:00,0.4408
2016-03-18 06:00:00,0.7888
2016-03-18 07:00:00,0.7888
2016-03-18 08:00:00,1.0672
2016-03-18 09:00:00,1.0904
2016-03-18 10:00:00,0.9048
2016-03-18 11:00:00,0.638
2016-03-18 12:00:00,0.4988
2016-03-18 13:00:00,0.3944
2016-03-18 14:00:00,0.4524
2016-03-18 15:00:00,0.3828
2016-03-18 16:00:00,0.58
2016-03-18 17:00:00,0.5336
2016-03-18 18:00:00,0.6032
2016-03-18 19:00:00,0.87
2016-03-18 20:00:00,0.7076
2016-03-18 21:00:00,0.5336
2016-03-18 22:00:00,1.16
2016-03-18 23:00:00,1.5196
2016-03-19 00:00:00,0.986
2016-03-19 01:00:00,0.7772
2016-03-19 02:00:00,0.522
2016-03-19 03:00:00,0.6844
2016-03-19 04:00:00,0.638
2016-03-19 05:00:00,0.522
2016-03-19 06:00:00,0.696
2016-03-19 07:00:00,0.8004
2016-03-19 08:00:00,0.7656
2016-03-19 09:00:00,0.8584
2016-03-19 10:00:00,0.4524
2016-03-19 11:00:00,0.4524
2016-03-19 12:00:00,0.4408
2016-03-19 13:00:00,0.406
2016-03-19 14:00:00,0.3944
2016-03-19 15:00:00,0.3944
2016-03-19 16:00:00,0.4408
2016-03-19 17:00:00,0.4872
2016-03-19 18:00:00,0.6728
2016-03-19 19:00:00,0.9048
2016-03-19 20:00:00,1.4732
2016-03-19 21:00:00,0.9976
2016-03-19 22:00:00,0.7424
2016-03-19 23:00:00,0.928
2016-03-20 00:00:00,1.16
2016-03-20 01:00:00,0.8816
2016-03-20 02:00:00,1.4036
2016-03-20 03:00:00,1.102
2016-03-20 04:00:00,0.5684
2016-03-20 05:00:00,0.2784
2016-03-20 06:00:00,0.348
2016-03-20 07:00:00,0.29
2016-03-20 08:00:00,0.464
2016-03-20 09:00:00,0.3248
2016-03-20 10:00:00,0.4176
2016-03-20 11:00:00,0.3248
2016-03-20 12:00:00,0.3016
2016-03-20 13:00:00,0.2784
2016-03-20 14:00:00,0.3944
2016-03-20 15:00:00,0.4176
2016-03-20 16:00:00,0.3596
2016-03-20 17:00:00,0.3364
2016-03-20 18:00:00,0.986
2016-03-20 19:00:00,0.9512
2016-03-20 20:00:00,1.508
2016-03-20 21:00:00,1.6356
2016-03-20 22:00:00,1.0788
2016-03-20 23:00:00,1.2412
2016-03-21 00:00:00,1.0788
2016-03-21 01:00:00,1.0904
2016-03-21 02:00:00,0.8584
2016-03-21 03:00:00,0.7308
2016-03-21 04:00:00,0.5104
2016-03-21 05:00:00,0.5452
2016-03-21 06:00:00,0.3712
2016-03-21 07:00:00,0.5916
2016-03-21 08:00:00,0.4176
2016-03-21 09:00:00,0.58
2016-03-21 10:00:00,0.3828
2016-03-21 11:00:00,0.5452
2016-03-21 12:00:00,0.7192
2016-03-21 13:00:00,1.0208
2016-03-21 14:00:00,0.5104
2016-03-21 15:00:00,0.6264
2016-03-21 16:00:00,0.6264
2016-03-21 17:00:00,1.5312
2016-03-21 18:00:00,1.218
2016-03-21 19:00:00,1.1368
2016-03-21 20:00:00,1.5892
2016-03-21 21:00:00,1.2876
2016-03-21 22:00:00,1.6472
2016-03-21 23:00:00,2.2272
2016-03-22 00:00:00,1.74
2016-03-22 01:00:00,1.5428
2016-03-22 02:00:00,0.986
2016-03-22 03:00:00,0.7656
2016-03-22 04:00:00,0.4176
2016-03-22 05:00:00,0.3712
2016-03-22 06:00:00,0.3944
2016-03-22 07:00:00,0.5684
2016-03-22 08:00:00,0.6496
2016-03-22 09:00:00,0.8816
2016-03-22 10:00:00,0.406
2016-03-22 11:00:00,0.3944
2016-03-22 12:00:00,0.4988
2016-03-22 13:00:00,0.4292
2016-03-22 14:00:00,0.464
2016-03-22 15:00:00,0.406
2016-03-22 16:00:00,0.4408
2016-03-22 17:00:00,0.4408
2016-03-22 18:00:00,0.7656
2016-03-22 19:00:00,0.8816
2016-03-22 20:00:00,0.812
2016-03-22 21:00:00,0.696
2016-03-22 22:00:00,0.4176
2016-03-22 23:00:00,0.3944
2016-03-23 00:00:00,0.4872
2016-03-23 01:00:00,0.5568
2016-03-23 02:00:00,0.2668
2016-03-23 03:00:00,0.1276
2016-03-23 04:00:00,0.116
2016-03-23 05:00:00,0.116
2016-03-23 06:00:00,0.116
2016-03-23 07:00:00,0.2436
2016-03-23 08:00:00,0.5684
2016-03-23 09:00:00,0.5336
2016-03-23 10:00:00,0.6496
2016-03-23 11:00:00,0.8932
2016-03-23 12:00:00,0.9628
2016-03-23 13:00:00,1.1948
2016-03-23 14:00:00,1.0556
2016-03-23 15:00:00,1.3688
2016-03-23 16:00:00,1.3572
2016-03-23 17:00:00,1.4848
2016-03-23 18:00:00,1.218
2016-03-23 19:00:00,1.392
2016-03-23 20:00:00,1.0324
2016-03-23 21:00:00,0.8236
2016-03-23 22:00:00,0.638
2016-03-23 23:00:00,0.8352
2016-03-24 00:00:00,0.6728
2016-03-24 01:00:00,0.58
2016-03-24 02:00:00,0.3248
2016-03-24 03:00:00,0.1856
2016-03-24 04:00:00,0.1392
2016-03-24 05:00:00,0.1276
2016-03-24 06:00:00,0.1624
2016-03-24 07:00:00,0.4988
2016-03-24 08:00:00,0.6148
2016-03-24 09:00:00,0.6148
2016-03-24 10:00:00,0.4988
2016-03-24 11:00:00,0.522
2016-03-24 12:00:00,0.5684
2016-03-24 13:00:00,0.6032
2016-03-24 14:00:00,0.522
2016-03-24 15:00:00,0.5916
2016-03-24 16:00:00,0.5452
2016-03-24 17:00:00,0.6496
2016-03-24 18:00:00,0.87
2016-03-24 19:00:00,0.522
2016-03-24 20:00:00,0.5684
2016-03-24 21:00:00,0.7424
2016-03-24 22:00:00,0.6728
2016-03-24 23:00:00,0.6148
2016-03-25 00:00:00,0.522
2016-03-25 01:00:00,0.3944
2016-03-25 02:00:00,0.232
2016-03-25 03:00:00,0.1392
2016-03-25 04:00:00,0.116
2016-03-25 05:00:00,0.0812
2016-03-25 06:00:00,0.1044
2016-03-25 07:00:00,0.7192
2016-03-25 08:00:00,0.4756
2016-03-25 09:00:00,0.3132
2016-03-25 10:00:00,0.348
2016-03-25 11:00:00,0.4176
2016-03-25 12:00:00,0.464
2016-03-25 13:00:00,0.4176
2016-03-25 14:00:00,0.4408
2016-03-25 15:00:00,0.5104
2016-03-25 16:00:00,0.5684
2016-03-25 17:00:00,0.6264
2016-03-25 18:00:00,0.6612
2016-03-25 19:00:00,0.8352
2016-03-25 20:00:00,0.7308
2016-03-25 21:00:00,0.5568
2016-03-25 22:00:00,0.9628
2016-03-25 23:00:00,0.9976
2016-03-26 00:00:00,0.986
2016-03-26 01:00:00,0.8236
2016-03-26 02:00:00,0.6032
2016-03-26 03:00:00,0.5104
2016-03-26 04:00:00,0.4756
2016-03-26 05:00:00,0.5336
2016-03-26 06:00:00,0.6844
2016-03-26 07:00:00,0.7888
2016-03-26 08:00:00,0.7772
2016-03-26 09:00:00,0.6728
2016-03-26 10:00:00,0.7772
2016-03-26 11:00:00,0.6148
2016-03-26 12:00:00,0.522
2016-03-26 13:00:00,0.5452
2016-03-26 14:00:00,0.5916
2016-03-26 15:00:00,0.5104
2016-03-26 16:00:00,0.464
2016-03-26 17:00:00,0.4756
2016-03-26 18:00:00,0.6148
2016-03-26 19:00:00,0.9396
2016-03-26 20:00:00,0.8236
2016-03-26 21:00:00,0.5104
2016-03-26 22:00:00,0.5336
2016-03-26 23:00:00,0.6728
2016-03-27 00:00:00,0.7656
2016-03-27 01:00:00,0.4872
2016-03-27 02:00:00,0.3828
2016-03-27 03:00:00,0.3364
2016-03-27 04:00:00,0.3132
2016-03-27 05:00:00,0.2552
2016-03-27 06:00:00,0.3248
2016-03-27 07:00:00,0.2436
2016-03-27 08:00:00,0.1508
2016-03-27 09:00:00,0.2552
2016-03-27 10:00:00,0.3712
2016-03-27 11:00:00,0.4524
2016-03-27 12:00:00,0.464
2016-03-27 13:00:00,0.5336
2016-03-27 14:00:00,0.4292
2016-03-27 15:00:00,0.4988
2016-03-27 16:00:00,0.4292
2016-03-27 17:00:00,0.6032
2016-03-27 18:00:00,0.8584
2016-03-27 19:00:00,1.0788
2016-03-27 20:00:00,1.2992
2016-03-27 21:00:00,0.9512
2016-03-27 22:00:00,1.392
2016-03-27 23:00:00,1.0672
2016-03-28 00:00:00,0.6148
2016-03-28 01:00:00,0.4872
2016-03-28 02:00:00,0.4176
2016-03-28 03:00:00,0.3364
2016-03-28 04:00:00,0.5684
2016-03-28 05:00:00,0.5916
2016-03-28 06:00:00,0.812
2016-03-28 07:00:00,1.044
2016-03-28 08:00:00,1.0324
2016-03-28 09:00:00,0.5916
2016-03-28 10:00:00,0.4408
2016-03-28 11:00:00,0.464
2016-03-28 12:00:00,0.7772
2016-03-28 13:00:00,0.5916
2016-03-28 14:00:00,0.6264
2016-03-28 15:00:00,0.5452
2016-03-28 16:00:00,0.6264
2016-03-28 17:00:00,0.5104
2016-03-28 18:00:00,0.6264
2016-03-28 19:00:00,0.8236
2016-03-28 20:00:00,1.102
2016-03-28 21:00:00,0.9628
2016-03-28 22:00:00,1.45
2016-03-28 23:00:00,0.7076
2016-03-29 00:00:00,0.464
2016-03-29 01:00:00,0.3596
2016-03-29 02:00:00,0.4408
2016-03-29 03:00:00,0.4756
2016-03-29 04:00:00,0.348
2016-03-29 05:00:00,0.3364
2016-03-29 06:00:00,0.4408
2016-03-29 07:00:00,0.6264
2016-03-29 08:00:00,0.638
2016-03-29 09:00:00,0.3828
2016-03-29 10:00:00,0.3828
2016-03-29 11:00:00,0.5452
2016-03-29 12:00:00,0.4756
2016-03-29 13:00:00,0.4408
2016-03-29 14:00:00,0.5684
2016-03-29 15:00:00,0.4524
2016-03-29 16:00:00,0.6264
2016-03-29 17:00:00,0.6148
2016-03-29 18:00:00,0.9744
2016-03-29 19:00:00,1.6588
2016-03-29 20:00:00,1.9952
2016-03-29 21:00:00,1.5428
2016-03-29 22:00:00,1.4384
2016-03-29 23:00:00,0.87
2016-03-30 00:00:00,0.9396
2016-03-30 01:00:00,0.9628
2016-03-30 02:00:00,0.58
2016-03-30 03:00:00,0.3248
2016-03-30 04:00:00,0.3596
2016-03-30 05:00:00,0.4756
2016-03-30 06:00:00,0.87
2016-03-30 07:00:00,0.8932
2016-03-30 08:00:00,0.7308
2016-03-30 09:00:00,0.8352
2016-03-30 10:00:00,0.5684
2016-03-30 11:00:00,0.4408
2016-03-30 12:00:00,0.4176
2016-03-30 13:00:00,0.3828
2016-03-30 14:00:00,0.3132
2016-03-30 15:00:00,0.3132
2016-03-30 16:00:00,0.348
2016-03-30 17:00:00,0.3944
2016-03-30 18:00:00,0.6264
2016-03-30 19:00:00,1.7052
2016-03-30 20:00:00,2.0068
2016-03-30 21:00:00,1.1136
2016-03-30 22:00:00,1.2412
2016-03-30 23:00:00,0.7308
2016-03-31 00:00:00,0.8236
2016-03-31 01:00:00,0.5104
2016-03-31 02:00:00,0.406
2016-03-31 03:00:00,0.348
2016-03-31 04:00:00,0.232
2016-03-31 05:00:00,0.2204
2016-03-31 06:00:00,0.4756
2016-03-31 07:00:00,0.7656
2016-03-31 08:00:00,0.8004
2016-03-31 09:00:00,0.5916
2016-03-31 10:00:00,0.464
2016-03-31 11:00:00,0.3828
2016-03-31 12:00:00,0.4292
2016-03-31 13:00:00,0.2784
2016-03-31 14:00:00,0.29
2016-03-31 15:00:00,0.348
2016-03-31 16:00:00,0.5452
2016-03-31 17:00:00,0.3596
2016-03-31 18:00:00,0.4756
2016-03-31 19:00:00,1.4268
2016-03-31 20:00:00,1.1832
2016-03-31 21:00:00,0.87
2016-03-31 22:00:00,0.7656
2016-03-31 23:00:00,0.6728
2016-04-01 00:00:00,0.7076
2016-04-01 01:00:00,0.4872
2016-04-01 02:00:00,0.3248
2016-04-01 03:00:00,0.1972
2016-04-01 04:00:00,0.2204
2016-04-01 05:00:00,0.3016
2016-04-01 06:00:00,0.3944
2016-04-01 07:00:00,0.4408
2016-04-01 08:00:00,0.7192
2016-04-01 09:00:00,0.8352
2016-04-01 10:00:00,0.6612
2016-04-01 11:00:00,0.4872
2016-04-01 12:00:00,0.3944
2016-04-01 13:00:00,0.3828
2016-04-01 14:00:00,0.5568
2016-04-01 15:00:00,0.4408
2016-04-01 16:00:00,0.464
2016-04-01 17:00:00,0.3596
2016-04-01 18:00:00,1.1484
2016-04-01 19:00:00,1.3456
2016-04-01 20:00:00,1.4384
2016-04-01 21:00:00,0.9628
2016-04-01 22:00:00,1.334
2016-04-01 23:00:00,1.0092
2016-04-02 00:00:00,1.0092
2016-04-02 01:00:00,1.0208
2016-04-02 02:00:00,1.044
2016-04-02 03:00:00,0.5336
2016-04-02 04:00:00,0.4872
2016-04-02 05:00:00,0.3828
2016-04-02 06:00:00,0.6496
2016-04-02 07:00:00,0.638
2016-04-02 08:00:00,0.7424
2016-04-02 09:00:00,0.7076
2016-04-02 10:00:00,0.6496
2016-04-02 11:00:00,0.812
2016-04-02 12:00:00,0.754
2016-04-02 13:00:00,0.7076
2016-04-02 14:00:00,0.5916
2016-04-02 15:00:00,0.5568
2016-04-02 16:00:00,0.5452
2016-04-02 17:00:00,0.812
2016-04-02 18:00:00,1.1252
2016-04-02 19:00:00,1.4152
2016-04-02 20:00:00,1.8096
2016-04-02 21:00:00,1.3688
2016-04-02 22:00:00,1.6588
2016-04-02 23:00:00,1.2296
2016-04-03 00:00:00,1.6472
2016-04-03 01:00:00,1.4848
2016-04-03 02:00:00,0.6496
2016-04-03 03:00:00,0.4872
2016-04-03 04:00:00,0.3016
2016-04-03 05:00:00,0.2204
2016-04-03 06:00:00,0.6728
2016-04-03 07:00:00,0.5684
2016-04-03 08:00:00,0.5104
2016-04-03 09:00:00,0.3712
2016-04-03 10:00:00,0.2088
2016-04-03 11:00:00,0.2552
2016-04-03 12:00:00,0.3248
2016-04-03 13:00:00,0.4176
2016-04-03 14:00:00,0.3712
2016-04-03 15:00:00,0.29
2016-04-03 16:00:00,0.3132
2016-04-03 17:00:00,0.3132
2016-04-03 18:00:00,0.3248
2016-04-03 19:00:00,0.3712
2016-04-03 20:00:00,0.348
2016-04-03 21:00:00,0.29
2016-04-03 22:00:00,0.4176
2016-04-03 23:00:00,0.348
2016-04-04 00:00:00,0.3016
2016-04-04 01:00:00,0.2436
2016-04-04 02:00:00,0.3828
2016-04-04 03:00:00,0.2436
2016-04-04 04:00:00,0.1856
2016-04-04 05:00:00,0.174
2016-04-04 06:00:00,0.348
2016-04-04 07:00:00,0.4408
2016-04-04 08:00:00,0.58
2016-04-04 09:00:00,0.7192
2016-04-04 10:00:00,0.7192
2016-04-04 11:00:00,0.5568
2016-04-04 12:00:00,0.4988
2016-04-04 13:00:00,0.4176
2016-04-04 14:00:00,0.464
2016-04-04 15:00:00,0.3828
2016-04-04 16:00:00,0.6032
2016-04-04 17:00:00,0.3016
2016-04-04 18:00:00,0.812
2016-04-04 19:00:00,1.4152
2016-04-04 20:00:00,1.0672
2016-04-04 21:00:00,0.696
2016-04-04 22:00:00,0.7656
2016-04-04 23:00:00,0.8236
2016-04-05 00:00:00,0.5568
2016-04-05 01:00:00,0.4524
2016-04-05 02:00:00,0.2552
2016-04-05 03:00:00,0.2088
2016-04-05 04:00:00,0.1856
2016-04-05 05:00:00,0.2204
2016-04-05 06:00:00,0.3712
2016-04-05 07:00:00,0.696
2016-04-05 08:00:00,0.8004
2016-04-05 09:00:00,0.58
2016-04-05 10:00:00,0.5336
2016-04-05 11:00:00,0.464
2016-04-05 12:00:00,0.3364
2016-04-05 13:00:00,0.3132
2016-04-05 14:00:00,0.5452
2016-04-05 15:00:00,0.3364
2016-04-05 16:00:00,0.5336
2016-04-05 17:00:00,0.4292
2016-04-05 18:00:00,0.5916
2016-04-05 19:00:00,1.2644
2016-04-05 20:00:00,0.8004
2016-04-05 21:00:00,0.87
2016-04-05 22:00:00,0.928
2016-04-05 23:00:00,0.7424
2016-04-06 00:00:00,0.4176
2016-04-06 01:00:00,0.2552
2016-04-06 02:00:00,0.1972
2016-04-06 03:00:00,0.1392
2016-04-06 04:00:00,0.1392
2016-04-06 05:00:00,0.1508
2016-04-06 06:00:00,0.5104
2016-04-06 07:00:00,0.9164
2016-04-06 08:00:00,0.7656
2016-04-06 09:00:00,0.6496
2016-04-06 10:00:00,0.4292
2016-04-06 11:00:00,0.406
2016-04-06 12:00:00,0.4176
2016-04-06 13:00:00,0.3016
2016-04-06 14:00:00,0.3016
2016-04-06 15:00:00,0.3944
2016-04-06 16:00:00,0.8816
2016-04-06 17:00:00,1.1484
2016-04-06 18:00:00,0.5104
2016-04-06 19:00:00,0.7076
2016-04-06 20:00:00,0.6032
2016-04-06 21:00:00,0.8236
2016-04-06 22:00:00,0.7424
2016-04-06 23:00:00,0.754
2016-04-07 00:00:00,0.406
2016-04-07 01:00:00,0.3132
2016-04-07 02:00:00,0.2204
2016-04-07 03:00:00,0.1392
2016-04-07 04:00:00,0.2784
2016-04-07 05:00:00,0.3016
2016-04-07 06:00:00,0.6032
2016-04-07 07:00:00,0.5916
2016-04-07 08:00:00,0.7424
2016-04-07 09:00:00,0.6148
2016-04-07 10:00:00,0.4756
2016-04-07 11:00:00,0.2088
2016-04-07 12:00:00,0.2436
2016-04-07 13:00:00,0.3596
2016-04-07 14:00:00,0.3248
2016-04-07 15:00:00,0.464
2016-04-07 16:00:00,0.406
2016-04-07 17:00:00,0.3248
2016-04-07 18:00:00,0.348
2016-04-07 19:00:00,0.348
2016-04-07 20:00:00,0.3132
2016-04-07 21:00:00,0.29
2016-04-07 22:00:00,0.3132
2016-04-07 23:00:00,0.3248
2016-04-08 00:00:00,0.2436
2016-04-08 01:00:00,0.2784
2016-04-08 02:00:00,0.1972
2016-04-08 03:00:00,0.2436
2016-04-08 04:00:00,0.2436
2016-04-08 05:00:00,0.3248
2016-04-08 06:00:00,0.3712
2016-04-08 07:00:00,0.58
2016-04-08 08:00:00,0.696
2016-04-08 09:00:00,0.4176
2016-04-08 10:00:00,0.348
2016-04-08 11:00:00,0.29
2016-04-08 12:00:00,0.3596
2016-04-08 13:00:00,0.2784
2016-04-08 14:00:00,0.3016
2016-04-08 15:00:00,0.3016
2016-04-08 16:00:00,0.348
2016-04-08 17:00:00,0.4176
2016-04-08 18:00:00,0.4756
2016-04-08 19:00:00,0.4408
2016-04-08 20:00:00,0.6612
2016-04-08 21:00:00,0.7888
2016-04-08 22:00:00,0.5104
2016-04-08 23:00:00,0.2436
2016-04-09 00:00:00,0.29
2016-04-09 01:00:00,0.4872
2016-04-09 02:00:00,0.2784
2016-04-09 03:00:00,0.1856
2016-04-09 04:00:00,0.174
2016-04-09 05:00:00,0.1276
2016-04-09 06:00:00,0.2552
2016-04-09 07:00:00,0.29
2016-04-09 08:00:00,0.4292
2016-04-09 09:00:00,0.4756
2016-04-09 10:00:00,0.4292
2016-04-09 11:00:00,0.4176
2016-04-09 12:00:00,0.3828
2016-04-09 13:00:00,0.232
2016-04-09 14:00:00,0.5684
2016-04-09 15:00:00,0.4756
2016-04-09 16:00:00,0.3016
2016-04-09 17:00:00,0.3016
2016-04-09 18:00:00,0.348
2016-04-09 19:00:00,0.464
2016-04-09 20:00:00,0.8584
2016-04-09 21:00:00,1.0904
2016-04-09 22:00:00,0.9744
2016-04-09 23:00:00,0.6612
2016-04-10 00:00:00,0.6032
2016-04-10 01:00:00,0.4408
2016-04-10 02:00:00,0.3596
2016-04-10 03:00:00,0.29
2016-04-10 04:00:00,0.1972
2016-04-10 05:00:00,0.2088
2016-04-10 06:00:00,0.2204
2016-04-10 07:00:00,0.3016
2016-04-10 08:00:00,0.2552
2016-04-10 09:00:00,0.7192
2016-04-10 10:00:00,0.3596
2016-04-10 11:00:00,0.3132
2016-04-10 12:00:00,0.3016
2016-04-10 13:00:00,0.2204
2016-04-10 14:00:00,0.3364
2016-04-10 15:00:00,0.3132
2016-04-10 16:00:00,0.6728
2016-04-10 17:00:00,0.522
2016-04-10 18:00:00,0.3944
2016-04-10 19:00:00,0.4872
2016-04-10 20:00:00,0.3364
2016-04-10 21:00:00,0.3596
2016-04-10 22:00:00,0.4292
2016-04-10 23:00:00,0.4176
2016-04-11 00:00:00,0.3016
2016-04-11 01:00:00,0.232
2016-04-11 02:00:00,0.1624
2016-04-11 03:00:00,0.1624
2016-04-11 04:00:00,0.1508
2016-04-11 05:00:00,0.1972
2016-04-11 06:00:00,0.3712
2016-04-11 07:00:00,0.6844
2016-04-11 08:00:00,0.406
2016-04-11 09:00:00,0.3596
2016-04-11 10:00:00,0.3944
2016-04-11 11:00:00,0.4988
2016-04-11 12:00:00,0.7192
2016-04-11 13:00:00,0.7656
2016-04-11 14:00:00,0.4176
2016-04-11 15:00:00,0.5104
2016-04-11 16:00:00,0.5916
2016-04-11 17:00:00,0.3944
2016-04-11 18:00:00,0.6728
2016-04-11 19:00:00,0.6612
2016-04-11 20:00:00,0.464
2016-04-11 21:00:00,0.4988
2016-04-11 22:00:00,0.5104
2016-04-11 23:00:00,0.5916
2016-04-12 00:00:00,0.2552
2016-04-12 01:00:00,0.3248
2016-04-12 02:00:00,0.2668
2016-04-12 03:00:00,0.1392
2016-04-12 04:00:00,0.116
2016-04-12 05:00:00,0.174
2016-04-12 06:00:00,0.3132
2016-04-12 07:00:00,0.3944
2016-04-12 08:00:00,0.5684
2016-04-12 09:00:00,0.5452
2016-04-12 10:00:00,0.4408
2016-04-12 11:00:00,0.5568
2016-04-12 12:00:00,0.5336
2016-04-12 13:00:00,0.3712
2016-04-12 14:00:00,0.464
2016-04-12 15:00:00,0.3364
2016-04-12 16:00:00,0.6496
2016-04-12 17:00:00,0.3828
2016-04-12 18:00:00,0.3596
2016-04-12 19:00:00,0.7308
2016-04-12 20:00:00,0.7772
2016-04-12 21:00:00,0.638
2016-04-12 22:00:00,0.3828
2016-04-12 23:00:00,0.4176
2016-04-13 00:00:00,0.464
2016-04-13 01:00:00,0.406
2016-04-13 02:00:00,0.2784
2016-04-13 03:00:00,0.1972
2016-04-13 04:00:00,0.116
2016-04-13 05:00:00,0.2204
2016-04-13 06:00:00,0.3248
2016-04-13 07:00:00,0.4756
2016-04-13 08:00:00,0.5568
2016-04-13 09:00:00,0.6148
2016-04-13 10:00:00,0.4524
2016-04-13 11:00:00,0.3944
2016-04-13 12:00:00,0.29
2016-04-13 13:00:00,0.348
2016-04-13 14:00:00,0.3596
2016-04-13 15:00:00,0.3944
2016-04-13 16:00:00,0.348
2016-04-13 17:00:00,0.4756
2016-04-13 18:00:00,0.4524
2016-04-13 19:00:00,0.986
2016-04-13 20:00:00,1.5428
2016-04-13 21:00:00,0.8932
2016-04-13 22:00:00,0.6612
2016-04-13 23:00:00,0.6032
2016-04-14 00:00:00,0.6496
2016-04-14 01:00:00,0.3828
2016-04-14 02:00:00,0.3364
2016-04-14 03:00:00,0.3016
2016-04-14 04:00:00,0.232
2016-04-14 05:00:00,0.1508
2016-04-14 06:00:00,0.5104
2016-04-14 07:00:00,0.7424
2016-04-14 08:00:00,1.0092
2016-04-14 09:00:00,0.6264
2016-04-14 10:00:00,0.5336
2016-04-14 11:00:00,0.3712
2016-04-14 12:00:00,0.3248
2016-04-14 13:00:00,0.3132
2016-04-14 14:00:00,0.7192
2016-04-14 15:00:00,0.696
2016-04-14 16:00:00,0.7424
2016-04-14 17:00:00,0.5452
2016-04-14 18:00:00,0.5684
2016-04-14 19:00:00,0.6612
2016-04-14 20:00:00,0.6032
2016-04-14 21:00:00,0.4988
2016-04-14 22:00:00,0.5104
2016-04-14 23:00:00,0.3596
2016-04-15 00:00:00,0.6032
2016-04-15 01:00:00,0.2204
2016-04-15 02:00:00,0.1508
2016-04-15 03:00:00,0.0928
2016-04-15 04:00:00,0.0464
2016-04-15 05:00:00,0.1508
2016-04-15 06:00:00,0.4408
2016-04-15 07:00:00,0.6844
2016-04-15 08:00:00,0.2436
2016-04-15 09:00:00,0.3828
2016-04-15 10:00:00,0.464
2016-04-15 11:00:00,0.4408
2016-04-15 12:00:00,0.2088
2016-04-15 13:00:00,0.2204
2016-04-15 14:00:00,0.3132
2016-04-15 15:00:00,0.2668
2016-04-15 16:00:00,0.2088
2016-04-15 17:00:00,0.2436
2016-04-15 18:00:00,0.2552
2016-04-15 19:00:00,0.7308
2016-04-15 20:00:00,0.8004
2016-04-15 21:00:00,0.3712
2016-04-15 22:00:00,0.6264
2016-04-15 23:00:00,0.4176
2016-04-16 00:00:00,0.4756
2016-04-16 01:00:00,0.3944
2016-04-16 02:00:00,0.232
2016-04-16 03:00:00,0.1856
2016-04-16 04:00:00,0.1508
2016-04-16 05:00:00,0.1392
2016-04-16 06:00:00,0.174
2016-04-16 07:00:00,0.2668
2016-04-16 08:00:00,0.2552
2016-04-16 09:00:00,0.3596
2016-04-16 10:00:00,0.3364
2016-04-16 11:00:00,0.1972
2016-04-16 12:00:00,0.2088
2016-04-16 13:00:00,0.2204
2016-04-16 14:00:00,0.2204
2016-04-16 15:00:00,0.3132
2016-04-16 16:00:00,0.232
2016-04-16 17:00:00,0.2088
2016-04-16 18:00:00,0.2436
2016-04-16 19:00:00,0.29
2016-04-16 20:00:00,0.6032
2016-04-16 21:00:00,0.6032
2016-04-16 22:00:00,0.696
2016-04-16 23:00:00,0.5568
2016-04-17 00:00:00,0.3364
2016-04-17 01:00:00,0.3364
2016-04-17 02:00:00,0.3364
2016-04-17 03:00:00,0.1508
2016-04-17 04:00:00,0.1508
2016-04-17 05:00:00,0.0928
2016-04-17 06:00:00,0.1392
2016-04-17 07:00:00,0.3016
2016-04-17 08:00:00,0.3016
2016-04-17 09:00:00,0.2784
2016-04-17 10:00:00,0.232
2016-04-17 11:00:00,0.2784
2016-04-17 12:00:00,0.174
2016-04-17 13:00:00,0.2552
2016-04-17 14:00:00,0.2668
2016-04-17 15:00:00,0.2552
2016-04-17 16:00:00,0.2668
2016-04-17 17:00:00,0.232
2016-04-17 18:00:00,0.2668
2016-04-17 19:00:00,0.9628
2016-04-17 20:00:00,0.6264
2016-04-17 21:00:00,0.4524
2016-04-17 22:00:00,0.3944
2016-04-17 23:00:00,0.4524
2016-04-18 00:00:00,0.348
2016-04-18 01:00:00,0.2204
2016-04-18 02:00:00,0.1392
2016-04-18 03:00:00,0.1392
2016-04-18 04:00:00,0.1508
2016-04-18 05:00:00,0.1624
2016-04-18 06:00:00,0.4176
2016-04-18 07:00:00,0.6496
2016-04-18 08:00:00,0.4408
2016-04-18 09:00:00,0.5452
2016-04-18 10:00:00,0.7424
2016-04-18 11:00:00,0.348
2016-04-18 12:00:00,0.2552
2016-04-18 13:00:00,0.1508
2016-04-18 14:00:00,0.1624
2016-04-18 15:00:00,0.2088
2016-04-18 16:00:00,0.35283333333333333
2016-04-18 17:00:00,0.3016
2016-04-18 18:00:00,0.2668
2016-04-18 19:00:00,0.6612
2016-04-18 20:00:00,0.5336
2016-04-18 21:00:00,0.6844
2016-04-18 22:00:00,0.5336
2016-04-18 23:00:00,0.7076
2016-04-19 00:00:00,0.3944
2016-04-19 01:00:00,0.3828
2016-04-19 02:00:00,0.1972
2016-04-19 03:00:00,0.1972
2016-04-19 04:00:00,0.1624
2016-04-19 05:00:00,0.1276
2016-04-19 06:00:00,0.1276
2016-04-19 07:00:00,0.4176
2016-04-19 08:00:00,0.7656
2016-04-19 09:00:00,0.5568
2016-04-19 10:00:00,0.4756
2016-04-19 11:00:00,0.3712
2016-04-19 12:00:00,0.232
2016-04-19 13:00:00,0.2088
2016-04-19 14:00:00,0.3828
2016-04-19 15:00:00,0.3944
2016-04-19 16:00:00,1.0092
2016-04-19 17:00:00,1.1716
2016-04-19 18:00:00,0.6264
2016-04-19 19:00:00,1.0324
2016-04-19 20:00:00,1.0556
2016-04-19 21:00:00,1.2528
2016-04-19 22:00:00,0.8932
2016-04-19 23:00:00,1.2412
2016-04-20 00:00:00,0.6844
2016-04-20 01:00:00,0.4872
2016-04-20 02:00:00,0.1856
2016-04-20 03:00:00,0.1276
2016-04-20 04:00:00,0.0348
2016-04-20 05:00:00,0.7327333333333333
2016-04-20 06:00:00,0.0116
2016-04-20 07:00:00,0.2552
2016-04-20 08:00:00,0.232
2016-04-20 09:00:00,0.1972
2016-04-20 10:00:00,0.2088
2016-04-20 11:00:00,0.2784
2016-04-20 12:00:00,0.2668
2016-04-20 13:00:00,0.29
2016-04-20 14:00:00,0.3364
2016-04-20 15:00:00,0.3944
2016-04-20 16:00:00,0.5104
2016-04-20 17:00:00,0.522
2016-04-20 18:00:00,0.522
2016-04-20 19:00:00,0.5684
2016-04-20 20:00:00,0.6032
2016-04-20 21:00:00,0.8352
2016-04-20 22:00:00,0.696
2016-04-20 23:00:00,0.9164
2016-04-21 00:00:00,0.7424
2016-04-21 01:00:00,0.3364
2016-04-21 02:00:00,0.2204
2016-04-21 03:00:00,0.1508
2016-04-21 04:00:00,0.0812
2016-04-21 05:00:00,0.0696
2016-04-21 06:00:00,0.1392
2016-04-21 07:00:00,0.2088
2016-04-21 08:00:00,0.2436
2016-04-21 09:00:00,0.3712
2016-04-21 10:00:00,0.4988
2016-04-21 11:00:00,0.3712
2016-04-21 12:00:00,0.4756
2016-04-21 13:00:00,0.3364
2016-04-21 14:00:00,0.2552
2016-04-21 15:00:00,0.2552
2016-04-21 16:00:00,0.3248
2016-04-21 17:00:00,0.3132
2016-04-21 18:00:00,0.232
2016-04-21 19:00:00,0.29
2016-04-21 20:00:00,0.522
2016-04-21 21:00:00,0.5684
2016-04-21 22:00:00,0.522
2016-04-21 23:00:00,0.4292
2016-04-22 00:00:00,0.6148
2016-04-22 01:00:00,0.406
2016-04-22 02:00:00,0.2668
2016-04-22 03:00:00,0.174
2016-04-22 04:00:00,0.1044
2016-04-22 05:00:00,0.0928
2016-04-22 06:00:00,0.0928
2016-04-22 07:00:00,0.1856
2016-04-22 08:00:00,0.3364
2016-04-22 09:00:00,0.3712
2016-04-22 10:00:00,0.348
2016-04-22 11:00:00,0.232
2016-04-22 12:00:00,0.2436
2016-04-22 13:00:00,0.1856
2016-04-22 14:00:00,0.2088
2016-04-22 15:00:00,0.1972
2016-04-22 16:00:00,0.1856
2016-04-22 17:00:00,0.174
2016-04-22 18:00:00,0.1972
2016-04-22 19:00:00,0.2088
2016-04-22 20:00:00,0.2436
2016-04-22 21:00:00,0.2204
2016-04-22 22:00:00,0.348
2016-04-22 23:00:00,0.3596
2016-04-23 00:00:00,0.696
2016-04-23 01:00:00,0.4756
2016-04-23 02:00:00,0.3828
2016-04-23 03:00:00,0.2668
2016-04-23 04:00:00,0.1856
2016-04-23 05:00:00,0.232
2016-04-23 06:00:00,0.1856
2016-04-23 07:00:00,0.3712
2016-04-23 08:00:00,0.4524
2016-04-23 09:00:00,0.5452
2016-04-23 10:00:00,0.3248
2016-04-23 11:00:00,0.2784
2016-04-23 12:00:00,0.2204
2016-04-23 13:00:00,0.3712
2016-04-23 14:00:00,0.29
2016-04-23 15:00:00,0.3248
2016-04-23 16:00:00,0.5104
2016-04-23 17:00:00,0.522
2016-04-23 18:00:00,0.3132
2016-04-23 19:00:00,0.2436
2016-04-23 20:00:00,0.2668
2016-04-23 21:00:00,0.1972
2016-04-23 22:00:00,0.1972
2016-04-23 23:00:00,0.2784
2016-04-24 00:00:00,0.4408
2016-04-24 01:00:00,0.3944
2016-04-24 02:00:00,0.3132
2016-04-24 03:00:00,0.2436
2016-04-24 04:00:00,0.1972
2016-04-24 05:00:00,0.1508
2016-04-24 06:00:00,0.1972
2016-04-24 07:00:00,0.232
2016-04-24 08:00:00,0.1624
2016-04-24 09:00:00,0.174
2016-04-24 10:00:00,0.1276
2016-04-24 11:00:00,0.3828
2016-04-24 12:00:00,0.3712
2016-04-24 13:00:00,0.5104
2016-04-24 14:00:00,0.29
2016-04-24 15:00:00,0.348
2016-04-24 16:00:00,0.3596
2016-04-24 17:00:00,0.4872
2016-04-24 18:00:00,0.232
2016-04-24 19:00:00,0.5336
2016-04-24 20:00:00,0.4292
2016-04-24 21:00:00,0.2204
2016-04-24 22:00:00,0.4756
2016-04-24 23:00:00,0.4872
2016-04-25 00:00:00,0.4988
2016-04-25 01:00:00,0.4176
2016-04-25 02:00:00,0.2668
2016-04-25 03:00:00,0.1856
2016-04-25 04:00:00,0.3248
2016-04-25 05:00:00,0.3248
2016-04-25 06:00:00,0.3248
2016-04-25 07:00:00,0.4524
2016-04-25 08:00:00,0.5568
2016-04-25 09:00:00,0.7888
2016-04-25 10:00:00,0.7772
2016-04-25 11:00:00,0.7308
2016-04-25 12:00:00,0.6148
2016-04-25 13:00:00,0.6612
2016-04-25 14:00:00,0.9164
2016-04-25 15:00:00,1.102
2016-04-25 16:00:00,1.0904
2016-04-25 17:00:00,1.16
2016-04-25 18:00:00,0.8584
2016-04-25 19:00:00,0.7888
2016-04-25 20:00:00,0.87
2016-04-25 21:00:00,0.7424
2016-04-25 22:00:00,0.6612
2016-04-25 23:00:00,0.638
2016-04-26 00:00:00,0.6032
2016-04-26 01:00:00,0.4988
2016-04-26 02:00:00,0.3944
2016-04-26 03:00:00,0.29
2016-04-26 04:00:00,0.2088
2016-04-26 05:00:00,0.174
2016-04-26 06:00:00,0.1624
2016-04-26 07:00:00,0.348
2016-04-26 08:00:00,0.3596
2016-04-26 09:00:00,0.3828
2016-04-26 10:00:00,0.406
2016-04-26 11:00:00,0.4408
2016-04-26 12:00:00,0.4408
2016-04-26 13:00:00,0.4524
2016-04-26 14:00:00,0.464
2016-04-26 15:00:00,0.6844
2016-04-26 16:00:00,0.6844
2016-04-26 17:00:00,0.6148
2016-04-26 18:00:00,0.6264
2016-04-26 19:00:00,0.5684
2016-04-26 20:00:00,0.7076
2016-04-26 21:00:00,0.6844
2016-04-26 22:00:00,0.7772
2016-04-26 23:00:00,0.9164
2016-04-27 00:00:00,0.6496
2016-04-27 01:00:00,0.7308
2016-04-27 02:00:00,0.5684
2016-04-27 03:00:00,0.4988
2016-04-27 04:00:00,0.3596
2016-04-27 05:00:00,0.29
2016-04-27 06:00:00,0.2668
2016-04-27 07:00:00,0.3944
2016-04-27 08:00:00,0.5104
2016-04-27 09:00:00,0.7076
2016-04-27 10:00:00,0.5336
2016-04-27 11:00:00,0.4988
2016-04-27 12:00:00,0.4524
2016-04-27 13:00:00,0.4176
2016-04-27 14:00:00,0.4176
2016-04-27 15:00:00,0.406
2016-04-27 16:00:00,0.406
2016-04-27 17:00:00,0.4524
2016-04-27 18:00:00,0.4292
2016-04-27 19:00:00,0.5452
2016-04-27 20:00:00,0.87
2016-04-27 21:00:00,0.9164
2016-04-27 22:00:00,1.0672
2016-04-27 23:00:00,1.2064
2016-04-28 00:00:00,0.9164
2016-04-28 01:00:00,0.6612
2016-04-28 02:00:00,0.6728
2016-04-28 03:00:00,0.4756
2016-04-28 04:00:00,0.406
2016-04-28 05:00:00,0.3364
2016-04-28 06:00:00,0.29
2016-04-28 07:00:00,0.3596
2016-04-28 08:00:00,0.464
2016-04-28 09:00:00,0.522
2016-04-28 10:00:00,0.4872
2016-04-28 11:00:00,0.3944
2016-04-28 12:00:00,0.8932
2016-04-28 13:00:00,0.348
2016-04-28 14:00:00,0.3944
2016-04-28 15:00:00,0.4988
2016-04-28 16:00:00,0.4176
2016-04-28 17:00:00,0.3596
2016-04-28 18:00:00,0.3712
2016-04-28 19:00:00,0.3596
2016-04-28 20:00:00,0.4408
2016-04-28 21:00:00,0.8932
2016-04-28 22:00:00,0.58
2016-04-28 23:00:00,0.812
2016-04-29 00:00:00,0.6612
2016-04-29 01:00:00,0.696
2016-04-29 02:00:00,0.4988
2016-04-29 03:00:00,0.4176
2016-04-29 04:00:00,0.348
2016-04-29 05:00:00,0.2784
2016-04-29 06:00:00,0.2784
2016-04-29 07:00:00,0.29
2016-04-29 08:00:00,0.3132
2016-04-29 09:00:00,0.3596
2016-04-29 10:00:00,0.3596
2016-04-29 11:00:00,0.2436
2016-04-29 12:00:00,0.2204
2016-04-29 13:00:00,0.2204
2016-04-29 14:00:00,0.2204
2016-04-29 15:00:00,0.2436
2016-04-29 16:00:00,0.232
2016-04-29 17:00:00,0.2552
2016-04-29 18:00:00,0.2552
2016-04-29 19:00:00,0.2668
2016-04-29 20:00:00,0.3016
2016-04-29 21:00:00,0.3364
2016-04-29 22:00:00,0.4292
2016-04-29 23:00:00,0.464
2016-04-30 00:00:00,0.4872
2016-04-30 01:00:00,0.3712
2016-04-30 02:00:00,0.348
2016-04-30 03:00:00,0.3712
2016-04-30 04:00:00,0.2552
2016-04-30 05:00:00,0.3016
2016-04-30 06:00:00,0.3248
2016-04-30 07:00:00,0.3016
2016-04-30 08:00:00,0.2668
2016-04-30 09:00:00,0.3828
2016-04-30 10:00:00,0.4872
2016-04-30 11:00:00,0.3944
2016-04-30 12:00:00,0.3828
2016-04-30 13:00:00,0.3828
2016-04-30 14:00:00,0.3364
2016-04-30 15:00:00,0.3016
2016-04-30 16:00:00,0.2784
2016-04-30 17:00:00,0.2668
2016-04-30 18:00:00,0.2784
2016-04-30 19:00:00,0.29
2016-04-30 20:00:00,0.6148
2016-04-30 21:00:00,0.6612
2016-04-30 22:00:00,0.638
2016-04-30 23:00:00,0.8236
2016-05-01 00:00:00,0.58
2016-05-01 01:00:00,0.6032
2016-05-01 02:00:00,0.3596
2016-05-01 03:00:00,0.3944
2016-05-01 04:00:00,0.4756
2016-05-01 05:00:00,0.3828
2016-05-01 06:00:00,0.3596
2016-05-01 07:00:00,0.3016
2016-05-01 08:00:00,0.2552
2016-05-01 09:00:00,0.3364
2016-05-01 10:00:00,0.2668
2016-05-01 11:00:00,0.232
2016-05-01 12:00:00,0.2088
2016-05-01 13:00:00,0.1972
2016-05-01 14:00:00,0.2204
2016-05-01 15:00:00,0.1856
2016-05-01 16:00:00,0.1972
2016-05-01 17:00:00,0.1972
2016-05-01 18:00:00,0.232
2016-05-01 19:00:00,0.3944
2016-05-01 20:00:00,0.2784
2016-05-01 21:00:00,0.6728
2016-05-01 22:00:00,0.3016
2016-05-01 23:00:00,0.2436
2016-05-02 00:00:00,0.2088
2016-05-02 01:00:00,0.174
2016-05-02 02:00:00,0.1276
2016-05-02 03:00:00,0.116
2016-05-02 04:00:00,0.0928
2016-05-02 05:00:00,0.0812
2016-05-02 06:00:00,0.0812
2016-05-02 07:00:00,0.0812
2016-05-02 08:00:00,0.0812
2016-05-02 09:00:00,0.1276
2016-05-02 10:00:00,0.1508
2016-05-02 11:00:00,0.1856
2016-05-02 12:00:00,0.2088
2016-05-02 13:00:00,0.2552
2016-05-02 14:00:00,0.2552
2016-05-02 15:00:00,0.2088
2016-05-02 16:00:00,0.2436
2016-05-02 17:00:00,0.2088
2016-05-02 18:00:00,0.2552
2016-05-02 19:00:00,0.3712
2016-05-02 20:00:00,0.2668
2016-05-02 21:00:00,0.2668
2016-05-02 22:00:00,0.2552
2016-05-02 23:00:00,0.2088
2016-05-03 00:00:00,0.2088
2016-05-03 01:00:00,0.3248
2016-05-03 02:00:00,0.3364
2016-05-03 03:00:00,0.2204
2016-05-03 04:00:00,0.1508
2016-05-03 05:00:00,0.1508
2016-05-03 06:00:00,0.1856
2016-05-03 07:00:00,0.6728
2016-05-03 08:00:00,1.102
2016-05-03 09:00:00,1.0208
2016-05-03 10:00:00,0.9976
2016-05-03 11:00:00,1.0092
2016-05-03 12:00:00,0.8468
2016-05-03 13:00:00,0.7888
2016-05-03 14:00:00,0.8816
2016-05-03 15:00:00,0.6148
2016-05-03 16:00:00,0.4524
2016-05-03 17:00:00,0.6612
2016-05-03 18:00:00,0.8236
2016-05-03 19:00:00,0.7888
2016-05-03 20:00:00,0.6728
2016-05-03 21:00:00,0.6496
2016-05-03 22:00:00,0.5452
2016-05-03 23:00:00,0.4988
2016-05-04 00:00:00,0.522
2016-05-04 01:00:00,0.4176
2016-05-04 02:00:00,0.3364
2016-05-04 03:00:00,0.2436
2016-05-04 04:00:00,0.1972
2016-05-04 05:00:00,0.1972
2016-05-04 06:00:00,0.2668
2016-05-04 07:00:00,0.4408
2016-05-04 08:00:00,0.9396
2016-05-04 09:00:00,0.9744
2016-05-04 10:00:00,0.7076
2016-05-04 11:00:00,0.5916
2016-05-04 12:00:00,0.5916
2016-05-04 13:00:00,0.4872
2016-05-04 14:00:00,0.7076
2016-05-04 15:00:00,1.102
2016-05-04 16:00:00,0.7656
2016-05-04 17:00:00,1.0324
2016-05-04 18:00:00,1.0672
2016-05-04 19:00:00,0.8004
2016-05-04 20:00:00,0.8932
2016-05-04 21:00:00,0.7308
2016-05-04 22:00:00,0.7772
2016-05-04 23:00:00,0.754
2016-05-05 00:00:00,0.6612
2016-05-05 01:00:00,0.3712
2016-05-05 02:00:00,0.3132
2016-05-05 03:00:00,0.2668
2016-05-05 04:00:00,0.2436
2016-05-05 05:00:00,0.1972
2016-05-05 06:00:00,0.29
2016-05-05 07:00:00,0.348
2016-05-05 08:00:00,0.7772
2016-05-05 09:00:00,0.5684
2016-05-05 10:00:00,0.6612
2016-05-05 11:00:00,0.7308
2016-05-05 12:00:00,0.754
2016-05-05 13:00:00,0.4408
2016-05-05 14:00:00,0.7192
2016-05-05 15:00:00,0.7656
2016-05-05 16:00:00,0.6032
2016-05-05 17:00:00,0.4292
2016-05-05 18:00:00,0.7192
2016-05-05 19:00:00,0.7192
2016-05-05 20:00:00,0.6496
2016-05-05 21:00:00,0.6612
2016-05-05 22:00:00,0.8816
2016-05-05 23:00:00,0.754
2016-05-06 00:00:00,0.812
2016-05-06 01:00:00,0.6612
2016-05-06 02:00:00,0.3596
2016-05-06 03:00:00,0.4176
2016-05-06 04:00:00,0.2668
2016-05-06 05:00:00,0.2088
2016-05-06 06:00:00,0.3248
2016-05-06 07:00:00,0.4292
2016-05-06 08:00:00,0.812
2016-05-06 09:00:00,0.8816
2016-05-06 10:00:00,0.4408
2016-05-06 11:00:00,0.4176
2016-05-06 12:00:00,0.58
2016-05-06 13:00:00,0.638
2016-05-06 14:00:00,0.3596
2016-05-06 15:00:00,0.3364
2016-05-06 16:00:00,0.3016
2016-05-06 17:00:00,0.464
2016-05-06 18:00:00,0.6032
2016-05-06 19:00:00,0.3364
2016-05-06 20:00:00,0.638
2016-05-06 21:00:00,0.6844
2016-05-06 22:00:00,0.87
2016-05-06 23:00:00,0.5452
2016-05-07 00:00:00,0.4292
2016-05-07 01:00:00,0.4756
2016-05-07 02:00:00,0.4176
2016-05-07 03:00:00,0.2668
2016-05-07 04:00:00,0.2436
2016-05-07 05:00:00,0.1972
2016-05-07 06:00:00,0.2088
2016-05-07 07:00:00,0.29
2016-05-07 08:00:00,0.2552
2016-05-07 09:00:00,0.3364
2016-05-07 10:00:00,0.4176
2016-05-07 11:00:00,0.348
2016-05-07 12:00:00,0.29
2016-05-07 13:00:00,0.29
2016-05-07 14:00:00,0.3016
2016-05-07 15:00:00,0.2784
2016-05-07 16:00:00,0.2204
2016-05-07 17:00:00,0.4756
2016-05-07 18:00:00,0.5336
2016-05-07 19:00:00,0.5104
2016-05-07 20:00:00,0.4408
2016-05-07 21:00:00,0.6264
2016-05-07 22:00:00,0.812
2016-05-07 23:00:00,0.7424
2016-05-08 00:00:00,0.4292
2016-05-08 01:00:00,0.638
2016-05-08 02:00:00,0.3364
2016-05-08 03:00:00,0.3132
2016-05-08 04:00:00,0.2668
2016-05-08 05:00:00,0.1856
2016-05-08 06:00:00,0.1972
2016-05-08 07:00:00,0.1276
2016-05-08 08:00:00,0.406
2016-05-08 09:00:00,0.3712
2016-05-08 10:00:00,0.3016
2016-05-08 11:00:00,0.232
2016-05-08 12:00:00,0.232
2016-05-08 13:00:00,0.232
2016-05-08 14:00:00,0.2552
2016-05-08 15:00:00,0.2784
2016-05-08 16:00:00,0.2436
2016-05-08 17:00:00,0.232
2016-05-08 18:00:00,0.2204
2016-05-08 19:00:00,0.2436
2016-05-08 20:00:00,0.406
2016-05-08 21:00:00,0.2436
2016-05-08 22:00:00,0.406
2016-05-08 23:00:00,0.3944
2016-05-09 00:00:00,0.348
2016-05-09 01:00:00,0.2088
2016-05-09 02:00:00,0.1856
2016-05-09 03:00:00,0.1276
2016-05-09 04:00:00,0.116
2016-05-09 05:00:00,0.1276
2016-05-09 06:00:00,0.1276
2016-05-09 07:00:00,0.2436
2016-05-09 08:00:00,0.3364
2016-05-09 09:00:00,0.29
2016-05-09 10:00:00,0.29
2016-05-09 11:00:00,0.2436
2016-05-09 12:00:00,0.29
2016-05-09 13:00:00,0.2088
2016-05-09 14:00:00,0.2668
2016-05-09 15:00:00,0.1972
2016-05-09 16:00:00,0.1972
2016-05-09 17:00:00,0.3132
2016-05-09 18:00:00,0.348
2016-05-09 19:00:00,0.1624
2016-05-09 20:00:00,0.1856
2016-05-09 21:00:00,0.2552
2016-05-09 22:00:00,0.522
2016-05-09 23:00:00,0.754
2016-05-10 00:00:00,0.5684
2016-05-10 01:00:00,0.464
2016-05-10 02:00:00,0.4292
2016-05-10 03:00:00,0.2436
2016-05-10 04:00:00,0.1508
2016-05-10 05:00:00,0.1044
2016-05-10 06:00:00,0.232
2016-05-10 07:00:00,0.29
2016-05-10 08:00:00,0.2436
2016-05-10 09:00:00,0.464
2016-05-10 10:00:00,0.3016
2016-05-10 11:00:00,0.2668
2016-05-10 12:00:00,0.232
2016-05-10 13:00:00,0.232
2016-05-10 14:00:00,0.2204
2016-05-10 15:00:00,0.2668
2016-05-10 16:00:00,0.2552
2016-05-10 17:00:00,0.6032
2016-05-10 18:00:00,0.2088
2016-05-10 19:00:00,0.3016
2016-05-10 20:00:00,0.232
2016-05-10 21:00:00,0.4408
2016-05-10 22:00:00,0.29
2016-05-10 23:00:00,0.174
2016-05-11 00:00:00,0.174
2016-05-11 01:00:00,0.174
2016-05-11 02:00:00,0.1276
2016-05-11 03:00:00,0.1508
2016-05-11 04:00:00,0.1624
2016-05-11 05:00:00,0.0696
2016-05-11 06:00:00,0.1044
2016-05-11 07:00:00,0.0812
2016-05-11 08:00:00,0.1856
2016-05-11 09:00:00,0.3132
2016-05-11 10:00:00,0.2552
2016-05-11 11:00:00,0.2088
2016-05-11 12:00:00,0.1972
2016-05-11 13:00:00,0.174
2016-05-11 14:00:00,0.2204
2016-05-11 15:00:00,0.5336
2016-05-11 16:00:00,0.9512
2016-05-11 17:00:00,0.7888
2016-05-11 18:00:00,0.522
2016-05-11 19:00:00,0.3828
2016-05-11 20:00:00,0.3364
2016-05-11 21:00:00,0.4408
2016-05-11 22:00:00,0.5916
2016-05-11 23:00:00,0.9396
2016-05-12 00:00:00,0.6148
2016-05-12 01:00:00,0.3828
2016-05-12 02:00:00,0.29
2016-05-12 03:00:00,0.1972
2016-05-12 04:00:00,0.0696
2016-05-12 05:00:00,0.0696
2016-05-12 06:00:00,0.0464
2016-05-12 07:00:00,0.1276
2016-05-12 08:00:00,0.1276
2016-05-12 09:00:00,0.3828
2016-05-12 10:00:00,0.2204
2016-05-12 11:00:00,0.1972
2016-05-12 12:00:00,0.2436
2016-05-12 13:00:00,0.2436
2016-05-12 14:00:00,0.1624
2016-05-12 15:00:00,0.1856
2016-05-12 16:00:00,0.1856
2016-05-12 17:00:00,0.986
2016-05-12 18:00:00,1.044
2016-05-12 19:00:00,0.4292
2016-05-12 20:00:00,0.232
2016-05-12 21:00:00,0.2668
2016-05-12 22:00:00,0.812
2016-05-12 23:00:00,0.406
2016-05-13 00:00:00,0.6496
2016-05-13 01:00:00,0.4988
2016-05-13 02:00:00,0.3596
2016-05-13 03:00:00,0.1972
2016-05-13 04:00:00,0.29
2016-05-13 05:00:00,0.2552
2016-05-13 06:00:00,0.2668
2016-05-13 07:00:00,0.3132
2016-05-13 08:00:00,0.7308
2016-05-13 09:00:00,1.0324
2016-05-13 10:00:00,0.3596
2016-05-13 11:00:00,0.2784
2016-05-13 12:00:00,0.3596
2016-05-13 13:00:00,0.4988
2016-05-13 14:00:00,0.6844
2016-05-13 15:00:00,0.8468
2016-05-13 16:00:00,0.8004
2016-05-13 17:00:00,0.9628
2016-05-13 18:00:00,0.8816
2016-05-13 19:00:00,0.812
2016-05-13 20:00:00,0.58
2016-05-13 21:00:00,1.1716
2016-05-13 22:00:00,0.8932
2016-05-13 23:00:00,0.7192
2016-05-14 00:00:00,0.6728
2016-05-14 01:00:00,0.5684
2016-05-14 02:00:00,0.5684
2016-05-14 03:00:00,0.4176
2016-05-14 04:00:00,0.2668
2016-05-14 05:00:00,0.2088
2016-05-14 06:00:00,0.2784
2016-05-14 07:00:00,0.1624
2016-05-14 08:00:00,0.2204
2016-05-14 09:00:00,0.2552
2016-05-14 10:00:00,0.232
2016-05-14 11:00:00,0.2436
2016-05-14 12:00:00,0.232
2016-05-14 13:00:00,0.2088
2016-05-14 14:00:00,0.3828
2016-05-14 15:00:00,0.5684
2016-05-14 16:00:00,0.4176
2016-05-14 17:00:00,0.5452
2016-05-14 18:00:00,0.4524
2016-05-14 19:00:00,0.464
2016-05-14 20:00:00,0.6612
2016-05-14 21:00:00,0.406
2016-05-14 22:00:00,0.8352
2016-05-14 23:00:00,0.9048
2016-05-15 00:00:00,0.5684
2016-05-15 01:00:00,0.464
2016-05-15 02:00:00,0.6728
2016-05-15 03:00:00,0.3248
2016-05-15 04:00:00,0.2784
2016-05-15 05:00:00,0.3364
2016-05-15 06:00:00,0.2784
2016-05-15 07:00:00,0.1972
2016-05-15 08:00:00,0.1972
2016-05-15 09:00:00,0.174
2016-05-15 10:00:00,0.1392
2016-05-15 11:00:00,0.1276
2016-05-15 12:00:00,0.1624
2016-05-15 13:00:00,0.2436
2016-05-15 14:00:00,0.4988
2016-05-15 15:00:00,0.4524
2016-05-15 16:00:00,0.174
2016-05-15 17:00:00,0.1972
2016-05-15 18:00:00,0.4408
2016-05-15 19:00:00,0.5568
2016-05-15 20:00:00,0.7772
2016-05-15 21:00:00,0.4524
2016-05-15 22:00:00,0.7772
2016-05-15 23:00:00,0.4408
2016-05-16 00:00:00,0.4756
2016-05-16 01:00:00,0.4524
2016-05-16 02:00:00,0.174
2016-05-16 03:00:00,0.0348
2016-05-16 04:00:00,0.0928
2016-05-16 05:00:00,0.174
2016-05-16 06:00:00,0.232
2016-05-16 07:00:00,0.406
2016-05-16 08:00:00,0.928
2016-05-16 09:00:00,0.9396
2016-05-16 10:00:00,0.7076
2016-05-16 11:00:00,0.7772
2016-05-16 12:00:00,0.6032
2016-05-16 13:00:00,0.406
2016-05-16 14:00:00,0.6032
2016-05-16 15:00:00,0.6264
2016-05-16 16:00:00,0.4408
2016-05-16 17:00:00,0.5452
2016-05-16 18:00:00,0.522
2016-05-16 19:00:00,0.6612
2016-05-16 20:00:00,0.522
2016-05-16 21:00:00,0.4872
2016-05-16 22:00:00,0.522
2016-05-16 23:00:00,0.6032
2016-05-17 00:00:00,0.5104
2016-05-17 01:00:00,0.29
2016-05-17 02:00:00,0.3016
2016-05-17 03:00:00,0.1856
2016-05-17 04:00:00,0.1276
2016-05-17 05:00:00,0.0116
2016-05-17 06:00:00,0.0464
2016-05-17 07:00:00,0.232
2016-05-17 08:00:00,0.8468
2016-05-17 09:00:00,0.4524
2016-05-17 10:00:00,0.5104
2016-05-17 11:00:00,0.2784
2016-05-17 12:00:00,0.3712
2016-05-17 13:00:00,0.3596
2016-05-17 14:00:00,0.3944
2016-05-17 15:00:00,0.3016
2016-05-17 16:00:00,0.7656
2016-05-17 17:00:00,0.4988
2016-05-17 18:00:00,0.2552
2016-05-17 19:00:00,0.3016
2016-05-17 20:00:00,0.3596
2016-05-17 21:00:00,0.4988
2016-05-17 22:00:00,0.3248
2016-05-17 23:00:00,0.3596
2016-05-18 00:00:00,0.3364
2016-05-18 01:00:00,0.1972
2016-05-18 02:00:00,0.1044
2016-05-18 03:00:00,0.1276
2016-05-18 04:00:00,0.0812
2016-05-18 05:00:00,0.058
2016-05-18 06:00:00,0.0696
2016-05-18 07:00:00,0.174
2016-05-18 08:00:00,0.5336
2016-05-18 09:00:00,0.4872
2016-05-18 10:00:00,0.4292
2016-05-18 11:00:00,0.3248
2016-05-18 12:00:00,0.3248
2016-05-18 13:00:00,0.29
2016-05-18 14:00:00,0.4988
2016-05-18 15:00:00,0.3364
2016-05-18 16:00:00,0.58
2016-05-18 17:00:00,0.3132
2016-05-18 18:00:00,0.464
2016-05-18 19:00:00,0.2668
2016-05-18 20:00:00,0.3016
2016-05-18 21:00:00,0.4756
2016-05-18 22:00:00,0.5916
2016-05-18 23:00:00,0.3828
2016-05-19 00:00:00,0.3248
2016-05-19 01:00:00,0.348
2016-05-19 02:00:00,0.29
2016-05-19 03:00:00,0.2436
2016-05-19 04:00:00,0.0928
2016-05-19 05:00:00,0.0928
2016-05-19 06:00:00,0.1276
2016-05-19 07:00:00,0.1508
2016-05-19 08:00:00,0.2088
2016-05-19 09:00:00,0.4408
2016-05-19 10:00:00,0.3248
2016-05-19 11:00:00,0.1972
2016-05-19 12:00:00,0.174
2016-05-19 13:00:00,0.1624
2016-05-19 14:00:00,0.1972
2016-05-19 15:00:00,0.2552
2016-05-19 16:00:00,0.2088
2016-05-19 17:00:00,0.3132
2016-05-19 18:00:00,0.2204
2016-05-19 19:00:00,0.1972
2016-05-19 20:00:00,0.2204
2016-05-19 21:00:00,0.2436
2016-05-19 22:00:00,0.1856
2016-05-19 23:00:00,0.348
2016-05-20 00:00:00,0.5916
2016-05-20 01:00:00,0.4524
2016-05-20 02:00:00,0.2204
2016-05-20 03:00:00,0.1044
2016-05-20 04:00:00,0.2755
2016-05-20 05:00:00,0.1508
2016-05-20 06:00:00,0.1508
2016-05-20 07:00:00,0.2552
2016-05-20 08:00:00,0.2552
2016-05-20 09:00:00,0.3132
2016-05-20 10:00:00,0.1044
2016-05-20 11:00:00,0.1972
2016-05-20 12:00:00,0.4408
2016-05-20 13:00:00,0.406
2016-05-20 14:00:00,0.8004
2016-05-20 15:00:00,0.812
2016-05-20 16:00:00,0.3828
2016-05-20 17:00:00,0.7424
2016-05-20 18:00:00,0.7076
2016-05-20 19:00:00,0.5916
2016-05-20 20:00:00,0.3944
2016-05-20 21:00:00,0.3132
2016-05-20 22:00:00,0.1856
2016-05-20 23:00:00,0.1624
2016-05-21 00:00:00,0.1276
2016-05-21 01:00:00,0.348
2016-05-21 02:00:00,0.3364
2016-05-21 03:00:00,0.2784
2016-05-21 04:00:00,0.3132
2016-05-21 05:00:00,0.2552
2016-05-21 06:00:00,0.2668
2016-05-21 07:00:00,0.5568
2016-05-21 08:00:00,0.3828
2016-05-21 09:00:00,0.4524
2016-05-21 10:00:00,0.5452
2016-05-21 11:00:00,0.1972
2016-05-21 12:00:00,0.5452
2016-05-21 13:00:00,0.2204
2016-05-21 14:00:00,0.5568
2016-05-21 15:00:00,0.8352
2016-05-21 16:00:00,0.986
2016-05-21 17:00:00,0.7076
2016-05-21 18:00:00,0.7192
2016-05-21 19:00:00,0.6496
2016-05-21 20:00:00,0.754
2016-05-21 21:00:00,0.9628
2016-05-21 22:00:00,0.9048
2016-05-21 23:00:00,0.7076
2016-05-22 00:00:00,0.7656
2016-05-22 01:00:00,0.58
2016-05-22 02:00:00,0.7192
2016-05-22 03:00:00,0.638
2016-05-22 04:00:00,0.4988
2016-05-22 05:00:00,0.2436
2016-05-22 06:00:00,0.2552
2016-05-22 07:00:00,0.2436
2016-05-22 08:00:00,0.2784
2016-05-22 09:00:00,0.1972
2016-05-22 10:00:00,0.2668
2016-05-22 11:00:00,0.3596
2016-05-22 12:00:00,0.2552
2016-05-22 13:00:00,0.2436
2016-05-22 14:00:00,0.2668
2016-05-22 15:00:00,0.3016
2016-05-22 16:00:00,0.406
2016-05-22 17:00:00,0.4988
2016-05-22 18:00:00,0.3132
2016-05-22 19:00:00,0.348
2016-05-22 20:00:00,0.3712
2016-05-22 21:00:00,0.3944
2016-05-22 22:00:00,0.5104
2016-05-22 23:00:00,0.4292
2016-05-23 00:00:00,0.464
2016-05-23 01:00:00,0.5336
2016-05-23 02:00:00,0.3364
2016-05-23 03:00:00,0.3596
2016-05-23 04:00:00,0.2552
2016-05-23 05:00:00,0.232
2016-05-23 06:00:00,0.1856
2016-05-23 07:00:00,0.2784
2016-05-23 08:00:00,0.406
2016-05-23 09:00:00,0.5684
2016-05-23 10:00:00,0.4176
2016-05-23 11:00:00,0.3248
2016-05-23 12:00:00,0.1972
2016-05-23 13:00:00,0.232
2016-05-23 14:00:00,0.2204
2016-05-23 15:00:00,0.2552
2016-05-23 16:00:00,0.2668
2016-05-23 17:00:00,0.2552
2016-05-23 18:00:00,0.232
2016-05-23 19:00:00,0.1972
2016-05-23 20:00:00,0.1624
2016-05-23 21:00:00,0.2088
2016-05-23 22:00:00,0.406
2016-05-23 23:00:00,0.5336
2016-05-24 00:00:00,0.3712
2016-05-24 01:00:00,0.232
2016-05-24 02:00:00,0.1276
2016-05-24 03:00:00,0.2204
2016-05-24 04:00:00,0.1856
2016-05-24 05:00:00,0.1276
2016-05-24 06:00:00,0.1856
2016-05-24 07:00:00,0.174
2016-05-24 08:00:00,0.232
2016-05-24 09:00:00,0.2204
2016-05-24 10:00:00,0.3828
2016-05-24 11:00:00,0.464
2016-05-24 12:00:00,0.5568
2016-05-24 13:00:00,0.58
2016-05-24 14:00:00,0.58
2016-05-24 15:00:00,0.638
2016-05-24 16:00:00,0.638
2016-05-24 17:00:00,0.5336
2016-05-24 18:00:00,0.5568
2016-05-24 19:00:00,0.58
2016-05-24 20:00:00,0.406
2016-05-24 21:00:00,0.4756
2016-05-24 22:00:00,0.406
2016-05-24 23:00:00,0.522
2016-05-25 00:00:00,0.5452
2016-05-25 01:00:00,0.2784
2016-05-25 02:00:00,0.2668
2016-05-25 03:00:00,0.2088
2016-05-25 04:00:00,0.1972
2016-05-25 05:00:00,0.1276
2016-05-25 06:00:00,0.0812
2016-05-25 07:00:00,0.2088
2016-05-25 08:00:00,0.2784
2016-05-25 09:00:00,0.4408
2016-05-25 10:00:00,0.464
2016-05-25 11:00:00,0.4756
2016-05-25 12:00:00,0.58
2016-05-25 13:00:00,0.3016
2016-05-25 14:00:00,0.3828
2016-05-25 15:00:00,0.4872
2016-05-25 16:00:00,0.406
2016-05-25 17:00:00,0.7076
2016-05-25 18:00:00,0.3828
2016-05-25 19:00:00,0.7076
2016-05-25 20:00:00,0.7888
2016-05-25 21:00:00,0.6496
2016-05-25 22:00:00,0.3828
2016-05-25 23:00:00,0.29
2016-05-26 00:00:00,0.1624
2016-05-26 01:00:00,0.1508
2016-05-26 02:00:00,0.3016
2016-05-26 03:00:00,0.2204
2016-05-26 04:00:00,0.1972
2016-05-26 05:00:00,0.174
2016-05-26 06:00:00,0.1508
2016-05-26 07:00:00,0.348
2016-05-26 08:00:00,0.522
2016-05-26 09:00:00,0.4988
2016-05-26 10:00:00,0.2784
2016-05-26 11:00:00,0.1508
2016-05-26 12:00:00,0.1856
2016-05-26 13:00:00,0.2088
2016-05-26 14:00:00,0.1972
2016-05-26 15:00:00,0.2784
2016-05-26 16:00:00,0.3596
2016-05-26 17:00:00,0.7424
2016-05-26 18:00:00,0.5452
2016-05-26 19:00:00,0.3132
2016-05-26 20:00:00,0.4292
2016-05-26 21:00:00,0.7192
2016-05-26 22:00:00,0.5684
2016-05-26 23:00:00,0.2784
2016-05-27 00:00:00,0.3248
2016-05-27 01:00:00,0.174
2016-05-27 02:00:00,0.232
2016-05-27 03:00:00,0.1508
2016-05-27 04:00:00,0.1856
2016-05-27 05:00:00,0.1856
2016-05-27 06:00:00,0.0928
2016-05-27 07:00:00,0.29
2016-05-27 08:00:00,0.406
2016-05-27 09:00:00,0.4408
2016-05-27 10:00:00,0.406
2016-05-27 11:00:00,0.2784
2016-05-27 12:00:00,0.4524
2016-05-27 13:00:00,0.4872
2016-05-27 14:00:00,0.2436
2016-05-27 15:00:00,0.1508
2016-05-27 16:00:00,0.4292
2016-05-27 17:00:00,0.3248
2016-05-27 18:00:00,0.2088
2016-05-27 19:00:00,0.2668
2016-05-27 20:00:00,0.4176
2016-05-27 21:00:00,0.1856
2016-05-27 22:00:00,0.29
2016-05-27 23:00:00,0.3364
2016-05-28 00:00:00,0.348
2016-05-28 01:00:00,0.406
2016-05-28 02:00:00,0.3596
2016-05-28 03:00:00,0.3132
2016-05-28 04:00:00,0.2436
2016-05-28 05:00:00,0.2204
2016-05-28 06:00:00,0.2436
2016-05-28 07:00:00,0.3132
2016-05-28 08:00:00,0.2204
2016-05-28 09:00:00,0.3132
2016-05-28 10:00:00,0.3132
2016-05-28 11:00:00,0.232
2016-05-28 12:00:00,0.2204
2016-05-28 13:00:00,0.2204
2016-05-28 14:00:00,0.3132
2016-05-28 15:00:00,0.2552
2016-05-28 16:00:00,0.2668
2016-05-28 17:00:00,0.2784
2016-05-28 18:00:00,0.2784
2016-05-28 19:00:00,0.2436
2016-05-28 20:00:00,0.6032
2016-05-28 21:00:00,0.5452
2016-05-28 22:00:00,0.4756
2016-05-28 23:00:00,0.4524
2016-05-29 00:00:00,0.5104
2016-05-29 01:00:00,0.4524
2016-05-29 02:00:00,0.2552
2016-05-29 03:00:00,0.2088
2016-05-29 04:00:00,0.3132
2016-05-29 05:00:00,0.2552
2016-05-29 06:00:00,0.2088
2016-05-29 07:00:00,0.29
2016-05-29 08:00:00,0.174
2016-05-29 09:00:00,0.2552
2016-05-29 10:00:00,0.3016
2016-05-29 11:00:00,0.1972
2016-05-29 12:00:00,0.2436
2016-05-29 13:00:00,0.2088
2016-05-29 14:00:00,0.2436
2016-05-29 15:00:00,0.2784
2016-05-29 16:00:00,0.2668
2016-05-29 17:00:00,0.29
2016-05-29 18:00:00,0.2552
2016-05-29 19:00:00,0.2784
2016-05-29 20:00:00,0.2552
2016-05-29 21:00:00,0.3364
2016-05-29 22:00:00,0.29
2016-05-29 23:00:00,0.3712
2016-05-30 00:00:00,0.5452
2016-05-30 01:00:00,0.406
2016-05-30 02:00:00,0.3364
2016-05-30 03:00:00,0.29
2016-05-30 04:00:00,0.174
2016-05-30 05:00:00,0.1044
2016-05-30 06:00:00,0.174
2016-05-30 07:00:00,0.3364
2016-05-30 08:00:00,0.4988
2016-05-30 09:00:00,0.7424
2016-05-30 10:00:00,0.3016
2016-05-30 11:00:00,0.2784
2016-05-30 12:00:00,0.3132
2016-05-30 13:00:00,0.3944
2016-05-30 14:00:00,0.3132
2016-05-30 15:00:00,0.3944
2016-05-30 16:00:00,0.3132
2016-05-30 17:00:00,0.4176
2016-05-30 18:00:00,0.3712
2016-05-30 19:00:00,0.3596
2016-05-30 20:00:00,0.7192
2016-05-30 21:00:00,0.5452
2016-05-30 22:00:00,0.3944
2016-05-30 23:00:00,0.232
2016-05-31 00:00:00,0.3016
2016-05-31 01:00:00,0.3712
2016-05-31 02:00:00,0.3944
2016-05-31 03:00:00,0.2204
2016-05-31 04:00:00,0.174
2016-05-31 05:00:00,0.3016
2016-05-31 06:00:00,0.3712
2016-05-31 07:00:00,0.29
2016-05-31 08:00:00,0.4988
2016-05-31 09:00:00,0.638
2016-05-31 10:00:00,0.406
2016-05-31 11:00:00,0.29
2016-05-31 12:00:00,0.4988
2016-05-31 13:00:00,0.3364
2016-05-31 14:00:00,0.348
2016-05-31 15:00:00,0.522
2016-05-31 16:00:00,0.4524
2016-05-31 17:00:00,0.5336
2016-05-31 18:00:00,0.4176
2016-05-31 19:00:00,0.2552
2016-05-31 20:00:00,0.406
2016-05-31 21:00:00,0.4292
2016-05-31 22:00:00,0.4756
2016-05-31 23:00:00,0.4988
2016-06-01 00:00:00,0.522
2016-06-01 01:00:00,0.4872
2016-06-01 02:00:00,0.3712
2016-06-01 03:00:00,0.232
2016-06-01 04:00:00,0.174
2016-06-01 05:00:00,0.1276
2016-06-01 06:00:00,0.1392
2016-06-01 07:00:00,0.2668
2016-06-01 08:00:00,0.3364
2016-06-01 09:00:00,0.5452
2016-06-01 10:00:00,0.3596
2016-06-01 11:00:00,0.5104
2016-06-01 12:00:00,0.3828
2016-06-01 13:00:00,0.2552
2016-06-01 14:00:00,0.2204
2016-06-01 15:00:00,0.1624
2016-06-01 16:00:00,0.1972
2016-06-01 17:00:00,0.2436
2016-06-01 18:00:00,0.2088
2016-06-01 19:00:00,0.7772
2016-06-01 20:00:00,0.3364
2016-06-01 21:00:00,0.2088
2016-06-01 22:00:00,0.2784
2016-06-01 23:00:00,0.6032
2016-06-02 00:00:00,0.406
2016-06-02 01:00:00,0.58
2016-06-02 02:00:00,0.3712
2016-06-02 03:00:00,0.2088
2016-06-02 04:00:00,0.1392
2016-06-02 05:00:00,0.1508
2016-06-02 06:00:00,0.1624
2016-06-02 07:00:00,0.2552
2016-06-02 08:00:00,0.3712
2016-06-02 09:00:00,0.3828
2016-06-02 10:00:00,0.2784
2016-06-02 11:00:00,0.2552
2016-06-02 12:00:00,0.2204
2016-06-02 13:00:00,0.3248
2016-06-02 14:00:00,0.1972
2016-06-02 15:00:00,0.1624
2016-06-02 16:00:00,0.2204
2016-06-02 17:00:00,0.3248
2016-06-02 18:00:00,0.1508
2016-06-02 19:00:00,0.1392
2016-06-02 20:00:00,0.406
2016-06-02 21:00:00,0.174
2016-06-02 22:00:00,0.174
2016-06-02 23:00:00,0.4524
2016-06-03 00:00:00,0.2784
2016-06-03 01:00:00,0.3364
2016-06-03 02:00:00,0.1856
2016-06-03 03:00:00,0.1508
2016-06-03 04:00:00,0.1044
2016-06-03 05:00:00,0.0696
2016-06-03 06:00:00,0.0928
2016-06-03 07:00:00,0.3248
2016-06-03 08:00:00,0.348
2016-06-03 09:00:00,0.4524
2016-06-03 10:00:00,0.4176
2016-06-03 11:00:00,0.1972
2016-06-03 12:00:00,0.406
2016-06-03 13:00:00,0.3132
2016-06-03 14:00:00,0.3712
2016-06-03 15:00:00,0.5916
2016-06-03 16:00:00,0.4988
2016-06-03 17:00:00,0.7308
2016-06-03 18:00:00,0.2436
2016-06-03 19:00:00,0.3364
2016-06-03 20:00:00,0.4872
2016-06-03 21:00:00,0.3364
2016-06-03 22:00:00,0.3712
2016-06-03 23:00:00,0.2088
2016-06-04 00:00:00,0.116
2016-06-04 01:00:00,0.232
2016-06-04 02:00:00,0.3828
2016-06-04 03:00:00,0.174
2016-06-04 04:00:00,0.116
2016-06-04 05:00:00,0.0812
2016-06-04 06:00:00,0.0812
2016-06-04 07:00:00,0.1856
2016-06-04 08:00:00,0.1044
2016-06-04 09:00:00,0.1276
2016-06-04 10:00:00,0.1624
2016-06-04 11:00:00,0.2088
2016-06-04 12:00:00,0.2552
2016-06-04 13:00:00,0.2668
2016-06-04 14:00:00,0.1972
2016-06-04 15:00:00,0.3364
2016-06-04 16:00:00,0.3016
2016-06-04 17:00:00,0.4408
2016-06-04 18:00:00,0.3132
2016-06-04 19:00:00,0.3828
2016-06-04 20:00:00,0.3248
2016-06-04 21:00:00,0.3828
2016-06-04 22:00:00,0.3712
2016-06-04 23:00:00,0.464
2016-06-05 00:00:00,0.3248
2016-06-05 01:00:00,0.3828
2016-06-05 02:00:00,0.348
2016-06-05 03:00:00,0.2204
2016-06-05 04:00:00,0.1508
2016-06-05 05:00:00,0.1276
2016-06-05 06:00:00,0.1044
2016-06-05 07:00:00,0.0232
2016-06-05 08:00:00,0.0348
2016-06-05 09:00:00,0.1856
2016-06-05 10:00:00,0.29
2016-06-05 11:00:00,0.2088
2016-06-05 12:00:00,0.3248
2016-06-05 13:00:00,0.1276
2016-06-05 14:00:00,0.174
2016-06-05 15:00:00,0.3944
2016-06-05 16:00:00,0.4176
2016-06-05 17:00:00,0.1972
2016-06-05 18:00:00,0.1276
2016-06-05 19:00:00,0.3944
2016-06-05 20:00:00,0.4292
2016-06-05 21:00:00,0.406
2016-06-05 22:00:00,0.4872
2016-06-05 23:00:00,0.0928
2016-06-06 00:00:00,0.058
2016-06-06 01:00:00,0.0696
2016-06-06 02:00:00,0.0464
2016-06-06 03:00:00,0.116
2016-06-06 04:00:00,0.0232
2016-06-06 05:00:00,0.0696
2016-06-06 06:00:00,0.0812
2016-06-06 07:00:00,0.1392
2016-06-06 08:00:00,0.5916
2016-06-06 09:00:00,0.2668
2016-06-06 10:00:00,0.2088
2016-06-06 11:00:00,0.3248
2016-06-06 12:00:00,0.4872
2016-06-06 13:00:00,0.5104
2016-06-06 14:00:00,0.3248
2016-06-06 15:00:00,0.5336
2016-06-06 16:00:00,0.522
2016-06-06 17:00:00,0.2668
2016-06-06 18:00:00,0.1856
2016-06-06 19:00:00,0.4292
2016-06-06 20:00:00,0.406
2016-06-06 21:00:00,0.29
2016-06-06 22:00:00,0.4176
2016-06-06 23:00:00,0.3364
2016-06-07 00:00:00,0.3248
2016-06-07 01:00:00,0.232
2016-06-07 02:00:00,0.1392
2016-06-07 03:00:00,0.0348
2016-06-07 04:00:00,0.0232
2016-06-07 05:00:00,0.0232
2016-06-07 06:00:00,0.0464
2016-06-07 07:00:00,0.3712
2016-06-07 08:00:00,0.3944
2016-06-07 09:00:00,0.5104
2016-06-07 10:00:00,0.406
2016-06-07 11:00:00,0.348
2016-06-07 12:00:00,0.232
2016-06-07 13:00:00,0.4524
2016-06-07 14:00:00,0.232
2016-06-07 15:00:00,0.3016
2016-06-07 16:00:00,0.3132
2016-06-07 17:00:00,0.232
2016-06-07 18:00:00,0.4756
2016-06-07 19:00:00,0.58
2016-06-07 20:00:00,0.4756
2016-06-07 21:00:00,0.3364
2016-06-07 22:00:00,0.6496
2016-06-07 23:00:00,0.3132
2016-06-08 00:00:00,0.2552
2016-06-08 01:00:00,0.4524
2016-06-08 02:00:00,0.2552
2016-06-08 03:00:00,0.0696
2016-06-08 04:00:00,0.0348
2016-06-08 05:00:00,0.34413333333333335
2016-06-08 06:00:00,0.0464
2016-06-08 07:00:00,0.116
2016-06-08 08:00:00,0.3132
2016-06-08 09:00:00,0.3828
2016-06-08 10:00:00,0.2204
2016-06-08 11:00:00,0.1856
2016-06-08 12:00:00,0.2204
2016-06-08 13:00:00,0.1508
2016-06-08 14:00:00,0.2088
2016-06-08 15:00:00,0.174
2016-06-08 16:00:00,0.1508
2016-06-08 17:00:00,0.1624
2016-06-08 18:00:00,0.1508
2016-06-08 19:00:00,0.3364
2016-06-08 20:00:00,0.174
2016-06-08 21:00:00,0.1392
2016-06-08 22:00:00,0.0812
2016-06-08 23:00:00,0.1276
2016-06-09 00:00:00,0.0928
2016-06-09 01:00:00,0.174
2016-06-09 02:00:00,0.1856
2016-06-09 03:00:00,0.1392
2016-06-09 04:00:00,0.1972
2016-06-09 05:00:00,0.1276
2016-06-09 06:00:00,0.1392
2016-06-09 07:00:00,0.1856
2016-06-09 08:00:00,0.232
2016-06-09 09:00:00,0.1392
2016-06-09 10:00:00,0.2088
2016-06-09 11:00:00,0.232
2016-06-09 12:00:00,0.2436
2016-06-09 13:00:00,0.2088
2016-06-09 14:00:00,0.29
2016-06-09 15:00:00,0.3132
2016-06-09 16:00:00,0.3132
2016-06-09 17:00:00,0.3132
2016-06-09 18:00:00,0.348
2016-06-09 19:00:00,0.29
2016-06-09 20:00:00,0.3132
2016-06-09 21:00:00,0.232
2016-06-09 22:00:00,0.174
2016-06-09 23:00:00,0.1972
2016-06-10 00:00:00,0.29
2016-06-10 01:00:00,0.3016
2016-06-10 02:00:00,0.232
2016-06-10 03:00:00,0.1392
2016-06-10 04:00:00,0.1392
2016-06-10 05:00:00,0.0928
2016-06-10 06:00:00,0.1044
2016-06-10 07:00:00,0.2552
2016-06-10 08:00:00,0.4408
2016-06-10 09:00:00,0.3248
2016-06-10 10:00:00,0.3132
2016-06-10 11:00:00,0.1856
2016-06-10 12:00:00,0.2204
2016-06-10 13:00:00,0.2784
2016-06-10 14:00:00,0.2668
2016-06-10 15:00:00,0.464
2016-06-10 16:00:00,0.5684
2016-06-10 17:00:00,0.3828
2016-06-10 18:00:00,0.4292
2016-06-10 19:00:00,0.348
2016-06-10 20:00:00,0.3016
2016-06-10 21:00:00,0.4524
2016-06-10 22:00:00,0.4176
2016-06-10 23:00:00,0.4988
2016-06-11 00:00:00,0.754
2016-06-11 01:00:00,0.2784
2016-06-11 02:00:00,0.4756
2016-06-11 03:00:00,0.4176
2016-06-11 04:00:00,0.29
2016-06-11 05:00:00,0.2204
2016-06-11 06:00:00,0.1508
2016-06-11 07:00:00,0.2088
2016-06-11 08:00:00,0.2436
2016-06-11 09:00:00,0.29
2016-06-11 10:00:00,0.2552
2016-06-11 11:00:00,0.2668
2016-06-11 12:00:00,0.174
2016-06-11 13:00:00,0.174
2016-06-11 14:00:00,0.232
2016-06-11 15:00:00,0.29
2016-06-11 16:00:00,0.29
2016-06-11 17:00:00,0.3596
2016-06-11 18:00:00,0.3132
2016-06-11 19:00:00,0.3364
2016-06-11 20:00:00,0.8584
2016-06-11 21:00:00,0.3944
2016-06-11 22:00:00,0.4292
2016-06-11 23:00:00,0.4756
2016-06-12 00:00:00,0.3712
2016-06-12 01:00:00,0.406
2016-06-12 02:00:00,0.4524
2016-06-12 03:00:00,0.3712
2016-06-12 04:00:00,0.3944
2016-06-12 05:00:00,0.232
2016-06-12 06:00:00,0.2668
2016-06-12 07:00:00,0.3016
2016-06-12 08:00:00,0.2204
2016-06-12 09:00:00,0.1972
2016-06-12 10:00:00,0.1508
2016-06-12 11:00:00,0.1624
2016-06-12 12:00:00,0.1276
2016-06-12 13:00:00,0.2204
2016-06-12 14:00:00,0.2204
2016-06-12 15:00:00,0.4408
2016-06-12 16:00:00,0.4756
2016-06-12 17:00:00,0.348
2016-06-12 18:00:00,0.29
2016-06-12 19:00:00,0.4292
2016-06-12 20:00:00,0.464
2016-06-12 21:00:00,0.3944
2016-06-12 22:00:00,0.2088
2016-06-12 23:00:00,0.7076
2016-06-13 00:00:00,0.638
2016-06-13 01:00:00,0.4756
2016-06-13 02:00:00,0.2552
2016-06-13 03:00:00,0.2552
2016-06-13 04:00:00,0.2552
2016-06-13 05:00:00,0.174
2016-06-13 06:00:00,0.2088
2016-06-13 07:00:00,0.2204
2016-06-13 08:00:00,0.6496
2016-06-13 09:00:00,0.4292
2016-06-13 10:00:00,0.4872
2016-06-13 11:00:00,0.638
2016-06-13 12:00:00,0.2668
2016-06-13 13:00:00,0.232
2016-06-13 14:00:00,0.1972
2016-06-13 15:00:00,0.2088
2016-06-13 16:00:00,0.2204
2016-06-13 17:00:00,0.2436
2016-06-13 18:00:00,0.2436
2016-06-13 19:00:00,0.4176
2016-06-13 20:00:00,0.29
2016-06-13 21:00:00,0.5104
2016-06-13 22:00:00,0.4408
2016-06-13 23:00:00,0.5684
2016-06-14 00:00:00,0.5452
2016-06-14 01:00:00,0.2784
2016-06-14 02:00:00,0.1972
2016-06-14 03:00:00,0.1044
2016-06-14 04:00:00,0.1276
2016-06-14 05:00:00,0.0928
2016-06-14 06:00:00,0.0812
2016-06-14 07:00:00,0.3016
2016-06-14 08:00:00,0.4176
2016-06-14 09:00:00,0.2668
2016-06-14 10:00:00,0.2668
2016-06-14 11:00:00,0.2204
2016-06-14 12:00:00,0.3596
2016-06-14 13:00:00,0.232
2016-06-14 14:00:00,0.406
2016-06-14 15:00:00,0.5104
2016-06-14 16:00:00,0.3248
2016-06-14 17:00:00,0.3596
2016-06-14 18:00:00,0.2668
2016-06-14 19:00:00,0.2088
2016-06-14 20:00:00,0.3364
2016-06-14 21:00:00,0.3944
2016-06-14 22:00:00,0.348
2016-06-14 23:00:00,0.754
2016-06-15 00:00:00,0.7424
2016-06-15 01:00:00,0.6264
2016-06-15 02:00:00,0.3016
2016-06-15 03:00:00,0.174
2016-06-15 04:00:00,0.1856
2016-06-15 05:00:00,0.1276
2016-06-15 06:00:00,0.1508
2016-06-15 07:00:00,0.1856
2016-06-15 08:00:00,0.3016
2016-06-15 09:00:00,0.2668
2016-06-15 10:00:00,0.1972
2016-06-15 11:00:00,0.2204
2016-06-15 12:00:00,0.3596
2016-06-15 13:00:00,0.5452
2016-06-15 14:00:00,0.5568
2016-06-15 15:00:00,0.6728
2016-06-15 16:00:00,0.7308
2016-06-15 17:00:00,0.7772
2016-06-15 18:00:00,0.7424
2016-06-15 19:00:00,0.6496
2016-06-15 20:00:00,0.7192
2016-06-15 21:00:00,0.3364
2016-06-15 22:00:00,0.348
2016-06-15 23:00:00,0.5568
2016-06-16 00:00:00,0.3712
2016-06-16 01:00:00,0.6264
2016-06-16 02:00:00,0.4292
2016-06-16 03:00:00,0.2784
2016-06-16 04:00:00,0.2552
2016-06-16 05:00:00,0.1508
2016-06-16 06:00:00,0.174
2016-06-16 07:00:00,0.3364
2016-06-16 08:00:00,0.522
2016-06-16 09:00:00,0.2668
2016-06-16 10:00:00,0.2088
2016-06-16 11:00:00,0.2204
2016-06-16 12:00:00,0.3016
2016-06-16 13:00:00,0.2204
2016-06-16 14:00:00,0.2668
2016-06-16 15:00:00,0.3016
2016-06-16 16:00:00,0.3828
2016-06-16 17:00:00,0.4872
2016-06-16 18:00:00,0.2204
2016-06-16 19:00:00,0.2436
2016-06-16 20:00:00,0.4988
2016-06-16 21:00:00,0.8584
2016-06-16 22:00:00,0.4988
2016-06-16 23:00:00,0.348
2016-06-17 00:00:00,0.3132
2016-06-17 01:00:00,0.4756
2016-06-17 02:00:00,0.4524
2016-06-17 03:00:00,0.3132
2016-06-17 04:00:00,0.1392
2016-06-17 05:00:00,0.0928
2016-06-17 06:00:00,0.0928
2016-06-17 07:00:00,0.2204
2016-06-17 08:00:00,0.2668
2016-06-17 09:00:00,0.2668
2016-06-17 10:00:00,0.2204
2016-06-17 11:00:00,0.1856
2016-06-17 12:00:00,0.1856
2016-06-17 13:00:00,0.1508
2016-06-17 14:00:00,0.1856
2016-06-17 15:00:00,0.232
2016-06-17 16:00:00,0.29
2016-06-17 17:00:00,0.2784
2016-06-17 18:00:00,0.3248
2016-06-17 19:00:00,0.3712
2016-06-17 20:00:00,0.6728
2016-06-17 21:00:00,0.2552
2016-06-17 22:00:00,0.4292
2016-06-17 23:00:00,0.87
2016-06-18 00:00:00,0.6728
2016-06-18 01:00:00,0.348
2016-06-18 02:00:00,0.348
2016-06-18 03:00:00,0.1508
2016-06-18 04:00:00,0.2088
2016-06-18 05:00:00,0.0812
2016-06-18 06:00:00,0.116
2016-06-18 07:00:00,0.1856
2016-06-18 08:00:00,0.2552
2016-06-18 09:00:00,0.2204
2016-06-18 10:00:00,0.2088
2016-06-18 11:00:00,0.116
2016-06-18 12:00:00,0.1972
2016-06-18 13:00:00,0.1972
2016-06-18 14:00:00,0.2436
2016-06-18 15:00:00,0.4292
2016-06-18 16:00:00,0.4524
2016-06-18 17:00:00,0.58
2016-06-18 18:00:00,0.464
2016-06-18 19:00:00,0.3596
2016-06-18 20:00:00,0.2784
2016-06-18 21:00:00,0.4524
2016-06-18 22:00:00,0.8004
2016-06-18 23:00:00,0.87
2016-06-19 00:00:00,0.7656
2016-06-19 01:00:00,0.6264
2016-06-19 02:00:00,0.3944
2016-06-19 03:00:00,0.3016
2016-06-19 04:00:00,0.1624
2016-06-19 05:00:00,0.116
2016-06-19 06:00:00,0.1508
2016-06-19 07:00:00,0.2204
2016-06-19 08:00:00,0.1508
2016-06-19 09:00:00,0.2668
2016-06-19 10:00:00,0.2204
2016-06-19 11:00:00,0.2204
2016-06-19 12:00:00,0.3248
2016-06-19 13:00:00,0.232
2016-06-19 14:00:00,0.348
2016-06-19 15:00:00,0.4756
2016-06-19 16:00:00,0.348
2016-06-19 17:00:00,0.2668
2016-06-19 18:00:00,0.2784
2016-06-19 19:00:00,0.3016
2016-06-19 20:00:00,0.1276
2016-06-19 21:00:00,0.0696
2016-06-19 22:00:00,0.3712
2016-06-19 23:00:00,0.3828
2016-06-20 00:00:00,0.5452
2016-06-20 01:00:00,0.348
2016-06-20 02:00:00,0.3944
2016-06-20 03:00:00,0.1972
2016-06-20 04:00:00,0.116
2016-06-20 05:00:00,0.0232
2016-06-20 06:00:00,0.0696
2016-06-20 07:00:00,0.0696
2016-06-20 08:00:00,0.1392
2016-06-20 09:00:00,0.2552
2016-06-20 10:00:00,0.3712
2016-06-20 11:00:00,0.2784
2016-06-20 12:00:00,0.1624
2016-06-20 13:00:00,0.2204
2016-06-20 14:00:00,0.3596
2016-06-20 15:00:00,0.3712
2016-06-20 16:00:00,0.3596
2016-06-20 17:00:00,0.3248
2016-06-20 18:00:00,0.1972
2016-06-20 19:00:00,0.2204
2016-06-20 20:00:00,0.3712
2016-06-20 21:00:00,0.3364
2016-06-20 22:00:00,0.6496
2016-06-20 23:00:00,0.3828
2016-06-21 00:00:00,0.3016
2016-06-21 01:00:00,0.406
2016-06-21 02:00:00,0.3364
2016-06-21 03:00:00,0.1972
2016-06-21 04:00:00,0.2552
2016-06-21 05:00:00,0.0696
2016-06-21 06:00:00,0.0928
2016-06-21 07:00:00,0.2552
2016-06-21 08:00:00,0.1972
2016-06-21 09:00:00,0.4524
2016-06-21 10:00:00,0.3132
2016-06-21 11:00:00,0.1972
2016-06-21 12:00:00,0.3132
2016-06-21 13:00:00,0.3828
2016-06-21 14:00:00,0.3248
2016-06-21 15:00:00,0.3712
2016-06-21 16:00:00,0.3016
2016-06-21 17:00:00,0.3944
2016-06-21 18:00:00,0.232
2016-06-21 19:00:00,0.2204
2016-06-21 20:00:00,0.5452
2016-06-21 21:00:00,0.9512
2016-06-21 22:00:00,0.7656
2016-06-21 23:00:00,0.9048
2016-06-22 00:00:00,0.7772
2016-06-22 01:00:00,0.4408
2016-06-22 02:00:00,0.3828
2016-06-22 03:00:00,0.1856
2016-06-22 04:00:00,0.058
2016-06-22 05:00:00,0.4881666666666667
2016-06-22 06:00:00,0.0812
2016-06-22 07:00:00,0.1624
2016-06-22 08:00:00,0.406
2016-06-22 09:00:00,0.29
2016-06-22 10:00:00,0.3132
2016-06-22 11:00:00,0.3132
2016-06-22 12:00:00,0.4524
2016-06-22 13:00:00,0.5336
2016-06-22 14:00:00,0.406
2016-06-22 15:00:00,0.348
2016-06-22 16:00:00,0.3132
2016-06-22 17:00:00,0.3596
2016-06-22 18:00:00,0.2204
2016-06-22 19:00:00,0.1392
2016-06-22 20:00:00,0.58
2016-06-22 21:00:00,0.2436
2016-06-22 22:00:00,0.2436
2016-06-22 23:00:00,0.406
2016-06-23 00:00:00,0.5452
2016-06-23 01:00:00,0.464
2016-06-23 02:00:00,0.232
2016-06-23 03:00:00,0.1392
2016-06-23 04:00:00,0.058
2016-06-23 05:00:00,0.0348
2016-06-23 06:00:00,0.0696
2016-06-23 07:00:00,0.0464
2016-06-23 08:00:00,0.3132
2016-06-23 09:00:00,0.232
2016-06-23 10:00:00,0.2784
2016-06-23 11:00:00,0.232
2016-06-23 12:00:00,0.1044
2016-06-23 13:00:00,0.116
2016-06-23 14:00:00,0.3132
2016-06-23 15:00:00,0.2784
2016-06-23 16:00:00,0.174
2016-06-23 17:00:00,0.3596
2016-06-23 18:00:00,0.5568
2016-06-23 19:00:00,0.3248
2016-06-23 20:00:00,0.58
2016-06-23 21:00:00,0.3248
2016-06-23 22:00:00,0.3712
2016-06-23 23:00:00,0.5452
2016-06-24 00:00:00,0.6148
2016-06-24 01:00:00,0.6844
2016-06-24 02:00:00,0.2088
2016-06-24 03:00:00,0.174
2016-06-24 04:00:00,0.1392
2016-06-24 05:00:00,0.1508
2016-06-24 06:00:00,0.1044
2016-06-24 07:00:00,0.2668
2016-06-24 08:00:00,0.4524
2016-06-24 09:00:00,0.3132
2016-06-24 10:00:00,0.2204
2016-06-24 11:00:00,0.0696
2016-06-24 12:00:00,0.1624
2016-06-24 13:00:00,0.174
2016-06-24 14:00:00,0.348
2016-06-24 15:00:00,0.2088
2016-06-24 16:00:00,0.2204
2016-06-24 17:00:00,0.2552
2016-06-24 18:00:00,0.5104
2016-06-24 19:00:00,0.5452
2016-06-24 20:00:00,0.348
2016-06-24 21:00:00,0.3132
2016-06-24 22:00:00,0.2204
2016-06-24 23:00:00,0.3364
2016-06-25 00:00:00,0.4524
2016-06-25 01:00:00,0.4988
2016-06-25 02:00:00,0.2668
2016-06-25 03:00:00,0.1276
2016-06-25 04:00:00,0.1392
2016-06-25 05:00:00,0.0696
2016-06-25 06:00:00,0.0928
2016-06-25 07:00:00,0.0928
2016-06-25 08:00:00,0.0464
2016-06-25 09:00:00,0.2204
2016-06-25 10:00:00,0.2088
2016-06-25 11:00:00,0.0696
2016-06-25 12:00:00,0.19043333333333332
2016-06-25 13:00:00,0.0348
2016-06-25 14:00:00,0.0928
2016-06-25 15:00:00,0.1392
2016-06-25 16:00:00,0.1508
2016-06-25 17:00:00,0.1972
2016-06-25 18:00:00,0.2668
2016-06-25 19:00:00,0.174
2016-06-25 20:00:00,0.0812
2016-06-25 21:00:00,0.1044
2016-06-25 22:00:00,0.4176
2016-06-25 23:00:00,0.2784
2016-06-26 00:00:00,0.696
2016-06-26 01:00:00,0.9164
2016-06-26 02:00:00,0.5336
2016-06-26 03:00:00,0.4176
2016-06-26 04:00:00,0.232
2016-06-26 05:00:00,0.1972
2016-06-26 06:00:00,0.1856
2016-06-26 07:00:00,0.3016
2016-06-26 08:00:00,0.1972
2016-06-26 09:00:00,0.1856
2016-06-26 10:00:00,0.116
2016-06-26 11:00:00,0.1392
2016-06-26 12:00:00,0.2088
2016-06-26 13:00:00,0.2552
2016-06-26 14:00:00,0.3248
2016-06-26 15:00:00,0.3828
2016-06-26 16:00:00,0.2088
2016-06-26 17:00:00,0.3364
2016-06-26 18:00:00,0.3596
2016-06-26 19:00:00,0.406
2016-06-26 20:00:00,0.3712
2016-06-26 21:00:00,0.3828
2016-06-26 22:00:00,0.2784
2016-06-26 23:00:00,0.4524
2016-06-27 00:00:00,0.2668
2016-06-27 01:00:00,0.3596
2016-06-27 02:00:00,0.232
2016-06-27 03:00:00,0.116
2016-06-27 04:00:00,0.1624
2016-06-27 05:00:00,0.1044
2016-06-27 06:00:00,0.058
2016-06-27 07:00:00,0.0696
2016-06-27 08:00:00,0.2784
2016-06-27 09:00:00,0.348
2016-06-27 10:00:00,0.4756
2016-06-27 11:00:00,0.2784
2016-06-27 12:00:00,0.4176
2016-06-27 13:00:00,0.4524
2016-06-27 14:00:00,0.3828
2016-06-27 15:00:00,0.4524
2016-06-27 16:00:00,0.6148
2016-06-27 17:00:00,0.6148
2016-06-27 18:00:00,0.3712
2016-06-27 19:00:00,0.2436
2016-06-27 20:00:00,0.3828
2016-06-27 21:00:00,0.3364
2016-06-27 22:00:00,0.348
2016-06-27 23:00:00,0.464
2016-06-28 00:00:00,0.406
2016-06-28 01:00:00,0.5104
2016-06-28 02:00:00,0.3596
2016-06-28 03:00:00,0.2088
2016-06-28 04:00:00,0.1508
2016-06-28 05:00:00,0.116
2016-06-28 06:00:00,0.1508
2016-06-28 07:00:00,0.2784
2016-06-28 08:00:00,0.5568
2016-06-28 09:00:00,0.3828
2016-06-28 10:00:00,0.2668
2016-06-28 11:00:00,0.4524
2016-06-28 12:00:00,0.4524
2016-06-28 13:00:00,0.3248
2016-06-28 14:00:00,0.3132
2016-06-28 15:00:00,0.29
2016-06-28 16:00:00,0.348
2016-06-28 17:00:00,0.406
2016-06-28 18:00:00,0.348
2016-06-28 19:00:00,0.2668
2016-06-28 20:00:00,0.2088
2016-06-28 21:00:00,0.2204
2016-06-28 22:00:00,0.2784
2016-06-28 23:00:00,0.464
2016-06-29 00:00:00,0.4872
2016-06-29 01:00:00,0.4408
2016-06-29 02:00:00,0.232
2016-06-29 03:00:00,0.1624
2016-06-29 04:00:00,0.1392
2016-06-29 05:00:00,0.1276
2016-06-29 06:00:00,0.1856
2016-06-29 07:00:00,0.1972
2016-06-29 08:00:00,0.406
2016-06-29 09:00:00,0.5684
2016-06-29 10:00:00,0.3132
2016-06-29 11:00:00,0.29
2016-06-29 12:00:00,0.3132
2016-06-29 13:00:00,0.3828
2016-06-29 14:00:00,0.3712
2016-06-29 15:00:00,0.5916
2016-06-29 16:00:00,0.58
2016-06-29 17:00:00,0.5452
2016-06-29 18:00:00,0.2668
2016-06-29 19:00:00,0.3828
2016-06-29 20:00:00,0.3828
2016-06-29 21:00:00,0.3248
2016-06-29 22:00:00,0.6264
2016-06-29 23:00:00,0.5452
2016-06-30 00:00:00,0.7192
2016-06-30 01:00:00,0.3944
2016-06-30 02:00:00,0.3828
2016-06-30 03:00:00,0.232
2016-06-30 04:00:00,0.2088
2016-06-30 05:00:00,0.116
2016-06-30 06:00:00,0.1508
2016-06-30 07:00:00,0.2668
2016-06-30 08:00:00,0.3248
2016-06-30 09:00:00,0.3944
2016-06-30 10:00:00,0.3016
2016-06-30 11:00:00,0.2668
2016-06-30 12:00:00,0.3596
2016-06-30 13:00:00,0.4176
2016-06-30 14:00:00,0.5336
2016-06-30 15:00:00,0.6496
2016-06-30 16:00:00,0.5684
2016-06-30 17:00:00,0.7308
2016-06-30 18:00:00,0.464
2016-06-30 19:00:00,0.3596
2016-06-30 20:00:00,0.9512
2016-06-30 21:00:00,0.6496
2016-06-30 22:00:00,0.5916
2016-06-30 23:00:00,0.4524
2016-07-01 00:00:00,0.6148
2016-07-01 01:00:00,0.4176
2016-07-01 02:00:00,0.3132
2016-07-01 03:00:00,0.3132
2016-07-01 04:00:00,0.2436
2016-07-01 05:00:00,0.2088
2016-07-01 06:00:00,0.1508
2016-07-01 07:00:00,0.232
2016-07-01 08:00:00,0.4988
2016-07-01 09:00:00,0.4524
2016-07-01 10:00:00,0.5568
2016-07-01 11:00:00,0.4524
2016-07-01 12:00:00,0.348
2016-07-01 13:00:00,0.4756
2016-07-01 14:00:00,0.464
2016-07-01 15:00:00,0.5684
2016-07-01 16:00:00,0.6844
2016-07-01 17:00:00,0.6728
2016-07-01 18:00:00,0.5104
2016-07-01 19:00:00,0.4292
2016-07-01 20:00:00,0.3364
2016-07-01 21:00:00,0.4524
2016-07-01 22:00:00,0.3828
2016-07-01 23:00:00,0.2088
2016-07-02 00:00:00,0.5336
2016-07-02 01:00:00,0.3248
2016-07-02 02:00:00,0.2436
2016-07-02 03:00:00,0.1856
2016-07-02 04:00:00,0.2204
2016-07-02 05:00:00,0.174
2016-07-02 06:00:00,0.1276
2016-07-02 07:00:00,0.2204
2016-07-02 08:00:00,0.2552
2016-07-02 09:00:00,0.3828
2016-07-02 10:00:00,0.2552
2016-07-02 11:00:00,0.3016
2016-07-02 12:00:00,0.2784
2016-07-02 13:00:00,0.3596
2016-07-02 14:00:00,0.3016
2016-07-02 15:00:00,0.348
2016-07-02 16:00:00,0.3364
2016-07-02 17:00:00,0.348
2016-07-02 18:00:00,0.2088
2016-07-02 19:00:00,0.1972
2016-07-02 20:00:00,0.174
2016-07-02 21:00:00,0.3248
2016-07-02 22:00:00,0.3364
2016-07-02 23:00:00,0.3248
2016-07-03 00:00:00,0.2436
2016-07-03 01:00:00,0.3132
2016-07-03 02:00:00,0.3712
2016-07-03 03:00:00,0.4408
2016-07-03 04:00:00,0.2668
2016-07-03 05:00:00,0.174
2016-07-03 06:00:00,0.1276
2016-07-03 07:00:00,0.116
2016-07-03 08:00:00,0.1856
2016-07-03 09:00:00,0.2088
2016-07-03 10:00:00,0.348
2016-07-03 11:00:00,0.3132
2016-07-03 12:00:00,0.3016
2016-07-03 13:00:00,0.3828
2016-07-03 14:00:00,0.4292
2016-07-03 15:00:00,0.4988
2016-07-03 16:00:00,0.3016
2016-07-03 17:00:00,0.3596
2016-07-03 18:00:00,0.3016
2016-07-03 19:00:00,0.3596
2016-07-03 20:00:00,0.812
2016-07-03 21:00:00,0.4988
2016-07-03 22:00:00,0.7772
2016-07-03 23:00:00,0.5452
2016-07-04 00:00:00,0.4756
2016-07-04 01:00:00,0.4524
2016-07-04 02:00:00,0.4292
2016-07-04 03:00:00,0.2204
2016-07-04 04:00:00,0.1508
2016-07-04 05:00:00,0.1044
2016-07-04 06:00:00,0.1856
2016-07-04 07:00:00,0.3944
2016-07-04 08:00:00,0.6264
2016-07-04 09:00:00,0.6612
2016-07-04 10:00:00,0.5916
2016-07-04 11:00:00,0.4988
2016-07-04 12:00:00,0.3364
2016-07-04 13:00:00,0.4524
2016-07-04 14:00:00,0.5104
2016-07-04 15:00:00,0.6264
2016-07-04 16:00:00,0.5452
2016-07-04 17:00:00,0.6496
2016-07-04 18:00:00,0.58
2016-07-04 19:00:00,0.2668
2016-07-04 20:00:00,0.464
2016-07-04 21:00:00,0.522
2016-07-04 22:00:00,0.5568
2016-07-04 23:00:00,0.6612
2016-07-05 00:00:00,0.4176
2016-07-05 01:00:00,0.3016
2016-07-05 02:00:00,0.2552
2016-07-05 03:00:00,0.1972
2016-07-05 04:00:00,0.0812
2016-07-05 05:00:00,0.0812
2016-07-05 06:00:00,0.1276
2016-07-05 07:00:00,0.2204
2016-07-05 08:00:00,0.3248
2016-07-05 09:00:00,0.2088
2016-07-05 10:00:00,0.2436
2016-07-05 11:00:00,0.174
2016-07-05 12:00:00,0.2204
2016-07-05 13:00:00,0.3132
2016-07-05 14:00:00,0.2552
2016-07-05 15:00:00,0.29
2016-07-05 16:00:00,0.3248
2016-07-05 17:00:00,0.3364
2016-07-05 18:00:00,0.3248
2016-07-05 19:00:00,0.2668
2016-07-05 20:00:00,0.5568
2016-07-05 21:00:00,0.6844
2016-07-05 22:00:00,0.3596
2016-07-05 23:00:00,0.464
2016-07-06 00:00:00,0.3364
2016-07-06 01:00:00,0.3132
2016-07-06 02:00:00,0.2784
2016-07-06 03:00:00,0.1392
2016-07-06 04:00:00,0.0928
2016-07-06 05:00:00,0.1044
2016-07-06 06:00:00,0.1276
2016-07-06 07:00:00,0.29
2016-07-06 08:00:00,0.4176
2016-07-06 09:00:00,0.3248
2016-07-06 10:00:00,0.29
2016-07-06 11:00:00,0.348
2016-07-06 12:00:00,0.2784
2016-07-06 13:00:00,0.5104
2016-07-06 14:00:00,0.3712
2016-07-06 15:00:00,0.348
2016-07-06 16:00:00,0.3712
2016-07-06 17:00:00,0.522
2016-07-06 18:00:00,0.3596
2016-07-06 19:00:00,0.232
2016-07-06 20:00:00,0.3132
2016-07-06 21:00:00,0.348
2016-07-06 22:00:00,0.522
2016-07-06 23:00:00,0.29
2016-07-07 00:00:00,0.2552
2016-07-07 01:00:00,0.1624
2016-07-07 02:00:00,0.116
2016-07-07 03:00:00,0.116
2016-07-07 04:00:00,0.0812
2016-07-07 05:00:00,0.0232
2016-07-07 06:00:00,0.058
2016-07-07 07:00:00,0.29
2016-07-07 08:00:00,0.6612
2016-07-07 09:00:00,0.7424
2016-07-07 10:00:00,0.3712
2016-07-07 11:00:00,0.2668
2016-07-07 12:00:00,0.4872
2016-07-07 13:00:00,0.406
2016-07-07 14:00:00,0.3364
2016-07-07 15:00:00,0.29
2016-07-07 16:00:00,0.1972
2016-07-07 17:00:00,0.2436
2016-07-07 18:00:00,0.174
2016-07-07 19:00:00,0.1624
2016-07-07 20:00:00,0.1856
2016-07-07 21:00:00,0.4176
2016-07-07 22:00:00,0.3944
2016-07-07 23:00:00,0.232
2016-07-08 00:00:00,0.406
2016-07-08 01:00:00,0.5568
2016-07-08 02:00:00,0.29
2016-07-08 03:00:00,0.1856
2016-07-08 04:00:00,0.1392
2016-07-08 05:00:00,0.116
2016-07-08 06:00:00,0.1276
2016-07-08 07:00:00,0.232
2016-07-08 08:00:00,0.348
2016-07-08 09:00:00,0.2784
2016-07-08 10:00:00,0.3944
2016-07-08 11:00:00,0.3248
2016-07-08 12:00:00,0.29
2016-07-08 13:00:00,0.464
2016-07-08 14:00:00,0.5336
2016-07-08 15:00:00,0.406
2016-07-08 16:00:00,0.4988
2016-07-08 17:00:00,0.5916
2016-07-08 18:00:00,0.696
2016-07-08 19:00:00,0.4524
2016-07-08 20:00:00,0.4756
2016-07-08 21:00:00,0.4524
2016-07-08 22:00:00,0.348
2016-07-08 23:00:00,0.58
2016-07-09 00:00:00,0.4988
2016-07-09 01:00:00,0.3132
2016-07-09 02:00:00,0.3132
2016-07-09 03:00:00,0.2668
2016-07-09 04:00:00,0.2088
2016-07-09 05:00:00,0.174
2016-07-09 06:00:00,0.1972
2016-07-09 07:00:00,0.2784
2016-07-09 08:00:00,0.1972
2016-07-09 09:00:00,0.2204
2016-07-09 10:00:00,0.232
2016-07-09 11:00:00,0.2204
2016-07-09 12:00:00,0.3248
2016-07-09 13:00:00,0.3828
2016-07-09 14:00:00,0.4176
2016-07-09 15:00:00,0.3016
2016-07-09 16:00:00,0.3364
2016-07-09 17:00:00,0.3596
2016-07-09 18:00:00,0.29
2016-07-09 19:00:00,0.2088
2016-07-09 20:00:00,0.2204
2016-07-09 21:00:00,0.406
2016-07-09 22:00:00,0.87
2016-07-09 23:00:00,0.9628
2016-07-10 00:00:00,0.5684
2016-07-10 01:00:00,0.5684
2016-07-10 02:00:00,0.4756
2016-07-10 03:00:00,0.2668
2016-07-10 04:00:00,0.2552
2016-07-10 05:00:00,0.2204
2016-07-10 06:00:00,0.1624
2016-07-10 07:00:00,0.1972
2016-07-10 08:00:00,0.2668
2016-07-10 09:00:00,0.2668
2016-07-10 10:00:00,0.2668
2016-07-10 11:00:00,0.2784
2016-07-10 12:00:00,0.2436
2016-07-10 13:00:00,0.3828
2016-07-10 14:00:00,0.2668
2016-07-10 15:00:00,0.2436
2016-07-10 16:00:00,0.2436
2016-07-10 17:00:00,0.2784
2016-07-10 18:00:00,0.2784
2016-07-10 19:00:00,0.1856
2016-07-10 20:00:00,0.1392
2016-07-10 21:00:00,0.3132
2016-07-10 22:00:00,0.6728
2016-07-10 23:00:00,0.4292
2016-07-11 00:00:00,0.3944
2016-07-11 01:00:00,0.3016
2016-07-11 02:00:00,0.2436
2016-07-11 03:00:00,0.1276
2016-07-11 04:00:00,0.0928
2016-07-11 05:00:00,0.058
2016-07-11 06:00:00,0.1972
2016-07-11 07:00:00,0.1972
2016-07-11 08:00:00,0.174
2016-07-11 09:00:00,0.2668
2016-07-11 10:00:00,0.4408
2016-07-11 11:00:00,0.232
2016-07-11 12:00:00,0.1972
2016-07-11 13:00:00,0.2436
2016-07-11 14:00:00,0.3016
2016-07-11 15:00:00,0.3132
2016-07-11 16:00:00,0.4524
2016-07-11 17:00:00,0.6264
2016-07-11 18:00:00,0.4756
2016-07-11 19:00:00,0.522
2016-07-11 20:00:00,0.3016
2016-07-11 21:00:00,0.3132
2016-07-11 22:00:00,0.5336
2016-07-11 23:00:00,0.5568
2016-07-12 00:00:00,0.4176
2016-07-12 01:00:00,0.4872
2016-07-12 02:00:00,0.29
2016-07-12 03:00:00,0.1972
2016-07-12 04:00:00,0.1044
2016-07-12 05:00:00,0.1392
2016-07-12 06:00:00,0.0928
2016-07-12 07:00:00,0.116
2016-07-12 08:00:00,0.2436
2016-07-12 09:00:00,0.2668
2016-07-12 10:00:00,0.1624
2016-07-12 11:00:00,0.2784
2016-07-12 12:00:00,0.2204
2016-07-12 13:00:00,0.3248
2016-07-12 14:00:00,0.29
2016-07-12 15:00:00,0.3828
2016-07-12 16:00:00,0.4408
2016-07-12 17:00:00,0.3248
2016-07-12 18:00:00,0.4292
2016-07-12 19:00:00,0.348
2016-07-12 20:00:00,0.812
2016-07-12 21:00:00,0.5452
2016-07-12 22:00:00,0.464
2016-07-12 23:00:00,0.5336
2016-07-13 00:00:00,0.5104
2016-07-13 01:00:00,0.3248
2016-07-13 02:00:00,0.3132
2016-07-13 03:00:00,0.0696
2016-07-13 04:00:00,0.1508
2016-07-13 05:00:00,0.0928
2016-07-13 06:00:00,0.0812
2016-07-13 07:00:00,0.1856
2016-07-13 08:00:00,0.29
2016-07-13 09:00:00,0.2204
2016-07-13 10:00:00,0.3016
2016-07-13 11:00:00,0.29
2016-07-13 12:00:00,0.2436
2016-07-13 13:00:00,0.3596
2016-07-13 14:00:00,0.4176
2016-07-13 15:00:00,0.3712
2016-07-13 16:00:00,0.348
2016-07-13 17:00:00,0.5336
2016-07-13 18:00:00,0.7656
2016-07-13 19:00:00,0.7772
2016-07-13 20:00:00,0.986
2016-07-13 21:00:00,0.5916
2016-07-13 22:00:00,0.4524
2016-07-13 23:00:00,0.5336
2016-07-14 00:00:00,0.6496
2016-07-14 01:00:00,0.4524
2016-07-14 02:00:00,0.2436
2016-07-14 03:00:00,0.174
2016-07-14 04:00:00,0.2088
2016-07-14 05:00:00,0.1392
2016-07-14 06:00:00,0.1624
2016-07-14 07:00:00,0.3364
2016-07-14 08:00:00,0.3016
2016-07-14 09:00:00,0.5336
2016-07-14 10:00:00,0.2204
2016-07-14 11:00:00,0.2552
2016-07-14 12:00:00,0.2552
2016-07-14 13:00:00,0.4988
2016-07-14 14:00:00,0.7424
2016-07-14 15:00:00,0.6148
2016-07-14 16:00:00,0.696
2016-07-14 17:00:00,0.9976
2016-07-14 18:00:00,0.8816
2016-07-14 19:00:00,0.8468
2016-07-14 20:00:00,0.5684
2016-07-14 21:00:00,0.3016
2016-07-14 22:00:00,0.2784
2016-07-14 23:00:00,0.3248
2016-07-15 00:00:00,0.754
2016-07-15 01:00:00,0.5684
2016-07-15 02:00:00,0.2668
2016-07-15 03:00:00,0.1276
2016-07-15 04:00:00,0.058
2016-07-15 05:00:00,0.0348
2016-07-15 06:00:00,0.0464
2016-07-15 07:00:00,0.1624
2016-07-15 08:00:00,0.3596
2016-07-15 09:00:00,0.4756
2016-07-15 10:00:00,0.3248
2016-07-15 11:00:00,0.3712
2016-07-15 12:00:00,0.2436
2016-07-15 13:00:00,0.4176
2016-07-15 14:00:00,0.2436
2016-07-15 15:00:00,0.4292
2016-07-15 16:00:00,0.8352
2016-07-15 17:00:00,0.7076
2016-07-15 18:00:00,0.522
2016-07-15 19:00:00,0.4408
2016-07-15 20:00:00,0.3596
2016-07-15 21:00:00,0.232
2016-07-15 22:00:00,0.1276
2016-07-15 23:00:00,0.232
2016-07-16 00:00:00,0.1972
2016-07-16 01:00:00,0.1508
2016-07-16 02:00:00,0.0812
2016-07-16 03:00:00,0.3596
2016-07-16 04:00:00,0.35380000000000006
2016-07-16 05:00:00,0.0232
2016-07-16 06:00:00,0.058
2016-07-16 07:00:00,0.0696
2016-07-16 08:00:00,0.0812
2016-07-16 09:00:00,0.2088
2016-07-16 10:00:00,0.3132
2016-07-16 11:00:00,0.3944
2016-07-16 12:00:00,0.174
2016-07-16 13:00:00,0.1624
2016-07-16 14:00:00,0.3248
2016-07-16 15:00:00,0.2668
2016-07-16 16:00:00,0.4292
2016-07-16 17:00:00,0.3132
2016-07-16 18:00:00,0.3248
2016-07-16 19:00:00,0.5104
2016-07-16 20:00:00,0.5104
2016-07-16 21:00:00,0.3712
2016-07-16 22:00:00,0.3944
2016-07-16 23:00:00,0.4176
2016-07-17 00:00:00,0.232
2016-07-17 01:00:00,0.2668
2016-07-17 02:00:00,0.174
2016-07-17 03:00:00,0.0696
2016-07-17 04:00:00,0.0812
2016-07-17 05:00:00,0.1276
2016-07-17 06:00:00,0.0812
2016-07-17 07:00:00,0.1044
2016-07-17 08:00:00,0.174
2016-07-17 09:00:00,0.1508
2016-07-17 10:00:00,0.1624
2016-07-17 11:00:00,0.174
2016-07-17 12:00:00,0.2668
2016-07-17 13:00:00,0.2668
2016-07-17 14:00:00,0.3364
2016-07-17 15:00:00,0.29
2016-07-17 16:00:00,0.2668
2016-07-17 17:00:00,0.2204
2016-07-17 18:00:00,0.2088
2016-07-17 19:00:00,0.1856
2016-07-17 20:00:00,0.1624
2016-07-17 21:00:00,0.3944
2016-07-17 22:00:00,0.2204
2016-07-17 23:00:00,0.29
2016-07-18 00:00:00,0.4292
2016-07-18 01:00:00,0.1276
2016-07-18 02:00:00,0.1044
2016-07-18 03:00:00,0.0696
2016-07-18 04:00:00,0.058
2016-07-18 05:00:00,0.0232
2016-07-18 06:00:00,0.0812
2016-07-18 07:00:00,0.1392
2016-07-18 08:00:00,0.2552
2016-07-18 09:00:00,0.0928
2016-07-18 10:00:00,0.116
2016-07-18 11:00:00,0.2088
2016-07-18 12:00:00,0.2088
2016-07-18 13:00:00,0.232
2016-07-18 14:00:00,0.174
2016-07-18 15:00:00,0.2088
2016-07-18 16:00:00,0.3828
2016-07-18 17:00:00,0.3016
2016-07-18 18:00:00,0.2668
2016-07-18 19:00:00,0.2436
2016-07-18 20:00:00,0.3712
2016-07-18 21:00:00,0.6496
2016-07-18 22:00:00,0.6496
2016-07-18 23:00:00,0.2784
2016-07-19 00:00:00,0.3596
2016-07-19 01:00:00,0.3828
2016-07-19 02:00:00,0.348
2016-07-19 03:00:00,0.2436
2016-07-19 04:00:00,0.1276
2016-07-19 05:00:00,0.1276
2016-07-19 06:00:00,0.1624
2016-07-19 07:00:00,0.2668
2016-07-19 08:00:00,0.58
2016-07-19 09:00:00,0.4756
2016-07-19 10:00:00,0.464
2016-07-19 11:00:00,0.3016
2016-07-19 12:00:00,0.232
2016-07-19 13:00:00,0.58
2016-07-19 14:00:00,0.2436
2016-07-19 15:00:00,0.1856
2016-07-19 16:00:00,0.1856
2016-07-19 17:00:00,0.522
2016-07-19 18:00:00,0.232
2016-07-19 19:00:00,0.174
2016-07-19 20:00:00,0.1624
2016-07-19 21:00:00,0.2088
2016-07-19 22:00:00,0.3016
2016-07-19 23:00:00,0.3944
2016-07-20 00:00:00,0.2784
2016-07-20 01:00:00,0.2552
2016-07-20 02:00:00,0.174
2016-07-20 03:00:00,0.058
2016-07-20 04:00:00,0.0116
2016-07-20 05:00:00,0.23103333333333334
2016-07-20 06:00:00,0.0232
2016-07-20 07:00:00,0.2552
2016-07-20 08:00:00,0.5104
2016-07-20 09:00:00,0.5104
2016-07-20 10:00:00,0.406
2016-07-20 11:00:00,0.3132
2016-07-20 12:00:00,0.29
2016-07-20 13:00:00,0.3944
2016-07-20 14:00:00,0.5684
2016-07-20 15:00:00,0.348
2016-07-20 16:00:00,0.3712
2016-07-20 17:00:00,0.7076
2016-07-20 18:00:00,0.4872
2016-07-20 19:00:00,0.5104
2016-07-20 20:00:00,0.7192
2016-07-20 21:00:00,0.5684
2016-07-20 22:00:00,0.6844
2016-07-20 23:00:00,0.4408
2016-07-21 00:00:00,0.3132
2016-07-21 01:00:00,0.348
2016-07-21 02:00:00,0.2668
2016-07-21 03:00:00,0.1508
2016-07-21 04:00:00,0.1276
2016-07-21 05:00:00,0.1856
2016-07-21 06:00:00,0.1044
2016-07-21 07:00:00,0.3248
2016-07-21 08:00:00,0.1624
2016-07-21 09:00:00,0.1972
2016-07-21 10:00:00,0.232
2016-07-21 11:00:00,0.1972
2016-07-21 12:00:00,0.3132
2016-07-21 13:00:00,0.29
2016-07-21 14:00:00,0.464
2016-07-21 15:00:00,0.3712
2016-07-21 16:00:00,0.3364
2016-07-21 17:00:00,0.3944
2016-07-21 18:00:00,0.4176
2016-07-21 19:00:00,0.348
2016-07-21 20:00:00,0.3944
2016-07-21 21:00:00,0.6032
2016-07-21 22:00:00,0.8352
2016-07-21 23:00:00,0.6148
2016-07-22 00:00:00,0.4176
2016-07-22 01:00:00,0.3596
2016-07-22 02:00:00,0.2204
2016-07-22 03:00:00,0.1856
2016-07-22 04:00:00,0.116
2016-07-22 05:00:00,0.1624
2016-07-22 06:00:00,0.2204
2016-07-22 07:00:00,0.3016
2016-07-22 08:00:00,0.3248
2016-07-22 09:00:00,0.3828
2016-07-22 10:00:00,0.3364
2016-07-22 11:00:00,0.348
2016-07-22 12:00:00,0.2668
2016-07-22 13:00:00,0.2687333333333333
2016-07-22 14:00:00,0.7076
2016-07-22 15:00:00,0.5336
2016-07-22 16:00:00,0.6264
2016-07-22 17:00:00,0.5568
2016-07-22 18:00:00,0.5336
2016-07-22 19:00:00,0.4988
2016-07-22 20:00:00,1.0092
2016-07-22 21:00:00,0.9396
2016-07-22 22:00:00,0.6264
2016-07-22 23:00:00,0.5684
2016-07-23 00:00:00,0.464
2016-07-23 01:00:00,0.3828
2016-07-23 02:00:00,0.4988
2016-07-23 03:00:00,0.406
2016-07-23 04:00:00,0.3248
2016-07-23 05:00:00,0.1972
2016-07-23 06:00:00,0.2552
2016-07-23 07:00:00,0.1856
2016-07-23 08:00:00,0.1856
2016-07-23 09:00:00,0.2552
2016-07-23 10:00:00,0.3132
2016-07-23 11:00:00,0.3596
2016-07-23 12:00:00,0.4176
2016-07-23 13:00:00,0.5104
2016-07-23 14:00:00,0.4872
2016-07-23 15:00:00,0.6148
2016-07-23 16:00:00,0.5916
2016-07-23 17:00:00,0.4292
2016-07-23 18:00:00,0.5104
2016-07-23 19:00:00,0.3828
2016-07-23 20:00:00,0.5568
2016-07-23 21:00:00,0.8236
2016-07-23 22:00:00,1.1252
2016-07-23 23:00:00,0.9976
2016-07-24 00:00:00,0.7308
2016-07-24 01:00:00,0.5336
2016-07-24 02:00:00,0.4292
2016-07-24 03:00:00,0.348
2016-07-24 04:00:00,0.2784
2016-07-24 05:00:00,0.3132
2016-07-24 06:00:00,0.3132
2016-07-24 07:00:00,0.3132
2016-07-24 08:00:00,0.406
2016-07-24 09:00:00,0.3712
2016-07-24 10:00:00,0.4176
2016-07-24 11:00:00,0.2784
2016-07-24 12:00:00,0.3944
2016-07-24 13:00:00,0.522
2016-07-24 14:00:00,0.5336
2016-07-24 15:00:00,0.522
2016-07-24 16:00:00,0.522
2016-07-24 17:00:00,0.4176
2016-07-24 18:00:00,0.3828
2016-07-24 19:00:00,0.3248
2016-07-24 20:00:00,0.5684
2016-07-24 21:00:00,0.58
2016-07-24 22:00:00,0.6032
2016-07-24 23:00:00,0.6148
2016-07-25 00:00:00,0.6496
2016-07-25 01:00:00,0.4408
2016-07-25 02:00:00,0.2784
2016-07-25 03:00:00,0.2436
2016-07-25 04:00:00,0.2436
2016-07-25 05:00:00,0.2204
2016-07-25 06:00:00,0.2436
2016-07-25 07:00:00,0.2436
2016-07-25 08:00:00,0.2784
2016-07-25 09:00:00,0.29
2016-07-25 10:00:00,0.3828
2016-07-25 11:00:00,0.2204
2016-07-25 12:00:00,0.3596
2016-07-25 13:00:00,0.3596
2016-07-25 14:00:00,0.6612
2016-07-25 15:00:00,0.5916
2016-07-25 16:00:00,0.9396
2016-07-25 17:00:00,0.8468
2016-07-25 18:00:00,0.3364
2016-07-25 19:00:00,0.1856
2016-07-25 20:00:00,0.3828
2016-07-25 21:00:00,0.5684
2016-07-25 22:00:00,0.2088
2016-07-25 23:00:00,0.2088
2016-07-26 00:00:00,0.3712
2016-07-26 01:00:00,0.1856
2016-07-26 02:00:00,0.232
2016-07-26 03:00:00,0.1392
2016-07-26 04:00:00,0.0928
2016-07-26 05:00:00,0.0696
2016-07-26 06:00:00,0.0464
2016-07-26 07:00:00,0.0812
2016-07-26 08:00:00,0.1972
2016-07-26 09:00:00,0.1508
2016-07-26 10:00:00,0.232
2016-07-26 11:00:00,0.2204
2016-07-26 12:00:00,0.3016
2016-07-26 13:00:00,0.2784
2016-07-26 14:00:00,0.2204
2016-07-26 15:00:00,0.2668
2016-07-26 16:00:00,0.4524
2016-07-26 17:00:00,0.4872
2016-07-26 18:00:00,0.4756
2016-07-26 19:00:00,0.3248
2016-07-26 20:00:00,0.8236
2016-07-26 21:00:00,0.6148
2016-07-26 22:00:00,0.3944
2016-07-26 23:00:00,0.4988
2016-07-27 00:00:00,0.638
2016-07-27 01:00:00,0.2784
2016-07-27 02:00:00,0.2784
2016-07-27 03:00:00,0.2088
2016-07-27 04:00:00,0.1044
2016-07-27 05:00:00,0.0696
2016-07-27 06:00:00,0.0696
2016-07-27 07:00:00,0.1856
2016-07-27 08:00:00,0.2088
2016-07-27 09:00:00,0.1508
2016-07-27 10:00:00,0.3364
2016-07-27 11:00:00,0.3016
2016-07-27 12:00:00,0.2436
2016-07-27 13:00:00,0.348
2016-07-27 14:00:00,0.3596
2016-07-27 15:00:00,0.3016
2016-07-27 16:00:00,0.3016
2016-07-27 17:00:00,0.3248
2016-07-27 18:00:00,0.3944
2016-07-27 19:00:00,0.3944
2016-07-27 20:00:00,0.406
2016-07-27 21:00:00,0.3596
2016-07-27 22:00:00,0.7192
2016-07-27 23:00:00,0.464
2016-07-28 00:00:00,0.4408
2016-07-28 01:00:00,0.3248
2016-07-28 02:00:00,0.232
2016-07-28 03:00:00,0.1624
2016-07-28 04:00:00,0.0812
2016-07-28 05:00:00,0.0812
2016-07-28 06:00:00,0.0812
2016-07-28 07:00:00,0.1856
2016-07-28 08:00:00,0.4988
2016-07-28 09:00:00,0.3944
2016-07-28 10:00:00,0.2784
2016-07-28 11:00:00,0.232
2016-07-28 12:00:00,0.232
2016-07-28 13:00:00,0.2784
2016-07-28 14:00:00,0.3944
2016-07-28 15:00:00,0.3596
2016-07-28 16:00:00,0.4176
2016-07-28 17:00:00,0.9164
2016-07-28 18:00:00,0.87
2016-07-28 19:00:00,0.7772
2016-07-28 20:00:00,0.4292
2016-07-28 21:00:00,0.58
2016-07-28 22:00:00,0.29
2016-07-28 23:00:00,0.3712
2016-07-29 00:00:00,0.2436
2016-07-29 01:00:00,0.2204
2016-07-29 02:00:00,0.2204
2016-07-29 03:00:00,0.116
2016-07-29 04:00:00,0.0232
2016-07-29 05:00:00,0.0348
2016-07-29 06:00:00,0.1508
2016-07-29 07:00:00,0.1392
2016-07-29 08:00:00,0.1972
2016-07-29 09:00:00,0.1856
2016-07-29 10:00:00,0.464
2016-07-29 11:00:00,0.4292
2016-07-29 12:00:00,0.3016
2016-07-29 13:00:00,0.5568
2016-07-29 14:00:00,0.4872
2016-07-29 15:00:00,0.6264
2016-07-29 16:00:00,0.6844
2016-07-29 17:00:00,0.3712
2016-07-29 18:00:00,0.406
2016-07-29 19:00:00,0.3828
2016-07-29 20:00:00,0.58
2016-07-29 21:00:00,0.754
2016-07-29 22:00:00,0.6844
2016-07-29 23:00:00,0.7076
2016-07-30 00:00:00,0.812
2016-07-30 01:00:00,0.2784
2016-07-30 02:00:00,0.232
2016-07-30 03:00:00,0.1856
2016-07-30 04:00:00,0.1856
2016-07-30 05:00:00,0.2668
2016-07-30 06:00:00,0.1508
2016-07-30 07:00:00,0.174
2016-07-30 08:00:00,0.174
2016-07-30 09:00:00,0.2436
2016-07-30 10:00:00,0.3016
2016-07-30 11:00:00,0.348
2016-07-30 12:00:00,0.3248
2016-07-30 13:00:00,0.3712
2016-07-30 14:00:00,0.4988
2016-07-30 15:00:00,0.4988
2016-07-30 16:00:00,0.5336
2016-07-30 17:00:00,0.3712
2016-07-30 18:00:00,0.3596
2016-07-30 19:00:00,0.29
2016-07-30 20:00:00,0.3016
2016-07-30 21:00:00,0.7076
2016-07-30 22:00:00,0.696
2016-07-30 23:00:00,0.5452
2016-07-31 00:00:00,0.6032
2016-07-31 01:00:00,0.2204
2016-07-31 02:00:00,0.1392
2016-07-31 03:00:00,0.0812
2016-07-31 04:00:00,0.058
2016-07-31 05:00:00,0.1392
2016-07-31 06:00:00,0.0696
2016-07-31 07:00:00,0.1392
2016-07-31 08:00:00,0.116
2016-07-31 09:00:00,0.1276
2016-07-31 10:00:00,0.0696
2016-07-31 11:00:00,0.116
2016-07-31 12:00:00,0.2204
2016-07-31 13:00:00,0.3016
2016-07-31 14:00:00,0.348
2016-07-31 15:00:00,0.348
2016-07-31 16:00:00,0.3712
2016-07-31 17:00:00,0.464
2016-07-31 18:00:00,0.3828
2016-07-31 19:00:00,0.2668
2016-07-31 20:00:00,0.4524
2016-07-31 21:00:00,0.6728
2016-07-31 22:00:00,0.4408
2016-07-31 23:00:00,0.5336
2016-08-01 00:00:00,0.3364
2016-08-01 01:00:00,0.3016
2016-08-01 02:00:00,0.3596
2016-08-01 03:00:00,0.2088
2016-08-01 04:00:00,0.1276
2016-08-01 05:00:00,0.058
2016-08-01 06:00:00,0.0812
2016-08-01 07:00:00,0.232
2016-08-01 08:00:00,0.1972
2016-08-01 09:00:00,0.232
2016-08-01 10:00:00,0.348
2016-08-01 11:00:00,0.3016
2016-08-01 12:00:00,0.3132
2016-08-01 13:00:00,0.3364
2016-08-01 14:00:00,0.3596
2016-08-01 15:00:00,0.406
2016-08-01 16:00:00,0.4176
2016-08-01 17:00:00,0.3596
2016-08-01 18:00:00,0.2784
2016-08-01 19:00:00,0.5568
2016-08-01 20:00:00,0.3132
2016-08-01 21:00:00,0.2668
2016-08-01 22:00:00,0.3596
2016-08-01 23:00:00,0.3248
2016-08-02 00:00:00,0.348
2016-08-02 01:00:00,0.406
2016-08-02 02:00:00,0.3248
2016-08-02 03:00:00,0.1856
2016-08-02 04:00:00,0.0928
2016-08-02 05:00:00,0.0928
2016-08-02 06:00:00,0.1508
2016-08-02 07:00:00,0.174
2016-08-02 08:00:00,0.25326666666666664
2016-08-02 09:00:00,0.1392
2016-08-02 10:00:00,0.2436
2016-08-02 11:00:00,0.1972
2016-08-02 12:00:00,0.29
2016-08-02 13:00:00,0.3364
2016-08-02 14:00:00,0.4408
2016-08-02 15:00:00,0.4408
2016-08-02 16:00:00,0.3944
2016-08-02 17:00:00,0.4988
2016-08-02 18:00:00,0.348
2016-08-02 19:00:00,0.464
2016-08-02 20:00:00,0.4756
2016-08-02 21:00:00,0.6032
2016-08-02 22:00:00,0.4524
2016-08-02 23:00:00,0.5916
2016-08-03 00:00:00,0.348
2016-08-03 01:00:00,0.3596
2016-08-03 02:00:00,0.2088
2016-08-03 03:00:00,0.1392
2016-08-03 04:00:00,0.0812
2016-08-03 05:00:00,0.0348
2016-08-03 06:00:00,0.1044
2016-08-03 07:00:00,0.2552
2016-08-03 08:00:00,0.3828
2016-08-03 09:00:00,0.2204
2016-08-03 10:00:00,0.3016
2016-08-03 11:00:00,0.3944
2016-08-03 12:00:00,0.4292
2016-08-03 13:00:00,0.3828
2016-08-03 14:00:00,0.522
2016-08-03 15:00:00,0.3132
2016-08-03 16:00:00,0.2784
2016-08-03 17:00:00,0.3132
2016-08-03 18:00:00,0.348
2016-08-03 19:00:00,0.3364
2016-08-03 20:00:00,0.3132
2016-08-03 21:00:00,0.7192
2016-08-03 22:00:00,0.6612
2016-08-03 23:00:00,0.696
2016-08-04 00:00:00,0.3944
2016-08-04 01:00:00,0.2436
2016-08-04 02:00:00,0.3132
2016-08-04 03:00:00,0.1392
2016-08-04 04:00:00,0.116
2016-08-04 05:00:00,0.058
2016-08-04 06:00:00,0.0928
2016-08-04 07:00:00,0.1624
2016-08-04 08:00:00,0.232
2016-08-04 09:00:00,0.2552
2016-08-04 10:00:00,0.3596
2016-08-04 11:00:00,0.2552
2016-08-04 12:00:00,0.3248
2016-08-04 13:00:00,0.348
2016-08-04 14:00:00,0.3248
2016-08-04 15:00:00,0.348
2016-08-04 16:00:00,0.4408
2016-08-04 17:00:00,0.5568
2016-08-04 18:00:00,0.4408
2016-08-04 19:00:00,0.4408
2016-08-04 20:00:00,0.986
2016-08-04 21:00:00,0.6496
2016-08-04 22:00:00,0.6148
2016-08-04 23:00:00,0.7888
2016-08-05 00:00:00,0.5452
2016-08-05 01:00:00,0.3364
2016-08-05 02:00:00,0.2784
2016-08-05 03:00:00,0.174
2016-08-05 04:00:00,0.1392
2016-08-05 05:00:00,0.1392
2016-08-05 06:00:00,0.1624
2016-08-05 07:00:00,0.2088
2016-08-05 08:00:00,0.3016
2016-08-05 09:00:00,0.4292
2016-08-05 10:00:00,0.3016
2016-08-05 11:00:00,0.1856
2016-08-05 12:00:00,0.3132
2016-08-05 13:00:00,0.3248
2016-08-05 14:00:00,0.4292
2016-08-05 15:00:00,0.4292
2016-08-05 16:00:00,0.6032
2016-08-05 17:00:00,0.5916
2016-08-05 18:00:00,0.5104
2016-08-05 19:00:00,0.3712
2016-08-05 20:00:00,0.4176
2016-08-05 21:00:00,0.5916
2016-08-05 22:00:00,0.7772
2016-08-05 23:00:00,0.6264
2016-08-06 00:00:00,0.7076
2016-08-06 01:00:00,0.4756
2016-08-06 02:00:00,0.464
2016-08-06 03:00:00,0.3828
2016-08-06 04:00:00,0.1392
2016-08-06 05:00:00,0.1392
2016-08-06 06:00:00,0.116
2016-08-06 07:00:00,0.116
2016-08-06 08:00:00,0.116
2016-08-06 09:00:00,0.2088
2016-08-06 10:00:00,0.348
2016-08-06 11:00:00,0.2552
2016-08-06 12:00:00,0.3364
2016-08-06 13:00:00,0.4292
2016-08-06 14:00:00,0.4408
2016-08-06 15:00:00,0.4988
2016-08-06 16:00:00,0.5452
2016-08-06 17:00:00,0.4756
2016-08-06 18:00:00,0.464
2016-08-06 19:00:00,0.3016
2016-08-06 20:00:00,0.1856
2016-08-06 21:00:00,0.4524
2016-08-06 22:00:00,0.2436
2016-08-06 23:00:00,0.2204
2016-08-07 00:00:00,0.1972
2016-08-07 01:00:00,0.1508
2016-08-07 02:00:00,0.174
2016-08-07 03:00:00,0.1044
2016-08-07 04:00:00,0.0696
2016-08-07 05:00:00,0.0232
2016-08-07 06:00:00,0.058
2016-08-07 07:00:00,0.1044
2016-08-07 08:00:00,0.2088
2016-08-07 09:00:00,0.2436
2016-08-07 10:00:00,0.348
2016-08-07 11:00:00,0.3248
2016-08-07 12:00:00,0.3596
2016-08-07 13:00:00,0.406
2016-08-07 14:00:00,0.3944
2016-08-07 15:00:00,0.4756
2016-08-07 16:00:00,0.4292
2016-08-07 17:00:00,0.4756
2016-08-07 18:00:00,0.4408
2016-08-07 19:00:00,0.3712
2016-08-07 20:00:00,0.406
2016-08-07 21:00:00,0.3712
2016-08-07 22:00:00,0.40019999999999994
2016-08-07 23:00:00,0.40454999999999997
2016-08-08 00:00:00,0.41119583333333337
2016-08-08 01:00:00,0.4154954861111111
2016-08-08 02:00:00,0.4162867766203704
2016-08-08 03:00:00,0.4181106746720679
2016-08-08 04:00:00,0.4133198975614069
2016-08-08 05:00:00,0.41199655569152416
2016-08-08 06:00:00,0.4066962686658178
2016-08-08 07:00:00,0.40385429105463594
2016-08-08 08:00:00,0.40657548197585563
2016-08-08 09:00:00,0.406623438807177
2016-08-08 10:00:00,0.40957539204110827
2016-08-08 11:00:00,0.4103566747112007
2016-08-08 12:00:00,0.4108405642704674
2016-08-08 13:00:00,0.4108109585152286
2016-08-08 14:00:00,0.6612
2016-08-08 15:00:00,0.5104
2016-08-08 16:00:00,0.87
2016-08-08 17:00:00,0.6612
2016-08-08 18:00:00,0.4408
2016-08-08 19:00:00,0.696
2016-08-08 20:00:00,0.5336
2016-08-08 21:00:00,0.5568
2016-08-08 22:00:00,0.5336
2016-08-08 23:00:00,0.5452
2016-08-09 00:00:00,0.6612
2016-08-09 01:00:00,0.4176
2016-08-09 02:00:00,0.2204
2016-08-09 03:00:00,0.2088
2016-08-09 04:00:00,0.1624
2016-08-09 05:00:00,0.1392
2016-08-09 06:00:00,0.1856
2016-08-09 07:00:00,0.2436
2016-08-09 08:00:00,0.2668
2016-08-09 09:00:00,0.3712
2016-08-09 10:00:00,0.5916
2016-08-09 11:00:00,0.3944
2016-08-09 12:00:00,0.4408
2016-08-09 13:00:00,0.4988
2016-08-09 14:00:00,0.5104
2016-08-09 15:00:00,0.4408
2016-08-09 16:00:00,0.58
2016-08-09 17:00:00,0.4524
2016-08-09 18:00:00,0.5452
2016-08-09 19:00:00,0.5916
2016-08-09 20:00:00,0.754
2016-08-09 21:00:00,0.7888
2016-08-09 22:00:00,0.5916
2016-08-09 23:00:00,0.3248
2016-08-10 00:00:00,0.4176
2016-08-10 01:00:00,0.4872
2016-08-10 02:00:00,0.3364
2016-08-10 03:00:00,0.3364
2016-08-10 04:00:00,0.232
2016-08-10 05:00:00,0.2436
2016-08-10 06:00:00,0.2552
2016-08-10 07:00:00,0.3248
2016-08-10 08:00:00,0.2784
2016-08-10 09:00:00,0.2436
2016-08-10 10:00:00,0.3944
2016-08-10 11:00:00,0.464
2016-08-10 12:00:00,0.3364
2016-08-10 13:00:00,0.406
2016-08-10 14:00:00,0.3596
2016-08-10 15:00:00,0.4292
2016-08-10 16:00:00,0.4988
2016-08-10 17:00:00,0.5104
2016-08-10 18:00:00,0.5452
2016-08-10 19:00:00,0.522
2016-08-10 20:00:00,0.7888
2016-08-10 21:00:00,0.9976
2016-08-10 22:00:00,0.6264
2016-08-10 23:00:00,0.7192
2016-08-11 00:00:00,0.4524
2016-08-11 01:00:00,0.4524
2016-08-11 02:00:00,0.4524
2016-08-11 03:00:00,0.3132
2016-08-11 04:00:00,0.3016
2016-08-11 05:00:00,0.348
2016-08-11 06:00:00,0.3596
2016-08-11 07:00:00,0.4292
2016-08-11 08:00:00,0.6148
2016-08-11 09:00:00,0.406
2016-08-11 10:00:00,0.638
2016-08-11 11:00:00,0.4408
2016-08-11 12:00:00,0.5104
2016-08-11 13:00:00,0.5336
2016-08-11 14:00:00,0.4524
2016-08-11 15:00:00,0.4872
2016-08-11 16:00:00,0.5452
2016-08-11 17:00:00,0.6612
2016-08-11 18:00:00,0.6264
2016-08-11 19:00:00,0.5916
2016-08-11 20:00:00,0.522
2016-08-11 21:00:00,0.5568
2016-08-11 22:00:00,0.4408
2016-08-11 23:00:00,0.406
2016-08-12 00:00:00,0.3828
2016-08-12 01:00:00,0.3248
2016-08-12 02:00:00,0.2204
2016-08-12 03:00:00,0.1856
2016-08-12 04:00:00,0.1276
2016-08-12 05:00:00,0.1044
2016-08-12 06:00:00,0.1624
2016-08-12 07:00:00,0.3596
2016-08-12 08:00:00,0.5336
2016-08-12 09:00:00,0.6032
2016-08-12 10:00:00,0.2088
2016-08-12 11:00:00,0.5104
2016-08-12 12:00:00,0.4408
2016-08-12 13:00:00,0.1856
2016-08-12 14:00:00,0.1972
2016-08-12 15:00:00,0.2552
2016-08-12 16:00:00,0.4176
2016-08-12 17:00:00,0.3364
2016-08-12 18:00:00,0.2436
2016-08-12 19:00:00,0.2668
2016-08-12 20:00:00,0.232
2016-08-12 21:00:00,0.3828
2016-08-12 22:00:00,0.7424
2016-08-12 23:00:00,0.5568
2016-08-13 00:00:00,0.3828
2016-08-13 01:00:00,0.3016
2016-08-13 02:00:00,0.2784
2016-08-13 03:00:00,0.116
2016-08-13 04:00:00,0.0928
2016-08-13 05:00:00,0.0696
2016-08-13 06:00:00,0.0696
2016-08-13 07:00:00,0.2436
2016-08-13 08:00:00,0.3828
2016-08-13 09:00:00,0.3364
2016-08-13 10:00:00,0.3944
2016-08-13 11:00:00,0.3944
2016-08-13 12:00:00,0.4408
2016-08-13 13:00:00,0.4872
2016-08-13 14:00:00,0.464
2016-08-13 15:00:00,0.3132
2016-08-13 16:00:00,0.2552
2016-08-13 17:00:00,0.3364
2016-08-13 18:00:00,0.3248
2016-08-13 19:00:00,0.3132
2016-08-13 20:00:00,0.6032
2016-08-13 21:00:00,0.5336
2016-08-13 22:00:00,0.696
2016-08-13 23:00:00,0.5336
2016-08-14 00:00:00,0.4176
2016-08-14 01:00:00,0.3132
2016-08-14 02:00:00,0.522
2016-08-14 03:00:00,0.174
2016-08-14 04:00:00,0.1044
2016-08-14 05:00:00,0.0928
2016-08-14 06:00:00,0.116
2016-08-14 07:00:00,0.2088
2016-08-14 08:00:00,0.174
2016-08-14 09:00:00,0.1624
2016-08-14 10:00:00,0.3248
2016-08-14 11:00:00,0.3828
2016-08-14 12:00:00,0.4176
2016-08-14 13:00:00,0.4524
2016-08-14 14:00:00,0.4292
2016-08-14 15:00:00,0.2552
2016-08-14 16:00:00,0.4292
2016-08-14 17:00:00,0.3596
2016-08-14 18:00:00,0.406
2016-08-14 19:00:00,0.3944
2016-08-14 20:00:00,1.044
2016-08-14 21:00:00,0.7308
2016-08-14 22:00:00,0.5452
2016-08-14 23:00:00,0.464
2016-08-15 00:00:00,0.6264
2016-08-15 01:00:00,0.406
2016-08-15 02:00:00,0.3132
2016-08-15 03:00:00,0.1972
2016-08-15 04:00:00,0.1508
2016-08-15 05:00:00,0.2088
2016-08-15 06:00:00,0.2088
2016-08-15 07:00:00,0.29
2016-08-15 08:00:00,0.406
2016-08-15 09:00:00,0.5104
2016-08-15 10:00:00,0.4872
2016-08-15 11:00:00,0.638
2016-08-15 12:00:00,0.5452
2016-08-15 13:00:00,0.4756
2016-08-15 14:00:00,0.4176
2016-08-15 15:00:00,0.5684
2016-08-15 16:00:00,0.754
2016-08-15 17:00:00,0.9744
2016-08-15 18:00:00,0.4756
2016-08-15 19:00:00,0.8352
2016-08-15 20:00:00,1.1716
2016-08-15 21:00:00,0.7308
2016-08-15 22:00:00,0.4524
2016-08-15 23:00:00,0.6264
2016-08-16 00:00:00,0.4292
2016-08-16 01:00:00,0.4988
2016-08-16 02:00:00,0.3132
2016-08-16 03:00:00,0.2552
2016-08-16 04:00:00,0.2088
2016-08-16 05:00:00,0.2088
2016-08-16 06:00:00,0.29
2016-08-16 07:00:00,0.29
2016-08-16 08:00:00,0.7076
2016-08-16 09:00:00,0.4988
2016-08-16 10:00:00,0.5684
2016-08-16 11:00:00,0.5916
2016-08-16 12:00:00,0.5916
2016-08-16 13:00:00,0.6844
2016-08-16 14:00:00,0.522
2016-08-16 15:00:00,0.4988
2016-08-16 16:00:00,0.464
2016-08-16 17:00:00,0.464
2016-08-16 18:00:00,0.4872
2016-08-16 19:00:00,0.8236
2016-08-16 20:00:00,1.1484
2016-08-16 21:00:00,0.8004
2016-08-16 22:00:00,0.5684
2016-08-16 23:00:00,0.6728
2016-08-17 00:00:00,0.5568
2016-08-17 01:00:00,0.4408
2016-08-17 02:00:00,0.3828
2016-08-17 03:00:00,0.4988
2016-08-17 04:00:00,0.3712
2016-08-17 05:00:00,0.2784
2016-08-17 06:00:00,0.2784
2016-08-17 07:00:00,0.3712
2016-08-17 08:00:00,0.464
2016-08-17 09:00:00,0.464
2016-08-17 10:00:00,0.4524
2016-08-17 11:00:00,0.4408
2016-08-17 12:00:00,0.5452
2016-08-17 13:00:00,0.464
2016-08-17 14:00:00,0.5568
2016-08-17 15:00:00,0.5336
2016-08-17 16:00:00,0.7192
2016-08-17 17:00:00,0.4408
2016-08-17 18:00:00,0.6612
2016-08-17 19:00:00,1.0904
2016-08-17 20:00:00,0.9744
2016-08-17 21:00:00,0.9512
2016-08-17 22:00:00,0.7424
2016-08-17 23:00:00,0.7656
2016-08-18 00:00:00,0.638
2016-08-18 01:00:00,0.522
2016-08-18 02:00:00,0.4292
2016-08-18 03:00:00,0.3364
2016-08-18 04:00:00,0.2668
2016-08-18 05:00:00,0.2088
2016-08-18 06:00:00,0.3016
2016-08-18 07:00:00,0.4408
2016-08-18 08:00:00,0.6148
2016-08-18 09:00:00,0.7308
2016-08-18 10:00:00,0.6496
2016-08-18 11:00:00,0.5452
2016-08-18 12:00:00,0.4524
2016-08-18 13:00:00,0.5336
2016-08-18 14:00:00,0.4872
2016-08-18 15:00:00,0.4872
2016-08-18 16:00:00,0.8236
2016-08-18 17:00:00,1.0092
2016-08-18 18:00:00,0.638
2016-08-18 19:00:00,0.638
2016-08-18 20:00:00,0.522
2016-08-18 21:00:00,0.6264
2016-08-18 22:00:00,0.7308
2016-08-18 23:00:00,0.6148
2016-08-19 00:00:00,0.5104
2016-08-19 01:00:00,0.6844
2016-08-19 02:00:00,0.4408
2016-08-19 03:00:00,0.2668
2016-08-19 04:00:00,0.2668
2016-08-19 05:00:00,0.232
2016-08-19 06:00:00,0.29
2016-08-19 07:00:00,0.3132
2016-08-19 08:00:00,0.5104
2016-08-19 09:00:00,0.6612
2016-08-19 10:00:00,0.4872
2016-08-19 11:00:00,0.406
2016-08-19 12:00:00,0.5684
2016-08-19 13:00:00,0.4756
2016-08-19 14:00:00,0.4872
2016-08-19 15:00:00,0.5104
2016-08-19 16:00:00,0.7076
2016-08-19 17:00:00,0.8468
2016-08-19 18:00:00,0.6728
2016-08-19 19:00:00,0.6148
2016-08-19 20:00:00,0.5916
2016-08-19 21:00:00,1.0092
2016-08-19 22:00:00,0.4756
2016-08-19 23:00:00,0.754
2016-08-20 00:00:00,0.7192
2016-08-20 01:00:00,0.5684
2016-08-20 02:00:00,0.3132
2016-08-20 03:00:00,0.4408
2016-08-20 04:00:00,0.2204
2016-08-20 05:00:00,0.2088
2016-08-20 06:00:00,0.2088
2016-08-20 07:00:00,0.3132
2016-08-20 08:00:00,0.406
2016-08-20 09:00:00,0.5452
2016-08-20 10:00:00,0.4176
2016-08-20 11:00:00,0.3828
2016-08-20 12:00:00,0.4872
2016-08-20 13:00:00,0.4872
2016-08-20 14:00:00,0.4756
2016-08-20 15:00:00,0.464
2016-08-20 16:00:00,0.4988
2016-08-20 17:00:00,0.5568
2016-08-20 18:00:00,0.6844
2016-08-20 19:00:00,0.8236
2016-08-20 20:00:00,0.7192
2016-08-20 21:00:00,0.8468
2016-08-20 22:00:00,1.276
2016-08-20 23:00:00,0.9628
2016-08-21 00:00:00,0.9628
2016-08-21 01:00:00,0.5568
2016-08-21 02:00:00,0.4524
2016-08-21 03:00:00,0.2668
2016-08-21 04:00:00,0.29
2016-08-21 05:00:00,0.232
2016-08-21 06:00:00,0.232
2016-08-21 07:00:00,0.2436
2016-08-21 08:00:00,0.29
2016-08-21 09:00:00,0.2668
2016-08-21 10:00:00,0.406
2016-08-21 11:00:00,0.3596
2016-08-21 12:00:00,0.3712
2016-08-21 13:00:00,0.4292
2016-08-21 14:00:00,0.3828
2016-08-21 15:00:00,0.3828
2016-08-21 16:00:00,0.4408
2016-08-21 17:00:00,0.4872
2016-08-21 18:00:00,0.4408
2016-08-21 19:00:00,0.5684
2016-08-21 20:00:00,0.8932
2016-08-21 21:00:00,0.6496
2016-08-21 22:00:00,0.7656
2016-08-21 23:00:00,0.5568
2016-08-22 00:00:00,0.5684
2016-08-22 01:00:00,0.58
2016-08-22 02:00:00,0.4292
2016-08-22 03:00:00,0.464
2016-08-22 04:00:00,0.4292
2016-08-22 05:00:00,0.2668
2016-08-22 06:00:00,0.232
2016-08-22 07:00:00,0.3828
2016-08-22 08:00:00,0.4988
2016-08-22 09:00:00,0.7308
2016-08-22 10:00:00,0.7308
2016-08-22 11:00:00,0.5336
2016-08-22 12:00:00,0.5568
2016-08-22 13:00:00,0.58
2016-08-22 14:00:00,0.7192
2016-08-22 15:00:00,0.8236
2016-08-22 16:00:00,1.0092
2016-08-22 17:00:00,1.0788
2016-08-22 18:00:00,0.9976
2016-08-22 19:00:00,0.6612
2016-08-22 20:00:00,0.7424
2016-08-22 21:00:00,0.5684
2016-08-22 22:00:00,0.4756
2016-08-22 23:00:00,0.4524
2016-08-23 00:00:00,0.3944
2016-08-23 01:00:00,0.3364
2016-08-23 02:00:00,0.2436
2016-08-23 03:00:00,0.1856
2016-08-23 04:00:00,0.174
2016-08-23 05:00:00,0.1276
2016-08-23 06:00:00,0.174
2016-08-23 07:00:00,0.3944
2016-08-23 08:00:00,0.696
2016-08-23 09:00:00,0.6612
2016-08-23 10:00:00,0.5336
2016-08-23 11:00:00,0.348
2016-08-23 12:00:00,0.6496
2016-08-23 13:00:00,0.8816
2016-08-23 14:00:00,0.4756
2016-08-23 15:00:00,0.6032
2016-08-23 16:00:00,0.6032
2016-08-23 17:00:00,0.812
2016-08-23 18:00:00,0.6032
2016-08-23 19:00:00,0.7772
2016-08-23 20:00:00,0.754
2016-08-23 21:00:00,0.7308
2016-08-23 22:00:00,0.638
2016-08-23 23:00:00,0.6496
2016-08-24 00:00:00,0.58
2016-08-24 01:00:00,0.348
2016-08-24 02:00:00,0.3364
2016-08-24 03:00:00,0.2668
2016-08-24 04:00:00,0.2088
2016-08-24 05:00:00,0.232
2016-08-24 06:00:00,0.232
2016-08-24 07:00:00,0.3364
2016-08-24 08:00:00,0.6148
2016-08-24 09:00:00,0.5104
2016-08-24 10:00:00,0.812
2016-08-24 11:00:00,0.5684
2016-08-24 12:00:00,0.6032
2016-08-24 13:00:00,0.6728
2016-08-24 14:00:00,0.87
2016-08-24 15:00:00,0.7308
2016-08-24 16:00:00,0.5452
2016-08-24 17:00:00,0.4408
2016-08-24 18:00:00,0.3944
2016-08-24 19:00:00,0.6728
2016-08-24 20:00:00,0.812
2016-08-24 21:00:00,0.8816
2016-08-24 22:00:00,0.6612
2016-08-24 23:00:00,0.7424
2016-08-25 00:00:00,0.6612
2016-08-25 01:00:00,0.522
2016-08-25 02:00:00,0.4408
2016-08-25 03:00:00,0.3364
2016-08-25 04:00:00,0.3132
2016-08-25 05:00:00,0.232
2016-08-25 06:00:00,0.3132
2016-08-25 07:00:00,0.406
2016-08-25 08:00:00,0.9744
2016-08-25 09:00:00,0.8468
2016-08-25 10:00:00,0.522
2016-08-25 11:00:00,0.7076
2016-08-25 12:00:00,0.6264
2016-08-25 13:00:00,0.6264
2016-08-25 14:00:00,0.8932
2016-08-25 15:00:00,0.8004
2016-08-25 16:00:00,0.8932
2016-08-25 17:00:00,0.5916
2016-08-25 18:00:00,0.58
2016-08-25 19:00:00,0.3944
2016-08-25 20:00:00,0.7424
2016-08-25 21:00:00,0.8584
2016-08-25 22:00:00,0.7772
2016-08-25 23:00:00,0.8816
2016-08-26 00:00:00,0.6612
2016-08-26 01:00:00,0.58
2016-08-26 02:00:00,0.4872
2016-08-26 03:00:00,0.4176
2016-08-26 04:00:00,0.3248
2016-08-26 05:00:00,0.29
2016-08-26 06:00:00,0.3132
2016-08-26 07:00:00,0.3944
2016-08-26 08:00:00,0.4756
2016-08-26 09:00:00,0.3364
2016-08-26 10:00:00,0.6148
2016-08-26 11:00:00,0.522
2016-08-26 12:00:00,0.4756
2016-08-26 13:00:00,0.522
2016-08-26 14:00:00,0.5336
2016-08-26 15:00:00,0.348
2016-08-26 16:00:00,0.2784
2016-08-26 17:00:00,0.29
2016-08-26 18:00:00,0.3132
2016-08-26 19:00:00,0.3596
2016-08-26 20:00:00,1.1136
2016-08-26 21:00:00,0.6032
2016-08-26 22:00:00,0.7772
2016-08-26 23:00:00,0.7424
2016-08-27 00:00:00,0.4872
2016-08-27 01:00:00,0.5568
2016-08-27 02:00:00,0.5104
2016-08-27 03:00:00,0.3016
2016-08-27 04:00:00,0.29
2016-08-27 05:00:00,0.2668
2016-08-27 06:00:00,0.3248
2016-08-27 07:00:00,0.2436
2016-08-27 08:00:00,0.232
2016-08-27 09:00:00,0.3132
2016-08-27 10:00:00,0.4756
2016-08-27 11:00:00,0.4408
2016-08-27 12:00:00,0.4408
2016-08-27 13:00:00,0.4524
2016-08-27 14:00:00,0.4756
2016-08-27 15:00:00,0.58
2016-08-27 16:00:00,0.6148
2016-08-27 17:00:00,0.6612
2016-08-27 18:00:00,0.812
2016-08-27 19:00:00,0.4524
2016-08-27 20:00:00,0.7076
2016-08-27 21:00:00,1.0788
2016-08-27 22:00:00,1.0788
2016-08-27 23:00:00,0.6496
2016-08-28 00:00:00,0.8468
2016-08-28 01:00:00,0.522
2016-08-28 02:00:00,0.3828
2016-08-28 03:00:00,0.348
2016-08-28 04:00:00,0.29
2016-08-28 05:00:00,0.3364
2016-08-28 06:00:00,0.29
2016-08-28 07:00:00,0.29
2016-08-28 08:00:00,0.3132
2016-08-28 09:00:00,0.29
2016-08-28 10:00:00,0.3364
2016-08-28 11:00:00,0.5452
2016-08-28 12:00:00,0.4524
2016-08-28 13:00:00,0.4872
2016-08-28 14:00:00,0.4292
2016-08-28 15:00:00,0.348
2016-08-28 16:00:00,0.3016
2016-08-28 17:00:00,0.406
2016-08-28 18:00:00,0.3828
2016-08-28 19:00:00,0.8584
2016-08-28 20:00:00,1.0788
2016-08-28 21:00:00,0.7424
2016-08-28 22:00:00,0.6612
2016-08-28 23:00:00,0.6032
2016-08-29 00:00:00,0.6612
2016-08-29 01:00:00,0.2552
2016-08-29 02:00:00,0.2436
2016-08-29 03:00:00,0.1044
2016-08-29 04:00:00,0.1508
2016-08-29 05:00:00,0.1044
2016-08-29 06:00:00,0.0928
2016-08-29 07:00:00,0.7076
2016-08-29 08:00:00,0.6032
2016-08-29 09:00:00,0.6612
2016-08-29 10:00:00,0.4988
2016-08-29 11:00:00,0.5452
2016-08-29 12:00:00,0.5916
2016-08-29 13:00:00,0.5684
2016-08-29 14:00:00,0.6032
2016-08-29 15:00:00,0.5104
2016-08-29 16:00:00,0.7192
2016-08-29 17:00:00,0.7772
2016-08-29 18:00:00,0.7772
2016-08-29 19:00:00,0.696
2016-08-29 20:00:00,0.7076
2016-08-29 21:00:00,0.696
2016-08-29 22:00:00,0.4408
2016-08-29 23:00:00,0.4524
2016-08-30 00:00:00,0.3248
2016-08-30 01:00:00,0.406
2016-08-30 02:00:00,0.1392
2016-08-30 03:00:00,0.1972
2016-08-30 04:00:00,0.174
2016-08-30 05:00:00,0.1044
2016-08-30 06:00:00,0.116
2016-08-30 07:00:00,0.3132
2016-08-30 08:00:00,0.2088
2016-08-30 09:00:00,0.3944
2016-08-30 10:00:00,0.522
2016-08-30 11:00:00,0.4408
2016-08-30 12:00:00,0.464
2016-08-30 13:00:00,0.6728
2016-08-30 14:00:00,0.406
2016-08-30 15:00:00,0.5568
2016-08-30 16:00:00,0.406
2016-08-30 17:00:00,0.3016
2016-08-30 18:00:00,0.3248
2016-08-30 19:00:00,0.29
2016-08-30 20:00:00,0.4756
2016-08-30 21:00:00,1.1252
2016-08-30 22:00:00,0.9628
2016-08-30 23:00:00,0.7424
2016-08-31 00:00:00,0.4872
2016-08-31 01:00:00,0.406
2016-08-31 02:00:00,0.1972
2016-08-31 03:00:00,0.1392
2016-08-31 04:00:00,0.0812
2016-08-31 05:00:00,0.0348
2016-08-31 06:00:00,0.0696
2016-08-31 07:00:00,0.2088
2016-08-31 08:00:00,0.348
2016-08-31 09:00:00,0.7192
2016-08-31 10:00:00,0.4292
2016-08-31 11:00:00,0.3364
2016-08-31 12:00:00,0.2088
2016-08-31 13:00:00,0.522
2016-08-31 14:00:00,0.3016
2016-08-31 15:00:00,0.4524
2016-08-31 16:00:00,0.5452
2016-08-31 17:00:00,0.3596
2016-08-31 18:00:00,0.5104
2016-08-31 19:00:00,0.6728
2016-08-31 20:00:00,0.464
2016-08-31 21:00:00,0.7656
2016-08-31 22:00:00,0.7772
2016-08-31 23:00:00,0.6496
2016-09-01 00:00:00,0.3248
2016-09-01 01:00:00,0.29
2016-09-01 02:00:00,0.29
2016-09-01 03:00:00,0.2088
2016-09-01 04:00:00,0.1972
2016-09-01 05:00:00,0.1276
2016-09-01 06:00:00,0.1276
2016-09-01 07:00:00,0.1392
2016-09-01 08:00:00,0.232
2016-09-01 09:00:00,0.3132
2016-09-01 10:00:00,0.4292
2016-09-01 11:00:00,0.1508
2016-09-01 12:00:00,0.2552
2016-09-01 13:00:00,0.29
2016-09-01 14:00:00,0.2436
2016-09-01 15:00:00,0.7308
2016-09-01 16:00:00,0.5104
2016-09-01 17:00:00,0.4756
2016-09-01 18:00:00,0.29
2016-09-01 19:00:00,0.348
2016-09-01 20:00:00,0.5452
2016-09-01 21:00:00,0.5916
2016-09-01 22:00:00,0.6496
2016-09-01 23:00:00,0.522
2016-09-02 00:00:00,0.2436
2016-09-02 01:00:00,0.0812
2016-09-02 02:00:00,0.0348
2016-09-02 03:00:00,0.0696
2016-09-02 04:00:00,0.058
2016-09-02 05:00:00,0.0348
2016-09-02 06:00:00,0.0116
2016-09-02 07:00:00,0.0348
2016-09-02 08:00:00,0.1624
2016-09-02 09:00:00,0.5104
2016-09-02 10:00:00,0.4872
2016-09-02 11:00:00,0.4292
2016-09-02 12:00:00,0.6496
2016-09-02 13:00:00,0.638
2016-09-02 14:00:00,0.8932
2016-09-02 15:00:00,0.406
2016-09-02 16:00:00,0.9048
2016-09-02 17:00:00,0.9164
2016-09-02 18:00:00,0.3944
2016-09-02 19:00:00,0.1972
2016-09-02 20:00:00,0.4756
2016-09-02 21:00:00,0.8236
2016-09-02 22:00:00,0.7656
2016-09-02 23:00:00,0.8004
2016-09-03 00:00:00,0.5916
2016-09-03 01:00:00,0.4524
2016-09-03 02:00:00,0.4524
2016-09-03 03:00:00,0.29
2016-09-03 04:00:00,0.1856
2016-09-03 05:00:00,0.1624
2016-09-03 06:00:00,0.0928
2016-09-03 07:00:00,0.174
2016-09-03 08:00:00,0.406
2016-09-03 09:00:00,0.4176
2016-09-03 10:00:00,0.5336
2016-09-03 11:00:00,0.522
2016-09-03 12:00:00,0.4524
2016-09-03 13:00:00,0.4176
2016-09-03 14:00:00,0.5684
2016-09-03 15:00:00,0.4756
2016-09-03 16:00:00,0.2668
2016-09-03 17:00:00,0.4176
2016-09-03 18:00:00,0.2552
2016-09-03 19:00:00,0.4408
2016-09-03 20:00:00,0.9164
2016-09-03 21:00:00,0.812
2016-09-03 22:00:00,0.8352
2016-09-03 23:00:00,0.8352
2016-09-04 00:00:00,0.754
2016-09-04 01:00:00,0.7888
2016-09-04 02:00:00,0.638
2016-09-04 03:00:00,0.4524
2016-09-04 04:00:00,0.3712
2016-09-04 05:00:00,0.2552
2016-09-04 06:00:00,0.1972
2016-09-04 07:00:00,0.1972
2016-09-04 08:00:00,0.232
2016-09-04 09:00:00,0.2784
2016-09-04 10:00:00,0.2784
2016-09-04 11:00:00,0.3016
2016-09-04 12:00:00,0.3364
2016-09-04 13:00:00,0.3248
2016-09-04 14:00:00,0.3016
2016-09-04 15:00:00,0.3132
2016-09-04 16:00:00,0.2784
2016-09-04 17:00:00,0.348
2016-09-04 18:00:00,0.5684
2016-09-04 19:00:00,0.6032
2016-09-04 20:00:00,1.102
2016-09-04 21:00:00,0.638
2016-09-04 22:00:00,0.7424
2016-09-04 23:00:00,0.5916
2016-09-05 00:00:00,0.4988
2016-09-05 01:00:00,0.6728
2016-09-05 02:00:00,0.4756
2016-09-05 03:00:00,0.348
2016-09-05 04:00:00,0.3132
2016-09-05 05:00:00,0.1856
2016-09-05 06:00:00,0.2436
2016-09-05 07:00:00,0.4756
2016-09-05 08:00:00,0.522
2016-09-05 09:00:00,0.4524
2016-09-05 10:00:00,0.4872
2016-09-05 11:00:00,0.3364
2016-09-05 12:00:00,0.3016
2016-09-05 13:00:00,0.3248
2016-09-05 14:00:00,0.406
2016-09-05 15:00:00,0.464
2016-09-05 16:00:00,0.3364
2016-09-05 17:00:00,0.7424
2016-09-05 18:00:00,0.3364
2016-09-05 19:00:00,1.3224
2016-09-05 20:00:00,0.3944
2016-09-05 21:00:00,0.4872
2016-09-05 22:00:00,0.3364
2016-09-05 23:00:00,0.3712
2016-09-06 00:00:00,0.4872
2016-09-06 01:00:00,0.406
2016-09-06 02:00:00,0.1856
2016-09-06 03:00:00,0.116
2016-09-06 04:00:00,0.1044
2016-09-06 05:00:00,0.0928
2016-09-06 06:00:00,0.1624
2016-09-06 07:00:00,0.5336
2016-09-06 08:00:00,0.986
2016-09-06 09:00:00,0.9164
2016-09-06 10:00:00,0.6844
2016-09-06 11:00:00,0.7308
2016-09-06 12:00:00,0.7772
2016-09-06 13:00:00,0.4988
2016-09-06 14:00:00,0.87
2016-09-06 15:00:00,0.9512
2016-09-06 16:00:00,0.58
2016-09-06 17:00:00,0.58
2016-09-06 18:00:00,1.16
2016-09-06 19:00:00,0.6496
2016-09-06 20:00:00,0.6496
2016-09-06 21:00:00,0.812
2016-09-06 22:00:00,0.3828
2016-09-06 23:00:00,0.4872
2016-09-07 00:00:00,0.696
2016-09-07 01:00:00,0.6496
2016-09-07 02:00:00,0.5104
2016-09-07 03:00:00,0.4408
2016-09-07 04:00:00,0.3364
2016-09-07 05:00:00,0.3248
2016-09-07 06:00:00,0.2436
2016-09-07 07:00:00,0.348
2016-09-07 08:00:00,0.9164
2016-09-07 09:00:00,0.87
2016-09-07 10:00:00,0.6728
2016-09-07 11:00:00,0.638
2016-09-07 12:00:00,0.6148
2016-09-07 13:00:00,0.5916
2016-09-07 14:00:00,0.3828
2016-09-07 15:00:00,0.3828
2016-09-07 16:00:00,0.6612
2016-09-07 17:00:00,0.9164
2016-09-07 18:00:00,0.696
2016-09-07 19:00:00,1.1948
2016-09-07 20:00:00,0.9744
2016-09-07 21:00:00,0.5568
2016-09-07 22:00:00,0.7772
2016-09-07 23:00:00,0.4524
2016-09-08 00:00:00,0.6032
2016-09-08 01:00:00,0.6496
2016-09-08 02:00:00,0.4756
2016-09-08 03:00:00,0.3944
2016-09-08 04:00:00,0.1856
2016-09-08 05:00:00,0.2204
2016-09-08 06:00:00,0.2204
2016-09-08 07:00:00,0.2784
2016-09-08 08:00:00,0.3712
2016-09-08 09:00:00,0.29
2016-09-08 10:00:00,0.3248
2016-09-08 11:00:00,0.3132
2016-09-08 12:00:00,0.3596
2016-09-08 13:00:00,0.3944
2016-09-08 14:00:00,0.406
2016-09-08 15:00:00,1.0208
2016-09-08 16:00:00,0.9744
2016-09-08 17:00:00,1.0556
2016-09-08 18:00:00,0.9976
2016-09-08 19:00:00,0.9976
2016-09-08 20:00:00,0.7192
2016-09-08 21:00:00,0.7308
2016-09-08 22:00:00,0.6264
2016-09-08 23:00:00,0.7308
2016-09-09 00:00:00,0.8816
2016-09-09 01:00:00,0.6496
2016-09-09 02:00:00,0.406
2016-09-09 03:00:00,0.4988
2016-09-09 04:00:00,0.4872
2016-09-09 05:00:00,0.3248
2016-09-09 06:00:00,0.2668
2016-09-09 07:00:00,0.2784
2016-09-09 08:00:00,0.7192
2016-09-09 09:00:00,0.7076
2016-09-09 10:00:00,1.1252
2016-09-09 11:00:00,0.8932
2016-09-09 12:00:00,1.044
2016-09-09 13:00:00,1.2412
2016-09-09 14:00:00,0.6728
2016-09-09 15:00:00,0.406
2016-09-09 16:00:00,0.7076
2016-09-09 17:00:00,0.464
2016-09-09 18:00:00,0.9396
2016-09-09 19:00:00,1.1368
2016-09-09 20:00:00,0.8932
2016-09-09 21:00:00,0.6728
2016-09-09 22:00:00,0.5104
2016-09-09 23:00:00,0.4988
2016-09-10 00:00:00,0.522
2016-09-10 01:00:00,0.3364
2016-09-10 02:00:00,0.3944
2016-09-10 03:00:00,0.1392
2016-09-10 04:00:00,0.1624
2016-09-10 05:00:00,0.1972
2016-09-10 06:00:00,0.1392
2016-09-10 07:00:00,0.6844
2016-09-10 08:00:00,0.3132
2016-09-10 09:00:00,0.3828
2016-09-10 10:00:00,0.29
2016-09-10 11:00:00,0.406
2016-09-10 12:00:00,0.1972
2016-09-10 13:00:00,0.2436
2016-09-10 14:00:00,0.3132
2016-09-10 15:00:00,0.3132
2016-09-10 16:00:00,0.2784
2016-09-10 17:00:00,0.1624
2016-09-10 18:00:00,0.2784
2016-09-10 19:00:00,0.5684
2016-09-10 20:00:00,0.9744
2016-09-10 21:00:00,0.87
2016-09-10 22:00:00,1.218
2016-09-10 23:00:00,0.9164
2016-09-11 00:00:00,0.58
2016-09-11 01:00:00,0.6844
2016-09-11 02:00:00,0.4408
2016-09-11 03:00:00,0.464
2016-09-11 04:00:00,0.3016
2016-09-11 05:00:00,0.2088
2016-09-11 06:00:00,0.2668
2016-09-11 07:00:00,0.1624
2016-09-11 08:00:00,0.2436
2016-09-11 09:00:00,0.3364
2016-09-11 10:00:00,0.2436
2016-09-11 11:00:00,0.2552
2016-09-11 12:00:00,0.2436
2016-09-11 13:00:00,0.2668
2016-09-11 14:00:00,0.1972
2016-09-11 15:00:00,0.3132
2016-09-11 16:00:00,0.638
2016-09-11 17:00:00,0.5452
2016-09-11 18:00:00,0.2784
2016-09-11 19:00:00,1.218
2016-09-11 20:00:00,0.4872
2016-09-11 21:00:00,0.4756
2016-09-11 22:00:00,0.3596
2016-09-11 23:00:00,0.4872
2016-09-12 00:00:00,0.4292
2016-09-12 01:00:00,0.6032
2016-09-12 02:00:00,0.406
2016-09-12 03:00:00,0.3828
2016-09-12 04:00:00,0.232
2016-09-12 05:00:00,0.1972
2016-09-12 06:00:00,0.174
2016-09-12 07:00:00,0.4872
2016-09-12 08:00:00,0.464
2016-09-12 09:00:00,0.4408
2016-09-12 10:00:00,0.4292
2016-09-12 11:00:00,0.4872
2016-09-12 12:00:00,0.3364
2016-09-12 13:00:00,0.2436
2016-09-12 14:00:00,0.3248
2016-09-12 15:00:00,0.2784
2016-09-12 16:00:00,0.2668
2016-09-12 17:00:00,0.2436
2016-09-12 18:00:00,0.4408
2016-09-12 19:00:00,0.5568
2016-09-12 20:00:00,0.6032
2016-09-12 21:00:00,0.6264
2016-09-12 22:00:00,0.5104
2016-09-12 23:00:00,0.4988
2016-09-13 00:00:00,0.5104
2016-09-13 01:00:00,0.3944
2016-09-13 02:00:00,0.4292
2016-09-13 03:00:00,0.348
2016-09-13 04:00:00,0.2668
2016-09-13 05:00:00,0.174
2016-09-13 06:00:00,0.2088
2016-09-13 07:00:00,0.348
2016-09-13 08:00:00,0.6728
2016-09-13 09:00:00,0.6264
2016-09-13 10:00:00,0.5916
2016-09-13 11:00:00,0.4756
2016-09-13 12:00:00,0.464
2016-09-13 13:00:00,0.3944
2016-09-13 14:00:00,0.5336
2016-09-13 15:00:00,0.5684
2016-09-13 16:00:00,0.7888
2016-09-13 17:00:00,0.4872
2016-09-13 18:00:00,0.2784
2016-09-13 19:00:00,0.58
2016-09-13 20:00:00,0.87
2016-09-13 21:00:00,0.6148
2016-09-13 22:00:00,0.6264
2016-09-13 23:00:00,0.5104
2016-09-14 00:00:00,0.7656
2016-09-14 01:00:00,0.754
2016-09-14 02:00:00,0.5452
2016-09-14 03:00:00,0.3248
2016-09-14 04:00:00,0.1856
2016-09-14 05:00:00,0.2552
2016-09-14 06:00:00,0.2552
2016-09-14 07:00:00,0.348
2016-09-14 08:00:00,0.5452
2016-09-14 09:00:00,0.5568
2016-09-14 10:00:00,0.5568
2016-09-14 11:00:00,0.4988
2016-09-14 12:00:00,0.6496
2016-09-14 13:00:00,0.7888
2016-09-14 14:00:00,0.4756
2016-09-14 15:00:00,0.754
2016-09-14 16:00:00,0.6148
2016-09-14 17:00:00,0.7192
2016-09-14 18:00:00,1.3804
2016-09-14 19:00:00,1.508
2016-09-14 20:00:00,0.6032
2016-09-14 21:00:00,0.7308
2016-09-14 22:00:00,0.7192
2016-09-14 23:00:00,0.4292
2016-09-15 00:00:00,0.464
2016-09-15 01:00:00,0.406
2016-09-15 02:00:00,0.8004
2016-09-15 03:00:00,0.4524
2016-09-15 04:00:00,0.2552
2016-09-15 05:00:00,0.2204
2016-09-15 06:00:00,0.2552
2016-09-15 07:00:00,0.2436
2016-09-15 08:00:00,0.696
2016-09-15 09:00:00,0.3944
2016-09-15 10:00:00,0.4872
2016-09-15 11:00:00,0.4872
2016-09-15 12:00:00,0.5916
2016-09-15 13:00:00,0.58
2016-09-15 14:00:00,0.4176
2016-09-15 15:00:00,0.5452
2016-09-15 16:00:00,0.696
2016-09-15 17:00:00,0.7076
2016-09-15 18:00:00,0.9512
2016-09-15 19:00:00,1.3572
2016-09-15 20:00:00,0.7424
2016-09-15 21:00:00,0.8004
2016-09-15 22:00:00,0.5104
2016-09-15 23:00:00,0.5452
2016-09-16 00:00:00,0.8468
2016-09-16 01:00:00,0.6148
2016-09-16 02:00:00,0.4176
2016-09-16 03:00:00,0.2552
2016-09-16 04:00:00,0.1392
2016-09-16 05:00:00,0.0464
2016-09-16 06:00:00,0.6022333333333333
2016-09-16 07:00:00,0.5731527777777777
2016-09-16 08:00:00,0.4756
2016-09-16 09:00:00,0.3596
2016-09-16 10:00:00,0.3828
2016-09-16 11:00:00,0.3828
2016-09-16 12:00:00,0.174
2016-09-16 13:00:00,0.2204
2016-09-16 14:00:00,0.2552
2016-09-16 15:00:00,0.3828
2016-09-16 16:00:00,0.4292
2016-09-16 17:00:00,0.3944
2016-09-16 18:00:00,0.7076
2016-09-16 19:00:00,1.0556
2016-09-16 20:00:00,1.0788
2016-09-16 21:00:00,0.4756
2016-09-16 22:00:00,0.8236
2016-09-16 23:00:00,0.5336
2016-09-17 00:00:00,0.5568
2016-09-17 01:00:00,0.812
2016-09-17 02:00:00,0.4524
2016-09-17 03:00:00,0.3016
2016-09-17 04:00:00,0.3132
2016-09-17 05:00:00,0.2088
2016-09-17 06:00:00,0.1856
2016-09-17 07:00:00,0.2552
2016-09-17 08:00:00,0.3248
2016-09-17 09:00:00,0.29
2016-09-17 10:00:00,0.2552
2016-09-17 11:00:00,0.3132
2016-09-17 12:00:00,0.4524
2016-09-17 13:00:00,0.3364
2016-09-17 14:00:00,0.2668
2016-09-17 15:00:00,0.2552
2016-09-17 16:00:00,0.464
2016-09-17 17:00:00,0.7656
2016-09-17 18:00:00,0.8932
2016-09-17 19:00:00,0.6728
2016-09-17 20:00:00,0.58
2016-09-17 21:00:00,0.6844
2016-09-17 22:00:00,0.638
2016-09-17 23:00:00,0.5684
2016-09-18 00:00:00,0.6612
2016-09-18 01:00:00,0.6148
2016-09-18 02:00:00,0.4756
2016-09-18 03:00:00,0.3016
2016-09-18 04:00:00,0.2436
2016-09-18 05:00:00,0.1856
2016-09-18 06:00:00,0.2552
2016-09-18 07:00:00,0.29
2016-09-18 08:00:00,0.2088
2016-09-18 09:00:00,0.3364
2016-09-18 10:00:00,0.2204
2016-09-18 11:00:00,0.29
2016-09-18 12:00:00,0.2552
2016-09-18 13:00:00,0.232
2016-09-18 14:00:00,0.2204
2016-09-18 15:00:00,0.1972
2016-09-18 16:00:00,0.1972
2016-09-18 17:00:00,0.2668
2016-09-18 18:00:00,0.638
2016-09-18 19:00:00,0.9628
2016-09-18 20:00:00,0.638
2016-09-18 21:00:00,0.6148
2016-09-18 22:00:00,0.6264
2016-09-18 23:00:00,0.7656
2016-09-19 00:00:00,0.58
2016-09-19 01:00:00,0.58
2016-09-19 02:00:00,0.5684
2016-09-19 03:00:00,0.29
2016-09-19 04:00:00,0.1856
2016-09-19 05:00:00,0.1624
2016-09-19 06:00:00,0.2668
2016-09-19 07:00:00,0.3828
2016-09-19 08:00:00,0.8468
2016-09-19 09:00:00,0.638
2016-09-19 10:00:00,0.5684
2016-09-19 11:00:00,0.4872
2016-09-19 12:00:00,0.4988
2016-09-19 13:00:00,0.4524
2016-09-19 14:00:00,0.348
2016-09-19 15:00:00,0.3132
2016-09-19 16:00:00,0.7888
2016-09-19 17:00:00,0.7772
2016-09-19 18:00:00,0.6264
2016-09-19 19:00:00,0.3712
2016-09-19 20:00:00,0.5452
2016-09-19 21:00:00,0.406
2016-09-19 22:00:00,0.348
2016-09-19 23:00:00,0.2552
2016-09-20 00:00:00,0.29
2016-09-20 01:00:00,0.1508
2016-09-20 02:00:00,0.058
2016-09-20 03:00:00,0.0232
2016-09-20 04:00:00,0.38666666666666666
2016-09-20 05:00:00,0.3531555555555555
2016-09-20 06:00:00,0.3178185185185185
2016-09-20 07:00:00,0.1856
2016-09-20 08:00:00,0.058
2016-09-20 09:00:00,0.3944
2016-09-20 10:00:00,0.4292
2016-09-20 11:00:00,0.4872
2016-09-20 12:00:00,0.6032
2016-09-20 13:00:00,0.5684
2016-09-20 14:00:00,0.5684
2016-09-20 15:00:00,0.464
2016-09-20 16:00:00,0.2784
2016-09-20 17:00:00,0.2668
2016-09-20 18:00:00,0.2552
2016-09-20 19:00:00,0.5916
2016-09-20 20:00:00,0.348
2016-09-20 21:00:00,0.2784
2016-09-20 22:00:00,0.2668
2016-09-20 23:00:00,0.2436
2016-09-21 00:00:00,0.1624
2016-09-21 01:00:00,0.174
2016-09-21 02:00:00,0.1276
2016-09-21 03:00:00,0.0464
2016-09-21 04:00:00,0.0232
2016-09-21 05:00:00,0.23199999999999998
2016-09-21 06:00:00,0.0116
2016-09-21 07:00:00,0.1624
2016-09-21 08:00:00,0.5684
2016-09-21 09:00:00,0.2436
2016-09-21 10:00:00,0.1856
2016-09-21 11:00:00,0.2552
2016-09-21 12:00:00,0.1972
2016-09-21 13:00:00,0.3016
2016-09-21 14:00:00,0.3712
2016-09-21 15:00:00,0.3132
2016-09-21 16:00:00,0.1972
2016-09-21 17:00:00,0.5916
2016-09-21 18:00:00,0.6264
2016-09-21 19:00:00,0.7308
2016-09-21 20:00:00,0.6612
2016-09-21 21:00:00,0.5336
2016-09-21 22:00:00,0.6496
2016-09-21 23:00:00,0.5916
2016-09-22 00:00:00,0.4292
2016-09-22 01:00:00,0.2436
2016-09-22 02:00:00,0.0464
2016-09-22 03:00:00,0.0464
2016-09-22 04:00:00,0.0348
2016-09-22 05:00:00,0.0348
2016-09-22 06:00:00,0.0464
2016-09-22 07:00:00,0.1392
2016-09-22 08:00:00,0.1856
2016-09-22 09:00:00,0.3712
2016-09-22 10:00:00,0.1276
2016-09-22 11:00:00,0.2552
2016-09-22 12:00:00,0.4872
2016-09-22 13:00:00,0.3016
2016-09-22 14:00:00,0.3364
2016-09-22 15:00:00,0.3596
2016-09-22 16:00:00,0.3364
2016-09-22 17:00:00,0.7192
2016-09-22 18:00:00,0.3364
2016-09-22 19:00:00,0.348
2016-09-22 20:00:00,0.6728
2016-09-22 21:00:00,0.5336
2016-09-22 22:00:00,0.406
2016-09-22 23:00:00,0.4292
2016-09-23 00:00:00,0.232
2016-09-23 01:00:00,0.3016
2016-09-23 02:00:00,0.0464
2016-09-23 03:00:00,0.39343333333333336
2016-09-23 04:00:00,0.3962527777777778
2016-09-23 05:00:00,0.40124050925925925
2016-09-23 06:00:00,0.3747438850308642
2016-09-23 07:00:00,0.232
2016-09-23 08:00:00,0.3132
2016-09-23 09:00:00,0.2436
2016-09-23 10:00:00,0.348
2016-09-23 11:00:00,0.58
2016-09-23 12:00:00,0.5452
2016-09-23 13:00:00,0.3828
2016-09-23 14:00:00,0.5336
2016-09-23 15:00:00,0.4292
2016-09-23 16:00:00,0.5916
2016-09-23 17:00:00,0.3712
2016-09-23 18:00:00,0.8004
2016-09-23 19:00:00,1.0092
2016-09-23 20:00:00,1.3224
2016-09-23 21:00:00,0.6148
2016-09-23 22:00:00,0.638
2016-09-23 23:00:00,0.638
2016-09-24 00:00:00,0.522
2016-09-24 01:00:00,0.1624
2016-09-24 02:00:00,0.2552
2016-09-24 03:00:00,0.6128666666666666
2016-09-24 04:00:00,0.6281722222222221
2016-09-24 05:00:00,0.6312199074074073
2016-09-24 06:00:00,0.6528882330246912
2016-09-24 07:00:00,0.6405955857767489
2016-09-24 08:00:00,0.1044
2016-09-24 09:00:00,0.1856
2016-09-24 10:00:00,0.1856
2016-09-24 11:00:00,0.174
2016-09-24 12:00:00,0.1276
2016-09-24 13:00:00,0.1624
2016-09-24 14:00:00,0.1392
2016-09-24 15:00:00,0.3248
2016-09-24 16:00:00,0.2436
2016-09-24 17:00:00,0.4524
2016-09-24 18:00:00,0.8468
2016-09-24 19:00:00,0.9396
2016-09-24 20:00:00,0.986
2016-09-24 21:00:00,0.6496
2016-09-24 22:00:00,0.696
2016-09-24 23:00:00,0.8932
2016-09-25 00:00:00,0.4872
2016-09-25 01:00:00,0.3248
2016-09-25 02:00:00,0.638
2016-09-25 03:00:00,0.406
2016-09-25 04:00:00,0.3364
2016-09-25 05:00:00,0.1856
2016-09-25 06:00:00,0.0928
2016-09-25 07:00:00,0.116
2016-09-25 08:00:00,0.2436
2016-09-25 09:00:00,0.2088
2016-09-25 10:00:00,0.232
2016-09-25 11:00:00,0.232
2016-09-25 12:00:00,0.3132
2016-09-25 13:00:00,0.3016
2016-09-25 14:00:00,0.4408
2016-09-25 15:00:00,0.348
2016-09-25 16:00:00,0.3132
2016-09-25 17:00:00,0.4176
2016-09-25 18:00:00,0.6612
2016-09-25 19:00:00,0.928
2016-09-25 20:00:00,0.6264
2016-09-25 21:00:00,0.6148
2016-09-25 22:00:00,0.7308
2016-09-25 23:00:00,0.3944
2016-09-26 00:00:00,0.9512
2016-09-26 01:00:00,0.6148
2016-09-26 02:00:00,0.4292
2016-09-26 03:00:00,0.1856
2016-09-26 04:00:00,0.232
2016-09-26 05:00:00,0.3132
2016-09-26 06:00:00,0.3132
2016-09-26 07:00:00,0.3712
2016-09-26 08:00:00,0.6148
2016-09-26 09:00:00,0.464
2016-09-26 10:00:00,0.5104
2016-09-26 11:00:00,0.8352
2016-09-26 12:00:00,0.6148
2016-09-26 13:00:00,0.5568
2016-09-26 14:00:00,0.3712
2016-09-26 15:00:00,0.464
2016-09-26 16:00:00,0.5452
2016-09-26 17:00:00,0.3712
2016-09-26 18:00:00,0.406
2016-09-26 19:00:00,1.3224
2016-09-26 20:00:00,1.5659999999999998
2016-09-26 21:00:00,0.7656
2016-09-26 22:00:00,1.16
2016-09-26 23:00:00,0.8816
2016-09-27 00:00:00,0.7772
2016-09-27 01:00:00,0.1972
2016-09-27 02:00:00,0.1508
2016-09-27 03:00:00,0.0928
2016-09-27 04:00:00,0.1044
2016-09-27 05:00:00,0.6496
2016-09-27 06:00:00,0.6728000000000001
2016-09-27 07:00:00,0.0464
2016-09-27 08:00:00,0.3248
2016-09-27 09:00:00,0.406
2016-09-27 10:00:00,0.3828
2016-09-27 11:00:00,0.2784
2016-09-27 12:00:00,0.5568
2016-09-27 13:00:00,0.29
2016-09-27 14:00:00,0.29
2016-09-27 15:00:00,0.29
2016-09-27 16:00:00,0.3944
2016-09-27 17:00:00,0.7424
2016-09-27 18:00:00,1.0092
2016-09-27 19:00:00,1.1484
2016-09-27 20:00:00,0.87
2016-09-27 21:00:00,0.6148
2016-09-27 22:00:00,0.406
2016-09-27 23:00:00,0.5568
2016-09-28 00:00:00,0.6032
2016-09-28 01:00:00,0.8352
2016-09-28 02:00:00,0.4872
2016-09-28 03:00:00,0.3712
2016-09-28 04:00:00,0.2436
2016-09-28 05:00:00,0.1508
2016-09-28 06:00:00,0.0928
2016-09-28 07:00:00,0.2436
2016-09-28 08:00:00,0.4292
2016-09-28 09:00:00,0.4872
2016-09-28 10:00:00,0.4408
2016-09-28 11:00:00,0.3944
2016-09-28 12:00:00,0.3132
2016-09-28 13:00:00,0.232
2016-09-28 14:00:00,0.4524
2016-09-28 15:00:00,0.3132
2016-09-28 16:00:00,0.5336
2016-09-28 17:00:00,0.4176
2016-09-28 18:00:00,0.696
2016-09-28 19:00:00,0.7772
2016-09-28 20:00:00,1.1832
2016-09-28 21:00:00,0.5336
2016-09-28 22:00:00,0.6148
2016-09-28 23:00:00,0.696
2016-09-29 00:00:00,0.4292
2016-09-29 01:00:00,0.2552
2016-09-29 02:00:00,0.1624
2016-09-29 03:00:00,0.29
2016-09-29 04:00:00,0.116
2016-09-29 05:00:00,0.0696
2016-09-29 06:00:00,0.48526666666666657
2016-09-29 07:00:00,0.174
2016-09-29 08:00:00,0.3248
2016-09-29 09:00:00,0.4988
2016-09-29 10:00:00,0.348
2016-09-29 11:00:00,0.464
2016-09-29 12:00:00,0.3944
2016-09-29 13:00:00,0.6032
2016-09-29 14:00:00,0.4176
2016-09-29 15:00:00,0.3248
2016-09-29 16:00:00,0.29
2016-09-29 17:00:00,0.638
2016-09-29 18:00:00,1.2064
2016-09-29 19:00:00,1.3688
2016-09-29 20:00:00,0.5336
2016-09-29 21:00:00,0.406
2016-09-29 22:00:00,0.4756
2016-09-29 23:00:00,0.3828
2016-09-30 00:00:00,0.5916
2016-09-30 01:00:00,0.464
2016-09-30 02:00:00,0.6148
2016-09-30 03:00:00,0.6844
2016-09-30 04:00:00,0.3596
2016-09-30 05:00:00,0.1276
2016-09-30 06:00:00,0.1856
2016-09-30 07:00:00,0.3828
2016-09-30 08:00:00,0.6496
2016-09-30 09:00:00,0.696
2016-09-30 10:00:00,0.4176
2016-09-30 11:00:00,0.29
2016-09-30 12:00:00,0.1972
2016-09-30 13:00:00,0.3016
2016-09-30 14:00:00,0.1508
2016-09-30 15:00:00,0.2784
2016-09-30 16:00:00,0.1508
2016-09-30 17:00:00,0.6612
2016-09-30 18:00:00,1.8328
2016-09-30 19:00:00,1.5428
2016-09-30 20:00:00,0.9164
2016-09-30 21:00:00,0.522
2016-09-30 22:00:00,0.3944
2016-09-30 23:00:00,0.58
2016-10-01 00:00:00,0.348
2016-10-01 01:00:00,0.6148
2016-10-01 02:00:00,0.4524
2016-10-01 03:00:00,0.2436
2016-10-01 04:00:00,0.2088
2016-10-01 05:00:00,0.2204
2016-10-01 06:00:00,0.116
2016-10-01 07:00:00,0.2784
2016-10-01 08:00:00,0.522
2016-10-01 09:00:00,0.348
2016-10-01 10:00:00,0.5684
2016-10-01 11:00:00,0.4988
2016-10-01 12:00:00,0.406
2016-10-01 13:00:00,0.4524
2016-10-01 14:00:00,0.3596
2016-10-01 15:00:00,0.464
2016-10-01 16:00:00,0.464
2016-10-01 17:00:00,0.2784
2016-10-01 18:00:00,1.334
2016-10-01 19:00:00,1.3108
2016-10-01 20:00:00,0.9744
2016-10-01 21:00:00,0.6844
2016-10-01 22:00:00,0.58
2016-10-01 23:00:00,0.8816
2016-10-02 00:00:00,0.5104
2016-10-02 01:00:00,0.6728
2016-10-02 02:00:00,1.1136
2016-10-02 03:00:00,1.0208
2016-10-02 04:00:00,0.4872
2016-10-02 05:00:00,0.5336
2016-10-02 06:00:00,0.6032
2016-10-02 07:00:00,0.3712
2016-10-02 08:00:00,0.3596
2016-10-02 09:00:00,0.3828
2016-10-02 10:00:00,0.3248
2016-10-02 11:00:00,0.3132
2016-10-02 12:00:00,0.232
2016-10-02 13:00:00,0.3016
2016-10-02 14:00:00,0.348
2016-10-02 15:00:00,0.3132
2016-10-02 16:00:00,0.406
2016-10-02 17:00:00,0.754
2016-10-02 18:00:00,1.5892
2016-10-02 19:00:00,1.2064
2016-10-02 20:00:00,1.044
2016-10-02 21:00:00,0.812
2016-10-02 22:00:00,1.0556
2016-10-02 23:00:00,0.6844
2016-10-03 00:00:00,0.7192
2016-10-03 01:00:00,0.3712
2016-10-03 02:00:00,0.5568
2016-10-03 03:00:00,0.58
2016-10-03 04:00:00,0.5452
2016-10-03 05:00:00,0.3944
2016-10-03 06:00:00,0.3248
2016-10-03 07:00:00,0.6264
2016-10-03 08:00:00,0.8584
2016-10-03 09:00:00,0.812
2016-10-03 10:00:00,0.6148
2016-10-03 11:00:00,0.6844
2016-10-03 12:00:00,0.4872
2016-10-03 13:00:00,0.464
2016-10-03 14:00:00,0.4872
2016-10-03 15:00:00,0.6844
2016-10-03 16:00:00,0.8584
2016-10-03 17:00:00,0.8352
2016-10-03 18:00:00,1.7052
2016-10-03 19:00:00,2.0996
2016-10-03 20:00:00,1.0324
2016-10-03 21:00:00,1.682
2016-10-03 22:00:00,0.9396
2016-10-03 23:00:00,0.6728
2016-10-04 00:00:00,0.3944
2016-10-04 01:00:00,0.3944
2016-10-04 02:00:00,0.464
2016-10-04 03:00:00,0.3828
2016-10-04 04:00:00,0.2552
2016-10-04 05:00:00,0.116
2016-10-04 06:00:00,0.174
2016-10-04 07:00:00,0.5684
2016-10-04 08:00:00,1.1368
2016-10-04 09:00:00,0.7192
2016-10-04 10:00:00,0.9628
2016-10-04 11:00:00,0.7076
2016-10-04 12:00:00,0.522
2016-10-04 13:00:00,0.348
2016-10-04 14:00:00,0.6844
2016-10-04 15:00:00,0.7888
2016-10-04 16:00:00,0.5684
2016-10-04 17:00:00,0.4408
2016-10-04 18:00:00,0.5916
2016-10-04 19:00:00,1.0092
2016-10-04 20:00:00,0.8468
2016-10-04 21:00:00,0.6264
2016-10-04 22:00:00,0.754
2016-10-04 23:00:00,0.7308
2016-10-05 00:00:00,0.5684
2016-10-05 01:00:00,0.6264
2016-10-05 02:00:00,0.522
2016-10-05 03:00:00,0.2668
2016-10-05 04:00:00,0.2784
2016-10-05 05:00:00,0.3364
2016-10-05 06:00:00,0.2668
2016-10-05 07:00:00,0.406
2016-10-05 08:00:00,0.4988
2016-10-05 09:00:00,0.8816
2016-10-05 10:00:00,0.9744
2016-10-05 11:00:00,0.8352
2016-10-05 12:00:00,0.522
2016-10-05 13:00:00,0.4756
2016-10-05 14:00:00,0.638
2016-10-05 15:00:00,0.5916
2016-10-05 16:00:00,0.9628
2016-10-05 17:00:00,1.3688
2016-10-05 18:00:00,0.8352
2016-10-05 19:00:00,0.9048
2016-10-05 20:00:00,0.6612
2016-10-05 21:00:00,0.7076
2016-10-05 22:00:00,0.7076
2016-10-05 23:00:00,0.6496
2016-10-06 00:00:00,0.4872
2016-10-06 01:00:00,0.3828
2016-10-06 02:00:00,0.1972
2016-10-06 03:00:00,0.1624
2016-10-06 04:00:00,0.1276
2016-10-06 05:00:00,0.116
2016-10-06 06:00:00,0.3016
2016-10-06 07:00:00,0.4176
2016-10-06 08:00:00,0.4524
2016-10-06 09:00:00,0.5684
2016-10-06 10:00:00,0.348
2016-10-06 11:00:00,0.2552
2016-10-06 12:00:00,0.3016
2016-10-06 13:00:00,0.348
2016-10-06 14:00:00,0.4292
2016-10-06 15:00:00,0.5568
2016-10-06 16:00:00,0.6032
2016-10-06 17:00:00,1.0208
2016-10-06 18:00:00,1.102
2016-10-06 19:00:00,0.8004
2016-10-06 20:00:00,0.7772
2016-10-06 21:00:00,0.9744
2016-10-06 22:00:00,0.8352
2016-10-06 23:00:00,1.1948
2016-10-07 00:00:00,1.3224
2016-10-07 01:00:00,0.986
2016-10-07 02:00:00,0.8004
2016-10-07 03:00:00,0.812
2016-10-07 04:00:00,0.7424
2016-10-07 05:00:00,0.464
2016-10-07 06:00:00,0.4524
2016-10-07 07:00:00,0.5568
2016-10-07 08:00:00,0.7772
2016-10-07 09:00:00,0.986
2016-10-07 10:00:00,0.6728
2016-10-07 11:00:00,0.9164
2016-10-07 12:00:00,1.0672
2016-10-07 13:00:00,0.9744
2016-10-07 14:00:00,1.45
2016-10-07 15:00:00,1.0788
2016-10-07 16:00:00,0.9976
2016-10-07 17:00:00,0.986
2016-10-07 18:00:00,1.6472
2016-10-07 19:00:00,1.4848
2016-10-07 20:00:00,1.1716
2016-10-07 21:00:00,0.9744
2016-10-07 22:00:00,0.7656
2016-10-07 23:00:00,0.8816
2016-10-08 00:00:00,0.6148
2016-10-08 01:00:00,0.2552
2016-10-08 02:00:00,0.2204
2016-10-08 03:00:00,0.116
2016-10-08 04:00:00,0.0812
2016-10-08 05:00:00,0.0348
2016-10-08 06:00:00,0.0348
2016-10-08 07:00:00,0.3248
2016-10-08 08:00:00,0.3596
2016-10-08 09:00:00,0.5684
2016-10-08 10:00:00,0.464
2016-10-08 11:00:00,0.464
2016-10-08 12:00:00,0.2204
2016-10-08 13:00:00,0.3248
2016-10-08 14:00:00,0.3364
2016-10-08 15:00:00,0.3364
2016-10-08 16:00:00,0.6264
2016-10-08 17:00:00,0.5568
2016-10-08 18:00:00,0.4756
2016-10-08 19:00:00,0.7424
2016-10-08 20:00:00,1.1368
2016-10-08 21:00:00,0.8468
2016-10-08 22:00:00,0.5452
2016-10-08 23:00:00,0.522
2016-10-09 00:00:00,0.6148
2016-10-09 01:00:00,0.6496
2016-10-09 02:00:00,0.638
2016-10-09 03:00:00,0.2668
2016-10-09 04:00:00,0.2552
2016-10-09 05:00:00,0.2204
2016-10-09 06:00:00,0.1972
2016-10-09 07:00:00,0.2204
2016-10-09 08:00:00,0.2668
2016-10-09 09:00:00,0.3132
2016-10-09 10:00:00,0.406
2016-10-09 11:00:00,0.4872
2016-10-09 12:00:00,0.5452
2016-10-09 13:00:00,0.406
2016-10-09 14:00:00,0.464
2016-10-09 15:00:00,0.4292
2016-10-09 16:00:00,0.4408
2016-10-09 17:00:00,0.8352
2016-10-09 18:00:00,0.9396
2016-10-09 19:00:00,1.0672
2016-10-09 20:00:00,0.9744
2016-10-09 21:00:00,0.6264
2016-10-09 22:00:00,1.0324
2016-10-09 23:00:00,1.276
2016-10-10 00:00:00,0.928
2016-10-10 01:00:00,0.1972
2016-10-10 02:00:00,0.174
2016-10-10 03:00:00,0.058
2016-10-10 04:00:00,0.7124333333333333
2016-10-10 05:00:00,0.7350694444444446
2016-10-10 06:00:00,0.7267252314814815
2016-10-10 07:00:00,0.1044
2016-10-10 08:00:00,0.6728
2016-10-10 09:00:00,0.3016
2016-10-10 10:00:00,0.0928
2016-10-10 11:00:00,0.0696
2016-10-10 12:00:00,0.0696
2016-10-10 13:00:00,0.2436
2016-10-10 14:00:00,0.29
2016-10-10 15:00:00,0.2436
2016-10-10 16:00:00,0.5916
2016-10-10 17:00:00,0.7076
2016-10-10 18:00:00,0.8816
2016-10-10 19:00:00,0.8352
2016-10-10 20:00:00,0.5916
2016-10-10 21:00:00,0.8932
2016-10-10 22:00:00,0.5452
2016-10-10 23:00:00,0.7772
2016-10-11 00:00:00,0.754
2016-10-11 01:00:00,0.6032
2016-10-11 02:00:00,0.3828
2016-10-11 03:00:00,0.2436
2016-10-11 04:00:00,0.2552
2016-10-11 05:00:00,0.2088
2016-10-11 06:00:00,0.2204
2016-10-11 07:00:00,0.1508
2016-10-11 08:00:00,0.2552
2016-10-11 09:00:00,0.5104
2016-10-11 10:00:00,0.3596
2016-10-11 11:00:00,0.522
2016-10-11 12:00:00,0.3248
2016-10-11 13:00:00,0.3364
2016-10-11 14:00:00,0.1972
2016-10-11 15:00:00,0.1508
2016-10-11 16:00:00,0.116
2016-10-11 17:00:00,0.0928
2016-10-11 18:00:00,0.8352
2016-10-11 19:00:00,1.392
2016-10-11 20:00:00,0.9396
2016-10-11 21:00:00,0.58
2016-10-11 22:00:00,0.8004
2016-10-11 23:00:00,0.522
2016-10-12 00:00:00,1.0904
2016-10-12 01:00:00,0.5684
2016-10-12 02:00:00,0.464
2016-10-12 03:00:00,0.3712
2016-10-12 04:00:00,0.2784
2016-10-12 05:00:00,0.2204
2016-10-12 06:00:00,0.1856
2016-10-12 07:00:00,0.6264
2016-10-12 08:00:00,1.6008
2016-10-12 09:00:00,0.8816
2016-10-12 10:00:00,1.0788
2016-10-12 11:00:00,0.5104
2016-10-12 12:00:00,0.4872
2016-10-12 13:00:00,0.6844
2016-10-12 14:00:00,0.5916
2016-10-12 15:00:00,1.1716
2016-10-12 16:00:00,0.8932
2016-10-12 17:00:00,0.8932
2016-10-12 18:00:00,0.7888
2016-10-12 19:00:00,0.812
2016-10-12 20:00:00,0.3828
2016-10-12 21:00:00,0.7656
2016-10-12 22:00:00,0.5684
2016-10-12 23:00:00,0.58
2016-10-13 00:00:00,0.58
2016-10-13 01:00:00,1.0556
2016-10-13 02:00:00,0.4292
2016-10-13 03:00:00,0.3016
2016-10-13 04:00:00,0.1392
2016-10-13 05:00:00,0.2436
2016-10-13 06:00:00,0.3132
2016-10-13 07:00:00,0.3828
2016-10-13 08:00:00,1.1252
2016-10-13 09:00:00,0.4756
2016-10-13 10:00:00,0.5684
2016-10-13 11:00:00,0.6264
2016-10-13 12:00:00,0.5568
2016-10-13 13:00:00,0.522
2016-10-13 14:00:00,0.6032
2016-10-13 15:00:00,0.9744
2016-10-13 16:00:00,0.7076
2016-10-13 17:00:00,1.0324
2016-10-13 18:00:00,1.2644
2016-10-13 19:00:00,1.3804
2016-10-13 20:00:00,1.5776
2016-10-13 21:00:00,0.6264
2016-10-13 22:00:00,0.9976
2016-10-13 23:00:00,0.8816
2016-10-14 00:00:00,1.45
2016-10-14 01:00:00,1.2876
2016-10-14 02:00:00,1.218
2016-10-14 03:00:00,0.8584
2016-10-14 04:00:00,0.464
2016-10-14 05:00:00,0.5336
2016-10-14 06:00:00,0.6264
2016-10-14 07:00:00,0.638
2016-10-14 08:00:00,0.8932
2016-10-14 09:00:00,0.8236
2016-10-14 10:00:00,0.696
2016-10-14 11:00:00,0.7772
2016-10-14 12:00:00,0.4988
2016-10-14 13:00:00,0.5104
2016-10-14 14:00:00,0.4292
2016-10-14 15:00:00,0.7308
2016-10-14 16:00:00,0.6148
2016-10-14 17:00:00,1.218
2016-10-14 18:00:00,2.3084
2016-10-14 19:00:00,2.5984
2016-10-14 20:00:00,1.7284
2016-10-14 21:00:00,1.0324
2016-10-14 22:00:00,1.6704
2016-10-14 23:00:00,1.1948
2016-10-15 00:00:00,0.9164
2016-10-15 01:00:00,1.4152
2016-10-15 02:00:00,1.5892
2016-10-15 03:00:00,1.4616
2016-10-15 04:00:00,0.6032
2016-10-15 05:00:00,0.5452
2016-10-15 06:00:00,0.5104
2016-10-15 07:00:00,0.464
2016-10-15 08:00:00,0.58
2016-10-15 09:00:00,0.7656
2016-10-15 10:00:00,1.2528
2016-10-15 11:00:00,0.5684
2016-10-15 12:00:00,0.7308
2016-10-15 13:00:00,0.3828
2016-10-15 14:00:00,0.58
2016-10-15 15:00:00,0.4292
2016-10-15 16:00:00,0.4176
2016-10-15 17:00:00,0.7656
2016-10-15 18:00:00,1.1716
2016-10-15 19:00:00,1.276
2016-10-15 20:00:00,1.798
2016-10-15 21:00:00,0.9048
2016-10-15 22:00:00,0.8352
2016-10-15 23:00:00,1.0556
2016-10-16 00:00:00,1.6356
2016-10-16 01:00:00,1.1136
2016-10-16 02:00:00,0.5104
2016-10-16 03:00:00,0.7192
2016-10-16 04:00:00,0.7076
2016-10-16 05:00:00,0.58
2016-10-16 06:00:00,0.4872
2016-10-16 07:00:00,0.6264
2016-10-16 08:00:00,0.4524
2016-10-16 09:00:00,0.5104
2016-10-16 10:00:00,0.4872
2016-10-16 11:00:00,0.6728
2016-10-16 12:00:00,0.812
2016-10-16 13:00:00,0.3016
2016-10-16 14:00:00,0.29
2016-10-16 15:00:00,0.3016
2016-10-16 16:00:00,0.5568
2016-10-16 17:00:00,1.1368
2016-10-16 18:00:00,0.986
2016-10-16 19:00:00,0.9744
2016-10-16 20:00:00,1.2296
2016-10-16 21:00:00,0.928
2016-10-16 22:00:00,0.8584
2016-10-16 23:00:00,1.2296
2016-10-17 00:00:00,0.8352
2016-10-17 01:00:00,0.7308
2016-10-17 02:00:00,0.522
2016-10-17 03:00:00,0.4176
2016-10-17 04:00:00,0.2784
2016-10-17 05:00:00,0.2668
2016-10-17 06:00:00,0.3248
2016-10-17 07:00:00,0.6264
2016-10-17 08:00:00,1.3108
2016-10-17 09:00:00,0.5684
2016-10-17 10:00:00,0.7308
2016-10-17 11:00:00,0.3944
2016-10-17 12:00:00,0.406
2016-10-17 13:00:00,0.4292
2016-10-17 14:00:00,0.7308
2016-10-17 15:00:00,0.4292
2016-10-17 16:00:00,0.3712
2016-10-17 17:00:00,0.4872
2016-10-17 18:00:00,0.4988
2016-10-17 19:00:00,0.9628
2016-10-17 20:00:00,0.8004
2016-10-17 21:00:00,0.7424
2016-10-17 22:00:00,0.5568
2016-10-17 23:00:00,0.3828
2016-10-18 00:00:00,0.4176
2016-10-18 01:00:00,0.3828
2016-10-18 02:00:00,0.3364
2016-10-18 03:00:00,0.3132
2016-10-18 04:00:00,0.2784
2016-10-18 05:00:00,0.2088
2016-10-18 06:00:00,0.174
2016-10-18 07:00:00,0.174
2016-10-18 08:00:00,0.2204
2016-10-18 09:00:00,0.2784
2016-10-18 10:00:00,0.3364
2016-10-18 11:00:00,0.3132
2016-10-18 12:00:00,0.2784
2016-10-18 13:00:00,0.29
2016-10-18 14:00:00,0.3248
2016-10-18 15:00:00,0.3828
2016-10-18 16:00:00,0.3944
2016-10-18 17:00:00,0.3596
2016-10-18 18:00:00,0.406
2016-10-18 19:00:00,0.3944
2016-10-18 20:00:00,0.3596
2016-10-18 21:00:00,0.3596
2016-10-18 22:00:00,0.3016
2016-10-18 23:00:00,0.29
2016-10-19 00:00:00,0.2552
2016-10-19 01:00:00,0.232
2016-10-19 02:00:00,0.174
2016-10-19 03:00:00,0.1624
2016-10-19 04:00:00,0.1508
2016-10-19 05:00:00,0.1624
2016-10-19 06:00:00,0.174
2016-10-19 07:00:00,0.1972
2016-10-19 08:00:00,0.3364
2016-10-19 09:00:00,0.3364
2016-10-19 10:00:00,0.3016
2016-10-19 11:00:00,0.3132
2016-10-19 12:00:00,0.3596
2016-10-19 13:00:00,0.9396
2016-10-19 14:00:00,1.7284
2016-10-19 15:00:00,0.8584
2016-10-19 16:00:00,0.9512
2016-10-19 17:00:00,0.986
2016-10-19 18:00:00,1.3108
2016-10-19 19:00:00,0.9628
2016-10-19 20:00:00,1.0904
2016-10-19 21:00:00,1.1484
2016-10-19 22:00:00,0.6496
2016-10-19 23:00:00,0.4872
2016-10-20 00:00:00,0.3944
2016-10-20 01:00:00,0.3596
2016-10-20 02:00:00,0.3248
2016-10-20 03:00:00,0.3016
2016-10-20 04:00:00,0.3132
2016-10-20 05:00:00,0.232
2016-10-20 06:00:00,0.232
2016-10-20 07:00:00,0.2784
2016-10-20 08:00:00,0.6148
2016-10-20 09:00:00,0.5104
2016-10-20 10:00:00,0.3944
2016-10-20 11:00:00,0.348
2016-10-20 12:00:00,0.522
2016-10-20 13:00:00,0.3828
2016-10-20 14:00:00,0.4988
2016-10-20 15:00:00,0.5336
2016-10-20 16:00:00,0.4408
2016-10-20 17:00:00,0.6032
2016-10-20 18:00:00,0.6032
2016-10-20 19:00:00,0.4292
2016-10-20 20:00:00,0.4408
2016-10-20 21:00:00,0.464
2016-10-20 22:00:00,0.5916
2016-10-20 23:00:00,0.464
2016-10-21 00:00:00,0.4524
2016-10-21 01:00:00,0.406
2016-10-21 02:00:00,0.3596
2016-10-21 03:00:00,0.3248
2016-10-21 04:00:00,0.3016
2016-10-21 05:00:00,0.29
2016-10-21 06:00:00,0.4408
2016-10-21 07:00:00,0.4176
2016-10-21 08:00:00,0.4988
2016-10-21 09:00:00,0.3944
2016-10-21 10:00:00,0.5104
2016-10-21 11:00:00,0.4524
2016-10-21 12:00:00,0.4524
2016-10-21 13:00:00,0.986
2016-10-21 14:00:00,1.3224
2016-10-21 15:00:00,1.16
2016-10-21 16:00:00,0.638
2016-10-21 17:00:00,0.5452
2016-10-21 18:00:00,0.5336
2016-10-21 19:00:00,0.5916
2016-10-21 20:00:00,0.6148
2016-10-21 21:00:00,0.4988
2016-10-21 22:00:00,0.4292
2016-10-21 23:00:00,0.4872
2016-10-22 00:00:00,0.5336
2016-10-22 01:00:00,0.1624
2016-10-22 02:00:00,0.1044
2016-10-22 03:00:00,0.0696
2016-10-22 04:00:00,0.058
2016-10-22 05:00:00,0.058
2016-10-22 06:00:00,0.058
2016-10-22 07:00:00,0.1044
2016-10-22 08:00:00,0.1624
2016-10-22 09:00:00,0.6496
2016-10-22 10:00:00,0.406
2016-10-22 11:00:00,0.2784
2016-10-22 12:00:00,0.4872
2016-10-22 13:00:00,0.986
2016-10-22 14:00:00,0.8468
2016-10-22 15:00:00,1.1136
2016-10-22 16:00:00,0.6496
2016-10-22 17:00:00,0.7192
2016-10-22 18:00:00,0.7656
2016-10-22 19:00:00,1.5659999999999998
2016-10-22 20:00:00,1.2412
2016-10-22 21:00:00,1.1716
2016-10-22 22:00:00,1.0324
2016-10-22 23:00:00,1.4036
2016-10-23 00:00:00,1.6124
2016-10-23 01:00:00,1.0672
2016-10-23 02:00:00,1.2064
2016-10-23 03:00:00,0.9512
2016-10-23 04:00:00,0.7888
2016-10-23 05:00:00,0.4524
2016-10-23 06:00:00,0.406
2016-10-23 07:00:00,0.5568
2016-10-23 08:00:00,0.5452
2016-10-23 09:00:00,0.696
2016-10-23 10:00:00,0.8004
2016-10-23 11:00:00,0.5104
2016-10-23 12:00:00,0.7888
2016-10-23 13:00:00,0.3248
2016-10-23 14:00:00,0.2668
2016-10-23 15:00:00,0.2552
2016-10-23 16:00:00,0.5916
2016-10-23 17:00:00,0.5104
2016-10-23 18:00:00,0.7772
2016-10-23 19:00:00,1.1136
2016-10-23 20:00:00,1.276
2016-10-23 21:00:00,1.7632
2016-10-23 22:00:00,1.508
2016-10-23 23:00:00,2.1576
2016-10-24 00:00:00,2.5752
2016-10-24 01:00:00,2.5636
2016-10-24 02:00:00,2.32
2016-10-24 03:00:00,1.508
2016-10-24 04:00:00,0.5684
2016-10-24 05:00:00,0.5104
2016-10-24 06:00:00,0.4408
2016-10-24 07:00:00,1.0208
2016-10-24 08:00:00,1.1252
2016-10-24 09:00:00,0.9396
2016-10-24 10:00:00,0.6844
2016-10-24 11:00:00,0.5452
2016-10-24 12:00:00,0.5568
2016-10-24 13:00:00,0.5916
2016-10-24 14:00:00,0.4756
2016-10-24 15:00:00,0.348
2016-10-24 16:00:00,0.3944
2016-10-24 17:00:00,0.4872
2016-10-24 18:00:00,1.5892
2016-10-24 19:00:00,1.3224
2016-10-24 20:00:00,0.8816
2016-10-24 21:00:00,0.9744
2016-10-24 22:00:00,0.9512
2016-10-24 23:00:00,0.9512
2016-10-25 00:00:00,0.8236
2016-10-25 01:00:00,0.8584
2016-10-25 02:00:00,0.8816
2016-10-25 03:00:00,0.522
2016-10-25 04:00:00,0.3364
2016-10-25 05:00:00,0.1856
2016-10-25 06:00:00,0.3132
2016-10-25 07:00:00,0.6612
2016-10-25 08:00:00,0.8584
2016-10-25 09:00:00,0.9628
2016-10-25 10:00:00,0.8584
2016-10-25 11:00:00,0.7772
2016-10-25 12:00:00,0.58
2016-10-25 13:00:00,0.2784
2016-10-25 14:00:00,0.2204
2016-10-25 15:00:00,0.2204
2016-10-25 16:00:00,0.3944
2016-10-25 17:00:00,1.4152
2016-10-25 18:00:00,1.2876
2016-10-25 19:00:00,2.378
2016-10-25 20:00:00,1.508
2016-10-25 21:00:00,1.508
2016-10-25 22:00:00,1.3224
2016-10-25 23:00:00,1.2412
2016-10-26 00:00:00,1.0904
2016-10-26 01:00:00,1.102
2016-10-26 02:00:00,0.9396
2016-10-26 03:00:00,0.696
2016-10-26 04:00:00,0.4292
2016-10-26 05:00:00,0.406
2016-10-26 06:00:00,0.4408
2016-10-26 07:00:00,0.638
2016-10-26 08:00:00,0.7772
2016-10-26 09:00:00,1.6008
2016-10-26 10:00:00,0.6496
2016-10-26 11:00:00,0.406
2016-10-26 12:00:00,0.232
2016-10-26 13:00:00,0.3364
2016-10-26 14:00:00,0.4524
2016-10-26 15:00:00,0.7656
2016-10-26 16:00:00,0.6612
2016-10-26 17:00:00,0.7076
2016-10-26 18:00:00,0.7076
2016-10-26 19:00:00,0.812
2016-10-26 20:00:00,1.1136
2016-10-26 21:00:00,1.0672
2016-10-26 22:00:00,1.0092
2016-10-26 23:00:00,0.638
2016-10-27 00:00:00,0.5452
2016-10-27 01:00:00,0.5916
2016-10-27 02:00:00,0.2784
2016-10-27 03:00:00,0.3016
2016-10-27 04:00:00,0.2436
2016-10-27 05:00:00,0.2552
2016-10-27 06:00:00,0.3596
2016-10-27 07:00:00,0.812
2016-10-27 08:00:00,1.2876
2016-10-27 09:00:00,1.218
2016-10-27 10:00:00,1.0904
2016-10-27 11:00:00,0.9164
2016-10-27 12:00:00,0.6612
2016-10-27 13:00:00,0.8816
2016-10-27 14:00:00,0.8236
2016-10-27 15:00:00,0.9048
2016-10-27 16:00:00,1.1484
2016-10-27 17:00:00,1.74
2016-10-27 18:00:00,1.0556
2016-10-27 19:00:00,1.0092
2016-10-27 20:00:00,0.986
2016-10-27 21:00:00,0.638
2016-10-27 22:00:00,0.6844
2016-10-27 23:00:00,0.5916
2016-10-28 00:00:00,0.58
2016-10-28 01:00:00,0.4408
2016-10-28 02:00:00,0.2784
2016-10-28 03:00:00,0.1856
2016-10-28 04:00:00,0.174
2016-10-28 05:00:00,0.232
2016-10-28 06:00:00,0.2668
2016-10-28 07:00:00,0.7424
2016-10-28 08:00:00,1.1484
2016-10-28 09:00:00,1.3108
2016-10-28 10:00:00,0.9976
2016-10-28 11:00:00,0.5568
2016-10-28 12:00:00,0.7308
2016-10-28 13:00:00,0.696
2016-10-28 14:00:00,0.8236
2016-10-28 15:00:00,0.9512
2016-10-28 16:00:00,1.2412
2016-10-28 17:00:00,0.9628
2016-10-28 18:00:00,0.638
2016-10-28 19:00:00,0.986
2016-10-28 20:00:00,0.9512
2016-10-28 21:00:00,0.8236
2016-10-28 22:00:00,1.276
2016-10-28 23:00:00,0.986
2016-10-29 00:00:00,0.87
2016-10-29 01:00:00,0.348
2016-10-29 02:00:00,0.4756
2016-10-29 03:00:00,0.4408
2016-10-29 04:00:00,0.3132
2016-10-29 05:00:00,0.232
2016-10-29 06:00:00,0.1972
2016-10-29 07:00:00,0.1856
2016-10-29 08:00:00,0.4176
2016-10-29 09:00:00,0.4292
2016-10-29 10:00:00,0.3364
2016-10-29 11:00:00,0.3364
2016-10-29 12:00:00,0.4524
2016-10-29 13:00:00,0.4524
2016-10-29 14:00:00,0.5684
2016-10-29 15:00:00,0.3364
2016-10-29 16:00:00,0.4408
2016-10-29 17:00:00,0.812
2016-10-29 18:00:00,1.6472
2016-10-29 19:00:00,1.7632
2016-10-29 20:00:00,1.3224
2016-10-29 21:00:00,1.4384
2016-10-29 22:00:00,1.7748
2016-10-29 23:00:00,1.9836
2016-10-30 00:00:00,0.7772
2016-10-30 01:00:00,1.8328
2016-10-30 02:00:00,0.928
2016-10-30 03:00:00,1.0092
2016-10-30 04:00:00,0.5684
2016-10-30 05:00:00,0.406
2016-10-30 06:00:00,0.638
2016-10-30 07:00:00,0.638
2016-10-30 08:00:00,0.9048
2016-10-30 09:00:00,1.1368
2016-10-30 10:00:00,0.7888
2016-10-30 11:00:00,0.2668
2016-10-30 12:00:00,0.2436
2016-10-30 13:00:00,0.348
2016-10-30 14:00:00,0.3132
2016-10-30 15:00:00,0.3364
2016-10-30 16:00:00,0.3712
2016-10-30 17:00:00,0.4292
2016-10-30 18:00:00,1.0556
2016-10-30 19:00:00,0.8468
2016-10-30 20:00:00,0.8236
2016-10-30 21:00:00,1.5196
2016-10-30 22:00:00,1.102
2016-10-30 23:00:00,0.9628
2016-10-31 00:00:00,0.6960000000000002
2016-10-31 01:00:00,1.3224
2016-10-31 02:00:00,1.2644
2016-10-31 03:00:00,0.8932
2016-10-31 04:00:00,0.7308
2016-10-31 05:00:00,0.5104
2016-10-31 06:00:00,0.5104
2016-10-31 07:00:00,0.6728
2016-10-31 08:00:00,0.5916
2016-10-31 09:00:00,1.7748
2016-10-31 10:00:00,0.8352
2016-10-31 11:00:00,0.3828
2016-10-31 12:00:00,0.6264
2016-10-31 13:00:00,0.3364
2016-10-31 14:00:00,0.2784
2016-10-31 15:00:00,0.4176
2016-10-31 16:00:00,0.406
2016-10-31 17:00:00,0.4292
2016-10-31 18:00:00,0.7772
2016-10-31 19:00:00,1.8908
2016-10-31 20:00:00,1.7052
2016-10-31 21:00:00,1.6124
2016-10-31 22:00:00,1.7748
2016-10-31 23:00:00,1.7168
2016-11-01 00:00:00,2.552
2016-11-01 01:00:00,2.4012
2016-11-01 02:00:00,2.0996
2016-11-01 03:00:00,1.0904
2016-11-01 04:00:00,0.812
2016-11-01 05:00:00,1.1136
2016-11-01 06:00:00,0.4872
2016-11-01 07:00:00,0.348
2016-11-01 08:00:00,0.9164
2016-11-01 09:00:00,1.2064
2016-11-01 10:00:00,1.2644
2016-11-01 11:00:00,1.1484
2016-11-01 12:00:00,1.0556
2016-11-01 13:00:00,0.7192
2016-11-01 14:00:00,0.6148
2016-11-01 15:00:00,0.464
2016-11-01 16:00:00,0.5452
2016-11-01 17:00:00,1.6588
2016-11-01 18:00:00,1.3804
2016-11-01 19:00:00,1.8444
2016-11-01 20:00:00,2.9928
2016-11-01 21:00:00,1.2644
2016-11-01 22:00:00,1.682
2016-11-01 23:00:00,1.2876
2016-11-02 00:00:00,1.392
2016-11-02 01:00:00,1.856
2016-11-02 02:00:00,1.9024
2016-11-02 03:00:00,1.3456
2016-11-02 04:00:00,0.8352
2016-11-02 05:00:00,0.7656
2016-11-02 06:00:00,0.7656
2016-11-02 07:00:00,0.6264
2016-11-02 08:00:00,0.9976
2016-11-02 09:00:00,1.2644
2016-11-02 10:00:00,1.0324
2016-11-02 11:00:00,0.6728
2016-11-02 12:00:00,0.6728
2016-11-02 13:00:00,0.696
2016-11-02 14:00:00,0.5452
2016-11-02 15:00:00,1.276
2016-11-02 16:00:00,1.9604
2016-11-02 17:00:00,3.4104
2016-11-02 18:00:00,2.5984
2016-11-02 19:00:00,1.5544
2016-11-02 20:00:00,1.972
2016-11-02 21:00:00,1.6124
2016-11-02 22:00:00,2.9116
2016-11-02 23:00:00,2.4128
2016-11-03 00:00:00,3.2364
2016-11-03 01:00:00,2.146
2016-11-03 02:00:00,1.6472
2016-11-03 03:00:00,2.03
2016-11-03 04:00:00,2.3548
2016-11-03 05:00:00,1.624
2016-11-03 06:00:00,1.4848
2016-11-03 07:00:00,1.7748
2016-11-03 08:00:00,1.9604
2016-11-03 09:00:00,1.9488
2016-11-03 10:00:00,1.7516
2016-11-03 11:00:00,1.5892
2016-11-03 12:00:00,1.45
2016-11-03 13:00:00,1.5428
2016-11-03 14:00:00,1.1484
2016-11-03 15:00:00,1.1252
2016-11-03 16:00:00,1.3108
2016-11-03 17:00:00,1.2296
2016-11-03 18:00:00,0.8584
2016-11-03 19:00:00,0.8932
2016-11-03 20:00:00,0.928
2016-11-03 21:00:00,0.6728
2016-11-03 22:00:00,0.696
2016-11-03 23:00:00,0.5568
2016-11-04 00:00:00,0.4872
2016-11-04 01:00:00,0.406
2016-11-04 02:00:00,0.29
2016-11-04 03:00:00,0.1392
2016-11-04 04:00:00,0.1044
2016-11-04 05:00:00,0.1044
2016-11-04 06:00:00,0.1392
2016-11-04 07:00:00,0.2436
2016-11-04 08:00:00,0.3364
2016-11-04 09:00:00,0.6496
2016-11-04 10:00:00,0.4292
2016-11-04 11:00:00,0.4176
2016-11-04 12:00:00,0.4756
2016-11-04 13:00:00,0.6148
2016-11-04 14:00:00,0.8584
2016-11-04 15:00:00,0.5336
2016-11-04 16:00:00,0.4524
2016-11-04 17:00:00,2.1228
2016-11-04 18:00:00,2.2272
2016-11-04 19:00:00,1.914
2016-11-04 20:00:00,1.2528
2016-11-04 21:00:00,1.2064
2016-11-04 22:00:00,1.4152
2016-11-04 23:00:00,1.16
2016-11-05 00:00:00,1.1136
2016-11-05 01:00:00,1.218
2016-11-05 02:00:00,2.0532
2016-11-05 03:00:00,0.986
2016-11-05 04:00:00,0.8468
2016-11-05 05:00:00,0.6496
2016-11-05 06:00:00,0.6148
2016-11-05 07:00:00,0.5916
2016-11-05 08:00:00,0.8352
2016-11-05 09:00:00,0.9396
2016-11-05 10:00:00,1.276
2016-11-05 11:00:00,1.044
2016-11-05 12:00:00,0.7656
2016-11-05 13:00:00,0.696
2016-11-05 14:00:00,0.7076
2016-11-05 15:00:00,0.8816
2016-11-05 16:00:00,1.4848
2016-11-05 17:00:00,2.2736
2016-11-05 18:00:00,2.61
2016-11-05 19:00:00,2.5984
2016-11-05 20:00:00,2.1344
2016-11-05 21:00:00,2.6448
2016-11-05 22:00:00,2.4708
2016-11-05 23:00:00,3.5844
2016-11-06 00:00:00,3.7584
2016-11-06 01:00:00,3.1552
2016-11-06 02:00:00,2.3896
2016-11-06 03:00:00,1.8792
2016-11-06 04:00:00,2.204
2016-11-06 05:00:00,1.8792
2016-11-06 06:00:00,1.3224
2016-11-06 07:00:00,1.0208
2016-11-06 08:00:00,1.0208
2016-11-06 09:00:00,0.8352
2016-11-06 10:00:00,0.4988
2016-11-06 11:00:00,0.754
2016-11-06 12:00:00,0.9048
2016-11-06 13:00:00,0.7424
2016-11-06 14:00:00,1.0788
2016-11-06 15:00:00,1.4732
2016-11-06 16:00:00,1.0324
2016-11-06 17:00:00,1.5892
2016-11-06 18:00:00,1.2876
2016-11-06 19:00:00,1.9604
2016-11-06 20:00:00,0.7192
2016-11-06 21:00:00,1.972
2016-11-06 22:00:00,2.6216
2016-11-06 23:00:00,3.016
2016-11-07 00:00:00,2.5404
2016-11-07 01:00:00,1.8444
2016-11-07 02:00:00,0.6032
2016-11-07 03:00:00,0.464
2016-11-07 04:00:00,0.4524
2016-11-07 05:00:00,0.5104
2016-11-07 06:00:00,0.7076
2016-11-07 07:00:00,0.9744
2016-11-07 08:00:00,1.5312
2016-11-07 09:00:00,1.8908
2016-11-07 10:00:00,1.334
2016-11-07 11:00:00,1.0672
2016-11-07 12:00:00,0.5684
2016-11-07 13:00:00,0.5916
2016-11-07 14:00:00,0.8004
2016-11-07 15:00:00,0.6148
2016-11-07 16:00:00,1.0208
2016-11-07 17:00:00,2.2272
2016-11-07 18:00:00,1.74
2016-11-07 19:00:00,2.3896
2016-11-07 20:00:00,3.5380000000000003
2016-11-07 21:00:00,3.3176
2016-11-07 22:00:00,2.7144
2016-11-07 23:00:00,2.9464
2016-11-08 00:00:00,1.7748
2016-11-08 01:00:00,1.6356
2016-11-08 02:00:00,1.2412
2016-11-08 03:00:00,0.8352
2016-11-08 04:00:00,0.6148
2016-11-08 05:00:00,0.348
2016-11-08 06:00:00,0.4524
2016-11-08 07:00:00,0.7076
2016-11-08 08:00:00,1.0788
2016-11-08 09:00:00,1.1136
2016-11-08 10:00:00,0.9164
2016-11-08 11:00:00,1.2992
2016-11-08 12:00:00,1.4036
2016-11-08 13:00:00,1.2644
2016-11-08 14:00:00,0.9512
2016-11-08 15:00:00,1.7864
2016-11-08 16:00:00,1.6588
2016-11-08 17:00:00,1.9372
2016-11-08 18:00:00,2.436
2016-11-08 19:00:00,2.3896
2016-11-08 20:00:00,2.3548
2016-11-08 21:00:00,2.4476
2016-11-08 22:00:00,2.4708
2016-11-08 23:00:00,1.1948
2016-11-09 00:00:00,1.1716
2016-11-09 01:00:00,0.7656
2016-11-09 02:00:00,0.986
2016-11-09 03:00:00,0.9744
2016-11-09 04:00:00,0.7424
2016-11-09 05:00:00,0.7076
2016-11-09 06:00:00,0.6032
2016-11-09 07:00:00,0.928
2016-11-09 08:00:00,1.508
2016-11-09 09:00:00,1.7168
2016-11-09 10:00:00,1.7052
2016-11-09 11:00:00,1.4268
2016-11-09 12:00:00,0.87
2016-11-09 13:00:00,1.3572
2016-11-09 14:00:00,2.0184
2016-11-09 15:00:00,1.3688
2016-11-09 16:00:00,0.7772
2016-11-09 17:00:00,1.7284
2016-11-09 18:00:00,2.5636
2016-11-09 19:00:00,1.0788
2016-11-09 20:00:00,1.0672
2016-11-09 21:00:00,0.8816
2016-11-09 22:00:00,0.9744
2016-11-09 23:00:00,0.986
2016-11-10 00:00:00,0.7656
2016-11-10 01:00:00,0.9512
2016-11-10 02:00:00,0.6032
2016-11-10 03:00:00,0.464
2016-11-10 04:00:00,0.464
2016-11-10 05:00:00,0.4524
2016-11-10 06:00:00,0.4176
2016-11-10 07:00:00,0.5336
2016-11-10 08:00:00,0.696
2016-11-10 09:00:00,0.7424
2016-11-10 10:00:00,0.6844
2016-11-10 11:00:00,0.5452
2016-11-10 12:00:00,0.9628
2016-11-10 13:00:00,0.8352
2016-11-10 14:00:00,1.0092
2016-11-10 15:00:00,1.0092
2016-11-10 16:00:00,1.0208
2016-11-10 17:00:00,1.5312
2016-11-10 18:00:00,1.8676
2016-11-10 19:00:00,3.016
2016-11-10 20:00:00,4.8604
2016-11-10 21:00:00,4.7096
2016-11-10 22:00:00,2.9
2016-11-10 23:00:00,2.1228
2016-11-11 00:00:00,1.8792
2016-11-11 01:00:00,2.2504
2016-11-11 02:00:00,2.4708
2016-11-11 03:00:00,2.262
2016-11-11 04:00:00,1.8908
2016-11-11 05:00:00,1.7516
2016-11-11 06:00:00,1.6008
2016-11-11 07:00:00,1.7168
2016-11-11 08:00:00,1.682
2016-11-11 09:00:00,1.3804
2016-11-11 10:00:00,1.334
2016-11-11 11:00:00,1.0904
2016-11-11 12:00:00,0.9396
2016-11-11 13:00:00,0.9976
2016-11-11 14:00:00,1.334
2016-11-11 15:00:00,1.218
2016-11-11 16:00:00,1.972
2016-11-11 17:00:00,2.2852
2016-11-11 18:00:00,2.6448
2016-11-11 19:00:00,2.5868
2016-11-11 20:00:00,2.4244
2016-11-11 21:00:00,2.3432
2016-11-11 22:00:00,2.9348
2016-11-11 23:00:00,4.1992
2016-11-12 00:00:00,2.7492
2016-11-12 01:00:00,2.3664
2016-11-12 02:00:00,1.914
2016-11-12 03:00:00,1.4036
2016-11-12 04:00:00,1.0208
2016-11-12 05:00:00,0.6844
2016-11-12 06:00:00,0.6844
2016-11-12 07:00:00,0.9164
2016-11-12 08:00:00,1.1252
2016-11-12 09:00:00,0.3248
2016-11-12 10:00:00,0.2784
2016-11-12 11:00:00,0.58
2016-11-12 12:00:00,0.9164
2016-11-12 13:00:00,1.7284
2016-11-12 14:00:00,1.3108
2016-11-12 15:00:00,0.8468
2016-11-12 16:00:00,0.9628
2016-11-12 17:00:00,1.1832
2016-11-12 18:00:00,1.5776
2016-11-12 19:00:00,1.7748
2016-11-12 20:00:00,1.4036
2016-11-12 21:00:00,1.5428
2016-11-12 22:00:00,1.102
2016-11-12 23:00:00,1.0208
2016-11-13 00:00:00,1.3224
2016-11-13 01:00:00,1.5312
2016-11-13 02:00:00,1.6356
2016-11-13 03:00:00,1.3108
2016-11-13 04:00:00,1.102
2016-11-13 05:00:00,1.276
2016-11-13 06:00:00,0.8584
2016-11-13 07:00:00,0.7424
2016-11-13 08:00:00,0.6496
2016-11-13 09:00:00,0.3132
2016-11-13 10:00:00,0.3596
2016-11-13 11:00:00,0.3944
2016-11-13 12:00:00,0.6148
2016-11-13 13:00:00,0.7076
2016-11-13 14:00:00,0.8468
2016-11-13 15:00:00,0.7308
2016-11-13 16:00:00,1.276
2016-11-13 17:00:00,1.0788
2016-11-13 18:00:00,0.7888
2016-11-13 19:00:00,0.87
2016-11-13 20:00:00,0.7308
2016-11-13 21:00:00,0.4988
2016-11-13 22:00:00,0.5336
2016-11-13 23:00:00,0.4176
2016-11-14 00:00:00,0.928
2016-11-14 01:00:00,0.4988
2016-11-14 02:00:00,0.232
2016-11-14 03:00:00,0.1972
2016-11-14 04:00:00,0.2088
2016-11-14 05:00:00,0.232
2016-11-14 06:00:00,0.4292
2016-11-14 07:00:00,0.4408
2016-11-14 08:00:00,0.5568
2016-11-14 09:00:00,0.7308
2016-11-14 10:00:00,0.7888
2016-11-14 11:00:00,0.6844
2016-11-14 12:00:00,0.8004
2016-11-14 13:00:00,0.7772
2016-11-14 14:00:00,0.9396
2016-11-14 15:00:00,0.6728
2016-11-14 16:00:00,1.0208
2016-11-14 17:00:00,1.3224
2016-11-14 18:00:00,1.0092
2016-11-14 19:00:00,0.7424
2016-11-14 20:00:00,1.2992
2016-11-14 21:00:00,1.1716
2016-11-14 22:00:00,1.9488
2016-11-14 23:00:00,2.61
2016-11-15 00:00:00,2.3432
2016-11-15 01:00:00,1.508
2016-11-15 02:00:00,1.2296
2016-11-15 03:00:00,1.1948
2016-11-15 04:00:00,1.0672
2016-11-15 05:00:00,0.6496
2016-11-15 06:00:00,0.232
2016-11-15 07:00:00,0.1856
2016-11-15 08:00:00,0.6612
2016-11-15 09:00:00,0.6612
2016-11-15 10:00:00,0.3364
2016-11-15 11:00:00,0.116
2016-11-15 12:00:00,0.232
2016-11-15 13:00:00,0.0928
2016-11-15 14:00:00,0.2088
2016-11-15 15:00:00,0.348
2016-11-15 16:00:00,0.2784
2016-11-15 17:00:00,0.1624
2016-11-15 18:00:00,0.2204
2016-11-15 19:00:00,0.464
2016-11-15 20:00:00,0.9396
2016-11-15 21:00:00,2.6448
2016-11-15 22:00:00,1.4152
2016-11-15 23:00:00,1.6936
2016-11-16 00:00:00,2.0648
2016-11-16 01:00:00,2.088
2016-11-16 02:00:00,2.1924
2016-11-16 03:00:00,1.8792
2016-11-16 04:00:00,1.3224
2016-11-16 05:00:00,1.218
2016-11-16 06:00:00,1.0092
2016-11-16 07:00:00,1.102
2016-11-16 08:00:00,1.16
2016-11-16 09:00:00,1.2992
2016-11-16 10:00:00,0.4756
2016-11-16 11:00:00,0.4988
2016-11-16 12:00:00,0.5452
2016-11-16 13:00:00,0.2436
2016-11-16 14:00:00,0.174
2016-11-16 15:00:00,0.1856
2016-11-16 16:00:00,0.2436
2016-11-16 17:00:00,0.7772
2016-11-16 18:00:00,2.5172
2016-11-16 19:00:00,2.0416
2016-11-16 20:00:00,2.1576
2016-11-16 21:00:00,1.74
2016-11-16 22:00:00,2.262
2016-11-16 23:00:00,2.4476
2016-11-17 00:00:00,2.3316
2016-11-17 01:00:00,1.9488
2016-11-17 02:00:00,1.4384
2016-11-17 03:00:00,1.3572
2016-11-17 04:00:00,1.5544
2016-11-17 05:00:00,1.2412
2016-11-17 06:00:00,0.348
2016-11-17 07:00:00,0.4756
2016-11-17 08:00:00,0.87
2016-11-17 09:00:00,0.7424
2016-11-17 10:00:00,1.0672
2016-11-17 11:00:00,0.522
2016-11-17 12:00:00,0.5452
2016-11-17 13:00:00,0.7424
2016-11-17 14:00:00,0.7888
2016-11-17 15:00:00,1.6124
2016-11-17 16:00:00,1.334
2016-11-17 17:00:00,1.8676
2016-11-17 18:00:00,4.408
2016-11-17 19:00:00,7.0412
2016-11-17 20:00:00,1.914
2016-11-17 21:00:00,2.0996
2016-11-17 22:00:00,1.624
2016-11-17 23:00:00,2.3896
2016-11-18 00:00:00,2.262
2016-11-18 01:00:00,2.2272
2016-11-18 02:00:00,3.4568
2016-11-18 03:00:00,2.7260000000000004
2016-11-18 04:00:00,1.4268
2016-11-18 05:00:00,1.3572
2016-11-18 06:00:00,1.5892
2016-11-18 07:00:00,0.9628
2016-11-18 08:00:00,2.3084
2016-11-18 09:00:00,1.5659999999999998
2016-11-18 10:00:00,1.2296
2016-11-18 11:00:00,1.1484
2016-11-18 12:00:00,0.8468
2016-11-18 13:00:00,0.6148
2016-11-18 14:00:00,0.754
2016-11-18 15:00:00,0.5568
2016-11-18 16:00:00,2.6216
2016-11-18 17:00:00,4.176
2016-11-18 18:00:00,3.1552
2016-11-18 19:00:00,4.5008
2016-11-18 20:00:00,2.4012
2016-11-18 21:00:00,3.6424
2016-11-18 22:00:00,4.1876
2016-11-18 23:00:00,2.2388
2016-11-19 00:00:00,2.5172
2016-11-19 01:00:00,2.9464
2016-11-19 02:00:00,2.9464
2016-11-19 03:00:00,2.7724
2016-11-19 04:00:00,3.0508
2016-11-19 05:00:00,2.2736
2016-11-19 06:00:00,1.2992
2016-11-19 07:00:00,1.4152
2016-11-19 08:00:00,1.6588
2016-11-19 09:00:00,1.4732
2016-11-19 10:00:00,1.1948
2016-11-19 11:00:00,0.9048
2016-11-19 12:00:00,0.5568
2016-11-19 13:00:00,0.5916
2016-11-19 14:00:00,0.5336
2016-11-19 15:00:00,0.8816
2016-11-19 16:00:00,2.3432
2016-11-19 17:00:00,2.8536
2016-11-19 18:00:00,5.394
2016-11-19 19:00:00,4.176
2016-11-19 20:00:00,2.4128
2016-11-19 21:00:00,3.1204
2016-11-19 22:00:00,4.3036
2016-11-19 23:00:00,5.626
2016-11-20 00:00:00,5.452000000000001
2016-11-20 01:00:00,6.7048
2016-11-20 02:00:00,6.2524
2016-11-20 03:00:00,4.7676
2016-11-20 04:00:00,3.6192
2016-11-20 05:00:00,3.0044
2016-11-20 06:00:00,2.5752
2016-11-20 07:00:00,2.5636
2016-11-20 08:00:00,1.9488
2016-11-20 09:00:00,1.5544
2016-11-20 10:00:00,1.682
2016-11-20 11:00:00,1.6936
2016-11-20 12:00:00,1.6008
2016-11-20 13:00:00,1.1484
2016-11-20 14:00:00,0.87
2016-11-20 15:00:00,1.1368
2016-11-20 16:00:00,1.5892
2016-11-20 17:00:00,2.7724
2016-11-20 18:00:00,5.0924
2016-11-20 19:00:00,3.886
2016-11-20 20:00:00,2.5404
2016-11-20 21:00:00,2.2272
2016-11-20 22:00:00,2.494
2016-11-20 23:00:00,3.1784
2016-11-21 00:00:00,4.3036
2016-11-21 01:00:00,3.074
2016-11-21 02:00:00,2.958
2016-11-21 03:00:00,3.8744
2016-11-21 04:00:00,3.132
2016-11-21 05:00:00,2.6796
2016-11-21 06:00:00,1.798
2016-11-21 07:00:00,1.6936
2016-11-21 08:00:00,2.2852
2016-11-21 09:00:00,1.624
2016-11-21 10:00:00,1.4964
2016-11-21 11:00:00,1.798
2016-11-21 12:00:00,2.1692
2016-11-21 13:00:00,1.7284
2016-11-21 14:00:00,1.276
2016-11-21 15:00:00,1.5428
2016-11-21 16:00:00,2.2968
2016-11-21 17:00:00,3.3872
2016-11-21 18:00:00,5.7304
2016-11-21 19:00:00,3.8396
2016-11-21 20:00:00,2.9928
2016-11-21 21:00:00,3.4568
2016-11-21 22:00:00,4.8372
2016-11-21 23:00:00,5.8
2016-11-22 00:00:00,3.2248
2016-11-22 01:00:00,4.6168
2016-11-22 02:00:00,3.2248
2016-11-22 03:00:00,2.6912
2016-11-22 04:00:00,1.7516
2016-11-22 05:00:00,1.4616
2016-11-22 06:00:00,1.5196
2016-11-22 07:00:00,0.8816
2016-11-22 08:00:00,1.334
2016-11-22 09:00:00,1.9836
2016-11-22 10:00:00,1.7052
2016-11-22 11:00:00,1.6008
2016-11-22 12:00:00,1.7864
2016-11-22 13:00:00,1.0556
2016-11-22 14:00:00,1.4152
2016-11-22 15:00:00,1.3804
2016-11-22 16:00:00,1.1948
2016-11-22 17:00:00,1.3804
2016-11-22 18:00:00,1.9024
2016-11-22 19:00:00,1.3224
2016-11-22 20:00:00,2.146
2016-11-22 21:00:00,4.466
2016-11-22 22:00:00,3.7584
2016-11-22 23:00:00,4.814
2016-11-23 00:00:00,2.3084
2016-11-23 01:00:00,2.8768
2016-11-23 02:00:00,3.8744
2016-11-23 03:00:00,3.0972
2016-11-23 04:00:00,2.3084
2016-11-23 05:00:00,0.8004
2016-11-23 06:00:00,0.7772
2016-11-23 07:00:00,0.7656
2016-11-23 08:00:00,0.8004
2016-11-23 09:00:00,1.1716
2016-11-23 10:00:00,1.3688
2016-11-23 11:00:00,1.6008
2016-11-23 12:00:00,2.1228
2016-11-23 13:00:00,1.2876
2016-11-23 14:00:00,0.9164
2016-11-23 15:00:00,1.1368
2016-11-23 16:00:00,1.1948
2016-11-23 17:00:00,1.2064
2016-11-23 18:00:00,0.8236
2016-11-23 19:00:00,1.0556
2016-11-23 20:00:00,1.4268
2016-11-23 21:00:00,3.2828
2016-11-23 22:00:00,3.1436
2016-11-23 23:00:00,3.2596
2016-11-24 00:00:00,2.668
2016-11-24 01:00:00,1.972
2016-11-24 02:00:00,2.4128
2016-11-24 03:00:00,1.4848
2016-11-24 04:00:00,0.9396
2016-11-24 05:00:00,0.9048
2016-11-24 06:00:00,0.9628
2016-11-24 07:00:00,1.1484
2016-11-24 08:00:00,1.4152
2016-11-24 09:00:00,1.6124
2016-11-24 10:00:00,1.5312
2016-11-24 11:00:00,1.4616
2016-11-24 12:00:00,1.334
2016-11-24 13:00:00,1.1484
2016-11-24 14:00:00,1.0904
2016-11-24 15:00:00,0.4524
2016-11-24 16:00:00,0.638
2016-11-24 17:00:00,1.0208
2016-11-24 18:00:00,1.0788
2016-11-24 19:00:00,0.4988
2016-11-24 20:00:00,0.5452
2016-11-24 21:00:00,0.9628
2016-11-24 22:00:00,0.812
2016-11-24 23:00:00,0.754
2016-11-25 00:00:00,0.4988
2016-11-25 01:00:00,0.406
2016-11-25 02:00:00,0.3016
2016-11-25 03:00:00,0.2552
2016-11-25 04:00:00,0.1856
2016-11-25 05:00:00,0.174
2016-11-25 06:00:00,0.2668
2016-11-25 07:00:00,0.5568
2016-11-25 08:00:00,1.102
2016-11-25 09:00:00,1.2528
2016-11-25 10:00:00,0.522
2016-11-25 11:00:00,0.6612
2016-11-25 12:00:00,0.6612
2016-11-25 13:00:00,0.5916
2016-11-25 14:00:00,0.8584
2016-11-25 15:00:00,0.7424
2016-11-25 16:00:00,0.9628
2016-11-25 17:00:00,1.1716
2016-11-25 18:00:00,0.87
2016-11-25 19:00:00,1.5428
2016-11-25 20:00:00,1.1252
2016-11-25 21:00:00,0.8236
2016-11-25 22:00:00,0.9048
2016-11-25 23:00:00,1.1136
2016-11-26 00:00:00,0.7656
2016-11-26 01:00:00,0.638
2016-11-26 02:00:00,0.4988
2016-11-26 03:00:00,0.5336
2016-11-26 04:00:00,0.4524
2016-11-26 05:00:00,0.3596
2016-11-26 06:00:00,0.3596
2016-11-26 07:00:00,0.6032
2016-11-26 08:00:00,0.696
2016-11-26 09:00:00,0.6612
2016-11-26 10:00:00,0.6612
2016-11-26 11:00:00,0.6032
2016-11-26 12:00:00,0.6264
2016-11-26 13:00:00,0.6032
2016-11-26 14:00:00,0.5336
2016-11-26 15:00:00,0.754
2016-11-26 16:00:00,0.928
2016-11-26 17:00:00,1.1368
2016-11-26 18:00:00,1.2528
2016-11-26 19:00:00,1.334
2016-11-26 20:00:00,2.0068
2016-11-26 21:00:00,2.7028
2016-11-26 22:00:00,2.3664
2016-11-26 23:00:00,2.4824
2016-11-27 00:00:00,2.9
2016-11-27 01:00:00,2.5868
2016-11-27 02:00:00,2.1692
2016-11-27 03:00:00,1.9604
2016-11-27 04:00:00,2.2504
2016-11-27 05:00:00,2.204
2016-11-27 06:00:00,1.8908
2016-11-27 07:00:00,1.9024
2016-11-27 08:00:00,2.0996
2016-11-27 09:00:00,1.8908
2016-11-27 10:00:00,1.4964
2016-11-27 11:00:00,1.7516
2016-11-27 12:00:00,1.7052
2016-11-27 13:00:00,1.914
2016-11-27 14:00:00,1.9488
2016-11-27 15:00:00,2.0416
2016-11-27 16:00:00,1.856
2016-11-27 17:00:00,2.0648
2016-11-27 18:00:00,2.61
2016-11-27 19:00:00,3.0276
2016-11-27 20:00:00,2.9232
2016-11-27 21:00:00,3.2596
2016-11-27 22:00:00,3.9092
2016-11-27 23:00:00,3.48
2016-11-28 00:00:00,3.7352
2016-11-28 01:00:00,3.132
2016-11-28 02:00:00,2.4592
2016-11-28 03:00:00,3.48
2016-11-28 04:00:00,1.1368
2016-11-28 05:00:00,0.6032
2016-11-28 06:00:00,1.8676
2016-11-28 07:00:00,2.088
2016-11-28 08:00:00,2.6564
2016-11-28 09:00:00,1.74
2016-11-28 10:00:00,1.102
2016-11-28 11:00:00,1.2296
2016-11-28 12:00:00,0.986
2016-11-28 13:00:00,1.0788
2016-11-28 14:00:00,1.4036
2016-11-28 15:00:00,1.5776
2016-11-28 16:00:00,1.5428
2016-11-28 17:00:00,1.3572
2016-11-28 18:00:00,0.8932
2016-11-28 19:00:00,0.9512
2016-11-28 20:00:00,1.16
2016-11-28 21:00:00,1.2064
2016-11-28 22:00:00,1.276
2016-11-28 23:00:00,0.5684
2016-11-29 00:00:00,0.4524
2016-11-29 01:00:00,0.5104
2016-11-29 02:00:00,0.2204
2016-11-29 03:00:00,0.174
2016-11-29 04:00:00,0.1392
2016-11-29 05:00:00,0.0812
2016-11-29 06:00:00,0.1392
2016-11-29 07:00:00,0.3828
2016-11-29 08:00:00,0.87
2016-11-29 09:00:00,0.754
2016-11-29 10:00:00,0.6032
2016-11-29 11:00:00,0.6844
2016-11-29 12:00:00,0.7772
2016-11-29 13:00:00,0.8468
2016-11-29 14:00:00,0.9512
2016-11-29 15:00:00,1.0788
2016-11-29 16:00:00,1.276
2016-11-29 17:00:00,1.0556
2016-11-29 18:00:00,0.6844
2016-11-29 19:00:00,0.7192
2016-11-29 20:00:00,0.7772
2016-11-29 21:00:00,0.7888
2016-11-29 22:00:00,0.8004
2016-11-29 23:00:00,0.8236
2016-11-30 00:00:00,0.7772
2016-11-30 01:00:00,0.5336
2016-11-30 02:00:00,0.3596
2016-11-30 03:00:00,0.232
2016-11-30 04:00:00,0.2088
2016-11-30 05:00:00,0.1972
2016-11-30 06:00:00,0.232
2016-11-30 07:00:00,0.4988
2016-11-30 08:00:00,0.9628
2016-11-30 09:00:00,0.4988
2016-11-30 10:00:00,0.4988
2016-11-30 11:00:00,0.5104
2016-11-30 12:00:00,0.5568
2016-11-30 13:00:00,0.58
2016-11-30 14:00:00,0.754
2016-11-30 15:00:00,0.754
2016-11-30 16:00:00,0.638
2016-11-30 17:00:00,1.5196
2016-11-30 18:00:00,0.9512
2016-11-30 19:00:00,1.0324
2016-11-30 20:00:00,1.0904
2016-11-30 21:00:00,1.8444
2016-11-30 22:00:00,2.2852
2016-11-30 23:00:00,3.48
2016-12-01 00:00:00,2.0764
2016-12-01 01:00:00,1.2064
2016-12-01 02:00:00,0.7772
2016-12-01 03:00:00,0.812
2016-12-01 04:00:00,1.4616
2016-12-01 05:00:00,1.3804
2016-12-01 06:00:00,1.7052
2016-12-01 07:00:00,1.2528
2016-12-01 08:00:00,1.2528
2016-12-01 09:00:00,1.45
2016-12-01 10:00:00,1.74
2016-12-01 11:00:00,1.4964
2016-12-01 12:00:00,1.45
2016-12-01 13:00:00,1.4616
2016-12-01 14:00:00,0.8932
2016-12-01 15:00:00,1.0092
2016-12-01 16:00:00,1.1252
2016-12-01 17:00:00,1.2876
2016-12-01 18:00:00,1.2412
2016-12-01 19:00:00,3.2016
2016-12-01 20:00:00,3.2596
2016-12-01 21:00:00,3.5496
2016-12-01 22:00:00,4.6168
2016-12-01 23:00:00,4.9648
2016-12-02 00:00:00,4.1528
2016-12-02 01:00:00,4.0948
2016-12-02 02:00:00,3.8744
2016-12-02 03:00:00,4.002
2016-12-02 04:00:00,3.8396
2016-12-02 05:00:00,3.4684
2016-12-02 06:00:00,2.4476
2016-12-02 07:00:00,2.2272
2016-12-02 08:00:00,2.9812
2016-12-02 09:00:00,2.8072
2016-12-02 10:00:00,2.3084
2016-12-02 11:00:00,2.5404
2016-12-02 12:00:00,1.5544
2016-12-02 13:00:00,0.9164
2016-12-02 14:00:00,0.8932
2016-12-02 15:00:00,0.8584
2016-12-02 16:00:00,2.1228
2016-12-02 17:00:00,3.1784
2016-12-02 18:00:00,4.9184
2016-12-02 19:00:00,4.5588
2016-12-02 20:00:00,2.3084
2016-12-02 21:00:00,1.6356
2016-12-02 22:00:00,1.3688
2016-12-02 23:00:00,0.9396
2016-12-03 00:00:00,0.8816
2016-12-03 01:00:00,0.6264
2016-12-03 02:00:00,0.4872
2016-12-03 03:00:00,0.4524
2016-12-03 04:00:00,0.3712
2016-12-03 05:00:00,0.3712
2016-12-03 06:00:00,0.7656
2016-12-03 07:00:00,1.2296
2016-12-03 08:00:00,1.6356
2016-12-03 09:00:00,1.3572
2016-12-03 10:00:00,1.1136
2016-12-03 11:00:00,0.8468
2016-12-03 12:00:00,0.6032
2016-12-03 13:00:00,0.6496
2016-12-03 14:00:00,0.8004
2016-12-03 15:00:00,0.638
2016-12-03 16:00:00,1.8328
2016-12-03 17:00:00,2.7376
2016-12-03 18:00:00,2.5636
2016-12-03 19:00:00,1.8908
2016-12-03 20:00:00,2.3316
2016-12-03 21:00:00,2.61
2016-12-03 22:00:00,3.1088
2016-12-03 23:00:00,3.1088
2016-12-04 00:00:00,2.9232
2016-12-04 01:00:00,3.3872
2016-12-04 02:00:00,3.2132
2016-12-04 03:00:00,3.7352
2016-12-04 04:00:00,3.0276
2016-12-04 05:00:00,1.9952
2016-12-04 06:00:00,2.1924
2016-12-04 07:00:00,2.0764
2016-12-04 08:00:00,1.9952
2016-12-04 09:00:00,1.798
2016-12-04 10:00:00,1.682
2016-12-04 11:00:00,1.4848
2016-12-04 12:00:00,1.3572
2016-12-04 13:00:00,1.624
2016-12-04 14:00:00,1.3572
2016-12-04 15:00:00,1.276
2016-12-04 16:00:00,1.4616
2016-12-04 17:00:00,1.5544
2016-12-04 18:00:00,2.204
2016-12-04 19:00:00,2.9348
2016-12-04 20:00:00,3.2016
2016-12-04 21:00:00,2.378
2016-12-04 22:00:00,3.364
2016-12-04 23:00:00,2.0996
2016-12-05 00:00:00,2.3548
2016-12-05 01:00:00,3.1436
2016-12-05 02:00:00,2.262
2016-12-05 03:00:00,2.1228
2016-12-05 04:00:00,2.4244
2016-12-05 05:00:00,2.32
2016-12-05 06:00:00,2.5636
2016-12-05 07:00:00,2.5984
2016-12-05 08:00:00,3.0276
2016-12-05 09:00:00,3.2364
2016-12-05 10:00:00,2.3084
2016-12-05 11:00:00,1.7632
2016-12-05 12:00:00,1.4036
2016-12-05 13:00:00,1.2412
2016-12-05 14:00:00,2.0764
2016-12-05 15:00:00,2.378
2016-12-05 16:00:00,2.6448
2016-12-05 17:00:00,2.5056
2016-12-05 18:00:00,3.0044
2016-12-05 19:00:00,3.016
2016-12-05 20:00:00,2.9232
2016-12-05 21:00:00,3.596
2016-12-05 22:00:00,5.0228
2016-12-05 23:00:00,5.3244
2016-12-06 00:00:00,5.0112
2016-12-06 01:00:00,3.6076
2016-12-06 02:00:00,3.6772
2016-12-06 03:00:00,2.9464
2016-12-06 04:00:00,2.2736
2016-12-06 05:00:00,2.3664
2016-12-06 06:00:00,2.146
2016-12-06 07:00:00,2.088
2016-12-06 08:00:00,2.958
2016-12-06 09:00:00,2.9928
2016-12-06 10:00:00,2.9928
2016-12-06 11:00:00,2.2272
2016-12-06 12:00:00,1.2528
2016-12-06 13:00:00,1.4036
2016-12-06 14:00:00,1.1252
2016-12-06 15:00:00,1.7052
2016-12-06 16:00:00,3.596
2016-12-06 17:00:00,4.5124
2016-12-06 18:00:00,3.1088
2016-12-06 19:00:00,2.4824
2016-12-06 20:00:00,4.8256
2016-12-06 21:00:00,4.1064
2016-12-06 22:00:00,5.7768
2016-12-06 23:00:00,4.4544
2016-12-07 00:00:00,3.9788
2016-12-07 01:00:00,3.7816
2016-12-07 02:00:00,2.7492
2016-12-07 03:00:00,2.3896
2016-12-07 04:00:00,4.9416
2016-12-07 05:00:00,3.7468
2016-12-07 06:00:00,3.654
2016-12-07 07:00:00,3.3988
2016-12-07 08:00:00,3.3524
2016-12-07 09:00:00,4.1876
2016-12-07 10:00:00,1.8676
2016-12-07 11:00:00,1.4732
2016-12-07 12:00:00,1.4384
2016-12-07 13:00:00,1.2528
2016-12-07 14:00:00,1.3224
2016-12-07 15:00:00,1.4152
2016-12-07 16:00:00,1.5544
2016-12-07 17:00:00,1.2644
2016-12-07 18:00:00,1.2528
2016-12-07 19:00:00,1.276
2016-12-07 20:00:00,1.1948
2016-12-07 21:00:00,1.5892
2016-12-07 22:00:00,2.2388
2016-12-07 23:00:00,3.1552
2016-12-08 00:00:00,4.002
2016-12-08 01:00:00,2.4128
2016-12-08 02:00:00,1.1252
2016-12-08 03:00:00,1.2992
2016-12-08 04:00:00,0.812
2016-12-08 05:00:00,1.334
2016-12-08 06:00:00,1.0904
2016-12-08 07:00:00,0.8932
2016-12-08 08:00:00,0.7888
2016-12-08 09:00:00,1.0788
2016-12-08 10:00:00,1.1252
2016-12-08 11:00:00,1.3572
2016-12-08 12:00:00,1.4732
2016-12-08 13:00:00,1.0672
2016-12-08 14:00:00,0.9396
2016-12-08 15:00:00,0.9976
2016-12-08 16:00:00,2.5636
2016-12-08 17:00:00,2.8768
2016-12-08 18:00:00,2.4128
2016-12-08 19:00:00,3.7352
2016-12-08 20:00:00,4.8836
2016-12-08 21:00:00,6.2408
2016-12-08 22:00:00,5.2896
2016-12-08 23:00:00,4.3036
2016-12-09 00:00:00,5.1156
2016-12-09 01:00:00,4.3384
2016-12-09 02:00:00,4.5588
2016-12-09 03:00:00,3.3872
2016-12-09 04:00:00,2.494
2016-12-09 05:00:00,2.2388
2016-12-09 06:00:00,2.9812
2016-12-09 07:00:00,2.3664
2016-12-09 08:00:00,3.016
2016-12-09 09:00:00,2.7376
2016-12-09 10:00:00,2.494
2016-12-09 11:00:00,2.2388
2016-12-09 12:00:00,1.8444
2016-12-09 13:00:00,1.9256
2016-12-09 14:00:00,1.9024
2016-12-09 15:00:00,1.914
2016-12-09 16:00:00,3.306
2016-12-09 17:00:00,3.5844
2016-12-09 18:00:00,6.6584
2016-12-09 19:00:00,7.4008
2016-12-09 20:00:00,9.3264
2016-12-09 21:00:00,13.688
2016-12-09 22:00:00,12.2844
2016-12-09 23:00:00,7.5516
2016-12-10 00:00:00,7.6560000000000015
2016-12-10 01:00:00,10.2428
2016-12-10 02:00:00,6.7628
2016-12-10 03:00:00,6.9832
2016-12-10 04:00:00,6.4148
2016-12-10 05:00:00,5.1272
2016-12-10 06:00:00,4.5704
2016-12-10 07:00:00,4.5008
2016-12-10 08:00:00,4.4196
2016-12-10 09:00:00,4.2224
2016-12-10 10:00:00,2.8884
2016-12-10 11:00:00,2.2852
2016-12-10 12:00:00,2.3896
2016-12-10 13:00:00,2.5404
2016-12-10 14:00:00,2.2852
2016-12-10 15:00:00,3.0508
2016-12-10 16:00:00,5.7884
2016-12-10 17:00:00,8.9784
2016-12-10 18:00:00,15.0684
2016-12-10 19:00:00,10.7068
2016-12-10 20:00:00,13.6996
2016-12-10 21:00:00,6.728
2016-12-10 22:00:00,4.8024
2016-12-10 23:00:00,8.526
2016-12-11 00:00:00,7.8416
2016-12-11 01:00:00,7.3428
2016-12-11 02:00:00,8.9552
2016-12-11 03:00:00,8.6188
2016-12-11 04:00:00,5.8232
2016-12-11 05:00:00,5.5796
2016-12-11 06:00:00,5.0228
2016-12-11 07:00:00,4.6516
2016-12-11 08:00:00,3.5032
2016-12-11 09:00:00,3.6772
2016-12-11 10:00:00,3.9904
2016-12-11 11:00:00,3.1784
2016-12-11 12:00:00,3.0044
2016-12-11 13:00:00,2.204
2016-12-11 14:00:00,2.088
2016-12-11 15:00:00,2.5288
2016-12-11 16:00:00,4.6168
2016-12-11 17:00:00,7.1572
2016-12-11 18:00:00,9.7092
2016-12-11 19:00:00,10.8228
2016-12-11 20:00:00,7.1456
2016-12-11 21:00:00,6.032
2016-12-11 22:00:00,5.6492
2016-12-11 23:00:00,6.9252
2016-12-12 00:00:00,7.6444
2016-12-12 01:00:00,7.7488
2016-12-12 02:00:00,8.5028
2016-12-12 03:00:00,5.568
2016-12-12 04:00:00,4.1992
2016-12-12 05:00:00,4.1528
2016-12-12 06:00:00,4.466
2016-12-12 07:00:00,4.0716
2016-12-12 08:00:00,5.1272
2016-12-12 09:00:00,5.5796
2016-12-12 10:00:00,5.626
2016-12-12 11:00:00,5.8348
2016-12-12 12:00:00,4.8604
2016-12-12 13:00:00,3.596
2016-12-12 14:00:00,1.4848
2016-12-12 15:00:00,1.276
2016-12-12 16:00:00,0.6844
2016-12-12 17:00:00,0.9628
2016-12-12 18:00:00,0.8816
2016-12-12 19:00:00,1.1716
2016-12-12 20:00:00,1.5428
2016-12-12 21:00:00,0.5916
2016-12-12 22:00:00,0.6844
2016-12-12 23:00:00,1.6936
2016-12-13 00:00:00,1.5544
2016-12-13 01:00:00,0.5104
2016-12-13 02:00:00,0.3596
2016-12-13 03:00:00,0.3016
2016-12-13 04:00:00,0.2436
2016-12-13 05:00:00,0.232
2016-12-13 06:00:00,0.2436
2016-12-13 07:00:00,0.2552
2016-12-13 08:00:00,0.406
2016-12-13 09:00:00,0.4292
2016-12-13 10:00:00,0.4872
2016-12-13 11:00:00,0.5568
2016-12-13 12:00:00,0.4408
2016-12-13 13:00:00,0.464
2016-12-13 14:00:00,0.5336
2016-12-13 15:00:00,0.4756
2016-12-13 16:00:00,0.7424
2016-12-13 17:00:00,1.4268
2016-12-13 18:00:00,0.9164
2016-12-13 19:00:00,1.7516
2016-12-13 20:00:00,1.3804
2016-12-13 21:00:00,0.8584
2016-12-13 22:00:00,2.1692
2016-12-13 23:00:00,2.4824
2016-12-14 00:00:00,1.6472
2016-12-14 01:00:00,2.2156
2016-12-14 02:00:00,1.3572
2016-12-14 03:00:00,1.45
2016-12-14 04:00:00,1.2876
2016-12-14 05:00:00,0.986
2016-12-14 06:00:00,0.7424
2016-12-14 07:00:00,0.9048
2016-12-14 08:00:00,1.1252
2016-12-14 09:00:00,1.2992
2016-12-14 10:00:00,1.5544
2016-12-14 11:00:00,1.4036
2016-12-14 12:00:00,1.0788
2016-12-14 13:00:00,1.1484
2016-12-14 14:00:00,1.6124
2016-12-14 15:00:00,1.4152
2016-12-14 16:00:00,1.4152
2016-12-14 17:00:00,1.9488
2016-12-14 18:00:00,2.1692
2016-12-14 19:00:00,2.7724
2016-12-14 20:00:00,1.8444
2016-12-14 21:00:00,2.8304
2016-12-14 22:00:00,4.0484
2016-12-14 23:00:00,4.6284
2016-12-15 00:00:00,3.2944
2016-12-15 01:00:00,2.8536
2016-12-15 02:00:00,2.784
2016-12-15 03:00:00,2.784
2016-12-15 04:00:00,2.378
2016-12-15 05:00:00,2.3432
2016-12-15 06:00:00,2.146
2016-12-15 07:00:00,2.7956
2016-12-15 08:00:00,2.8304
2016-12-15 09:00:00,2.8536
2016-12-15 10:00:00,2.2968
2016-12-15 11:00:00,2.7608
2016-12-15 12:00:00,2.8188
2016-12-15 13:00:00,2.9
2016-12-15 14:00:00,2.3664
2016-12-15 15:00:00,2.4824
2016-12-15 16:00:00,2.7260000000000004
2016-12-15 17:00:00,2.5984
2016-12-15 18:00:00,1.6124
2016-12-15 19:00:00,1.3224
2016-12-15 20:00:00,1.4848
2016-12-15 21:00:00,2.3084
2016-12-15 22:00:00,2.0996
2016-12-15 23:00:00,1.6936
2016-12-16 00:00:00,1.5544
2016-12-16 01:00:00,1.3804
2016-12-16 02:00:00,1.1252
2016-12-16 03:00:00,1.1136
2016-12-16 04:00:00,1.1484
2016-12-16 05:00:00,0.7308
2016-12-16 06:00:00,0.6496
2016-12-16 07:00:00,0.9512
2016-12-16 08:00:00,1.7748
2016-12-16 09:00:00,1.5544
2016-12-16 10:00:00,1.9372
2016-12-16 11:00:00,2.0416
2016-12-16 12:00:00,1.7864
2016-12-16 13:00:00,1.3572
2016-12-16 14:00:00,1.5428
2016-12-16 15:00:00,1.5312
2016-12-16 16:00:00,2.0068
2016-12-16 17:00:00,2.1924
2016-12-16 18:00:00,2.0532
2016-12-16 19:00:00,1.7864
2016-12-16 20:00:00,1.9024
2016-12-16 21:00:00,1.2064
2016-12-16 22:00:00,1.3108
2016-12-16 23:00:00,1.1948
2016-12-17 00:00:00,1.1484
2016-12-17 01:00:00,0.406
2016-12-17 02:00:00,0.7192
2016-12-17 03:00:00,0.7076
2016-12-17 04:00:00,0.7656
2016-12-17 05:00:00,0.3596
2016-12-17 06:00:00,0.8352
2016-12-17 07:00:00,0.8816
2016-12-17 08:00:00,1.0092
2016-12-17 09:00:00,0.7192
2016-12-17 10:00:00,0.5452
2016-12-17 11:00:00,0.5568
2016-12-17 12:00:00,0.6148
2016-12-17 13:00:00,0.7076
2016-12-17 14:00:00,0.174
2016-12-17 15:00:00,0.6728
2016-12-17 16:00:00,1.7052
2016-12-17 17:00:00,2.2504
2016-12-17 18:00:00,2.9928
2016-12-17 19:00:00,3.2828
2016-12-17 20:00:00,4.0716
2016-12-17 21:00:00,4.6864
2016-12-17 22:00:00,4.6864
2016-12-17 23:00:00,5.278
2016-12-18 00:00:00,5.3012
2016-12-18 01:00:00,3.8048
2016-12-18 02:00:00,3.4336
2016-12-18 03:00:00,3.6192
2016-12-18 04:00:00,2.204
2016-12-18 05:00:00,1.5892
2016-12-18 06:00:00,0.7656
2016-12-18 07:00:00,1.0904
2016-12-18 08:00:00,0.5104
2016-12-18 09:00:00,0.1972
2016-12-18 10:00:00,0.8468
2016-12-18 11:00:00,0.6844
2016-12-18 12:00:00,0.58
2016-12-18 13:00:00,0.87
2016-12-18 14:00:00,0.6844
2016-12-18 15:00:00,0.8584
2016-12-18 16:00:00,0.7192
2016-12-18 17:00:00,2.4824
2016-12-18 18:00:00,2.4244
2016-12-18 19:00:00,4.6864
2016-12-18 20:00:00,4.002
2016-12-18 21:00:00,3.77
2016-12-18 22:00:00,2.6912
2016-12-18 23:00:00,1.972
2016-12-19 00:00:00,4.5008
2016-12-19 01:00:00,3.5612
2016-12-19 02:00:00,2.9348
2016-12-19 03:00:00,2.7376
2016-12-19 04:00:00,3.248
2016-12-19 05:00:00,2.668
2016-12-19 06:00:00,1.5196
2016-12-19 07:00:00,1.8212
2016-12-19 08:00:00,2.7260000000000004
2016-12-19 09:00:00,2.6912
2016-12-19 10:00:00,2.5172
2016-12-19 11:00:00,2.6912
2016-12-19 12:00:00,2.1808
2016-12-19 13:00:00,1.4384
2016-12-19 14:00:00,1.6936
2016-12-19 15:00:00,2.552
2016-12-19 16:00:00,5.278
2016-12-19 17:00:00,7.4588
2016-12-19 18:00:00,13.4212
2016-12-19 19:00:00,7.7372
2016-12-19 20:00:00,13.3516
2016-12-19 21:00:00,8.4796
2016-12-19 22:00:00,3.7584
2016-12-19 23:00:00,4.3964
2016-12-20 00:00:00,6.2292
2016-12-20 01:00:00,5.5796
2016-12-20 02:00:00,3.4452
2016-12-20 03:00:00,3.7932
2016-12-20 04:00:00,4.002
2016-12-20 05:00:00,3.3408
2016-12-20 06:00:00,2.5056
2016-12-20 07:00:00,2.1808
2016-12-20 08:00:00,2.5172
2016-12-20 09:00:00,2.5056
2016-12-20 10:00:00,2.6912
2016-12-20 11:00:00,1.7284
2016-12-20 12:00:00,0.7192
2016-12-20 13:00:00,1.6472
2016-12-20 14:00:00,1.3572
2016-12-20 15:00:00,2.1692
2016-12-20 16:00:00,4.582
2016-12-20 17:00:00,8.8392
2016-12-20 18:00:00,14.268
2016-12-20 19:00:00,17.0288
2016-12-20 20:00:00,11.0084
2016-12-20 21:00:00,8.3404
2016-12-20 22:00:00,8.3056
2016-12-20 23:00:00,9.3032
2016-12-21 00:00:00,9.338
2016-12-21 01:00:00,2.7956
2016-12-21 02:00:00,4.4544
2016-12-21 03:00:00,1.9604
2016-12-21 04:00:00,0.2204
2016-12-21 05:00:00,0.1044
2016-12-21 06:00:00,0.8352
2016-12-21 07:00:00,0.4988
2016-12-21 08:00:00,0.8468
2016-12-21 09:00:00,0.8932
2016-12-21 10:00:00,0.754
2016-12-21 11:00:00,0.7192
2016-12-21 12:00:00,0.6612
2016-12-21 13:00:00,0.9164
2016-12-21 14:00:00,0.8468
2016-12-21 15:00:00,1.16
2016-12-21 16:00:00,1.8212
2016-12-21 17:00:00,1.392
2016-12-21 18:00:00,3.0856
2016-12-21 19:00:00,4.6748
2016-12-21 20:00:00,6.6352
2016-12-21 21:00:00,7.9460000000000015
2016-12-21 22:00:00,3.3756
2016-12-21 23:00:00,3.5032
2016-12-22 00:00:00,3.3408
2016-12-22 01:00:00,3.8396
2016-12-22 02:00:00,2.7028
2016-12-22 03:00:00,2.0532
2016-12-22 04:00:00,1.218
2016-12-22 05:00:00,1.7284
2016-12-22 06:00:00,2.0184
2016-12-22 07:00:00,2.5636
2016-12-22 08:00:00,2.9928
2016-12-22 09:00:00,3.9556
2016-12-22 10:00:00,2.5172
2016-12-22 11:00:00,1.8212
2016-12-22 12:00:00,2.1112
2016-12-22 13:00:00,1.6472
2016-12-22 14:00:00,1.6704
2016-12-22 15:00:00,1.1136
2016-12-22 16:00:00,1.2644
2016-12-22 17:00:00,2.8188
2016-12-22 18:00:00,4.8952
2016-12-22 19:00:00,6.3104
2016-12-22 20:00:00,5.742000000000001
2016-12-22 21:00:00,1.5544
2016-12-22 22:00:00,0.5104
2016-12-22 23:00:00,0.348
2016-12-23 00:00:00,0.87
2016-12-23 01:00:00,1.7284
2016-12-23 02:00:00,2.4592
2016-12-23 03:00:00,1.624
2016-12-23 04:00:00,0.6148
2016-12-23 05:00:00,0.4176
2016-12-23 06:00:00,0.1624
2016-12-23 07:00:00,0.522
2016-12-23 08:00:00,0.4756
2016-12-23 09:00:00,0.4872
2016-12-23 10:00:00,0.232
2016-12-23 11:00:00,0.116
2016-12-23 12:00:00,0.1508
2016-12-23 13:00:00,0.4176
2016-12-23 14:00:00,0.5336
2016-12-23 15:00:00,0.348
2016-12-23 16:00:00,0.5684
2016-12-23 17:00:00,1.1484
2016-12-23 18:00:00,0.174
2016-12-23 19:00:00,0.1972
2016-12-23 20:00:00,0.3132
2016-12-23 21:00:00,0.2088
2016-12-23 22:00:00,0.4292
2016-12-23 23:00:00,0.2784
2016-12-24 00:00:00,0.3596
2016-12-24 01:00:00,0.5452
2016-12-24 02:00:00,1.5659999999999998
2016-12-24 03:00:00,0.696
2016-12-24 04:00:00,0.4988
2016-12-24 05:00:00,0.3712
2016-12-24 06:00:00,0.3944
2016-12-24 07:00:00,1.044
2016-12-24 08:00:00,1.16
2016-12-24 09:00:00,1.6588
2016-12-24 10:00:00,1.3688
2016-12-24 11:00:00,1.1948
2016-12-24 12:00:00,1.16
2016-12-24 13:00:00,1.0788
2016-12-24 14:00:00,1.0092
2016-12-24 15:00:00,1.2528
2016-12-24 16:00:00,2.784
2016-12-24 17:00:00,4.814
2016-12-24 18:00:00,6.1596
2016-12-24 19:00:00,7.4936
2016-12-24 20:00:00,9.454
2016-12-24 21:00:00,9.1756
2016-12-24 22:00:00,8.7464
2016-12-24 23:00:00,8.3636
2016-12-25 00:00:00,6.032
2016-12-25 01:00:00,6.3336
2016-12-25 02:00:00,3.8976
2016-12-25 03:00:00,4.6168
2016-12-25 04:00:00,4.0252
2016-12-25 05:00:00,3.4336
2016-12-25 06:00:00,3.1668
2016-12-25 07:00:00,2.2388
2016-12-25 08:00:00,2.32
2016-12-25 09:00:00,3.364
2016-12-25 10:00:00,2.9348
2016-12-25 11:00:00,2.784
2016-12-25 12:00:00,2.5984
2016-12-25 13:00:00,2.3548
2016-12-25 14:00:00,2.7608
2016-12-25 15:00:00,3.5728
2016-12-25 16:00:00,1.6124
2016-12-25 17:00:00,0.2668
2016-12-25 18:00:00,0.5568
2016-12-25 19:00:00,0.7656
2016-12-25 20:00:00,2.32
2016-12-25 21:00:00,3.9556
2016-12-25 22:00:00,4.0716
2016-12-25 23:00:00,5.1504
2016-12-26 00:00:00,5.104
2016-12-26 01:00:00,5.6724
2016-12-26 02:00:00,7.192
2016-12-26 03:00:00,4.0832
2016-12-26 04:00:00,3.3988
2016-12-26 05:00:00,2.9928
2016-12-26 06:00:00,2.204
2016-12-26 07:00:00,2.61
2016-12-26 08:00:00,3.6656
2016-12-26 09:00:00,3.7816
2016-12-26 10:00:00,3.5728
2016-12-26 11:00:00,2.9812
2016-12-26 12:00:00,2.1692
2016-12-26 13:00:00,1.5428
2016-12-26 14:00:00,0.2088
2016-12-26 15:00:00,2.7675666666666667
2016-12-26 16:00:00,0.812
2016-12-26 17:00:00,1.2876
2016-12-26 18:00:00,0.522
2016-12-26 19:00:00,0.2436
2016-12-26 20:00:00,0.2668
2016-12-26 21:00:00,0.7076
2016-12-26 22:00:00,0.6264
2016-12-26 23:00:00,1.4036
2016-12-27 00:00:00,2.0068
2016-12-27 01:00:00,2.6564
2016-12-27 02:00:00,2.5752
2016-12-27 03:00:00,2.1344
2016-12-27 04:00:00,1.6124
2016-12-27 05:00:00,1.5428
2016-12-27 06:00:00,1.3224
2016-12-27 07:00:00,1.6472
2016-12-27 08:00:00,1.8096
2016-12-27 09:00:00,3.0392
2016-12-27 10:00:00,2.7028
2016-12-27 11:00:00,3.0624
2016-12-27 12:00:00,0.7076
2016-12-27 13:00:00,0.4872
2016-12-27 14:00:00,0.4176
2016-12-27 15:00:00,1.0324
2016-12-27 16:00:00,0.812
2016-12-27 17:00:00,0.9396
2016-12-27 18:00:00,0.7656
2016-12-27 19:00:00,0.6496
2016-12-27 20:00:00,1.2644
2016-12-27 21:00:00,2.552
2016-12-27 22:00:00,1.0788
2016-12-27 23:00:00,0.7076
2016-12-28 00:00:00,0.5104
2016-12-28 01:00:00,1.4036
2016-12-28 02:00:00,0.4524
2016-12-28 03:00:00,0.9512
2016-12-28 04:00:00,0.9048
2016-12-28 05:00:00,0.3596
2016-12-28 06:00:00,0.0928
2016-12-28 07:00:00,0.1972
2016-12-28 08:00:00,0.1624
2016-12-28 09:00:00,0.29
2016-12-28 10:00:00,0.3364
2016-12-28 11:00:00,0.3712
2016-12-28 12:00:00,0.5104
2016-12-28 13:00:00,0.464
2016-12-28 14:00:00,0.464
2016-12-28 15:00:00,0.4988
2016-12-28 16:00:00,0.6496
2016-12-28 17:00:00,0.754
2016-12-28 18:00:00,0.464
2016-12-28 19:00:00,0.7772
2016-12-28 20:00:00,0.7424
2016-12-28 21:00:00,0.522
2016-12-28 22:00:00,0.5452
2016-12-28 23:00:00,0.4756
2016-12-29 00:00:00,0.4176
2016-12-29 01:00:00,0.3596
2016-12-29 02:00:00,0.1972
2016-12-29 03:00:00,0.1044
2016-12-29 04:00:00,0.058
2016-12-29 05:00:00,0.058
2016-12-29 06:00:00,0.116
2016-12-29 07:00:00,0.2552
2016-12-29 08:00:00,0.5452
2016-12-29 09:00:00,0.87
2016-12-29 10:00:00,0.6264
2016-12-29 11:00:00,0.7076
2016-12-29 12:00:00,0.6496
2016-12-29 13:00:00,0.406
2016-12-29 14:00:00,0.4988
2016-12-29 15:00:00,0.5336
2016-12-29 16:00:00,0.6496
2016-12-29 17:00:00,0.5684
2016-12-29 18:00:00,0.5104
2016-12-29 19:00:00,0.6728
2016-12-29 20:00:00,0.8352
2016-12-29 21:00:00,0.5684
2016-12-29 22:00:00,0.6612
2016-12-29 23:00:00,0.9744
2016-12-30 00:00:00,0.3132
2016-12-30 01:00:00,0.3248
2016-12-30 02:00:00,0.1972
2016-12-30 03:00:00,0.116
2016-12-30 04:00:00,0.0464
2016-12-30 05:00:00,0.0696
2016-12-30 06:00:00,0.0464
2016-12-30 07:00:00,0.2668
2016-12-30 08:00:00,0.8004
2016-12-30 09:00:00,0.9396
2016-12-30 10:00:00,0.58
2016-12-30 11:00:00,0.3944
2016-12-30 12:00:00,0.4408
2016-12-30 13:00:00,0.6148
2016-12-30 14:00:00,0.6496
2016-12-30 15:00:00,0.638
2016-12-30 16:00:00,0.7424
2016-12-30 17:00:00,0.9628
2016-12-30 18:00:00,1.2992
2016-12-30 19:00:00,1.16
2016-12-30 20:00:00,0.9512
2016-12-30 21:00:00,0.6148
2016-12-30 22:00:00,0.696
2016-12-30 23:00:00,0.9512
2016-12-31 00:00:00,1.3688
2016-12-31 01:00:00,0.8874
2016-12-31 02:00:00,0.0348
2016-12-31 03:00:00,0.8588833333333333
2016-12-31 04:00:00,0.8772902777777777
2016-12-31 05:00:00,0.8885311342592591
2016-12-31 06:00:00,0.8823420621141974
2016-12-31 07:00:00,0.847603900623714
2016-12-31 08:00:00,0.8215708923423568
2016-12-31 09:00:00,0.81076846670422
2016-12-31 10:00:00,0.8270991722629049
2016-12-31 11:00:00,0.8380241032848136
2016-12-31 12:00:00,0.8285927785585482
2016-12-31 13:00:00,0.0812
2016-12-31 14:00:00,0.7163921767717606
2016-12-31 15:00:00,0.7731915248360738
2016-12-31 16:00:00,0.7660505407946355
2016-12-31 17:00:00,0.3016
2016-12-31 18:00:00,0.1624
2016-12-31 19:00:00,0.4292
2016-12-31 20:00:00,1.8676
2016-12-31 21:00:00,1.7632
2016-12-31 22:00:00,2.5056
2016-12-31 23:00:00,2.1344
2017-01-01 00:00:00,2.9
2017-01-01 01:00:00,4.466
2017-01-01 02:00:00,1.7052
2017-01-01 03:00:00,1.6704
2017-01-01 04:00:00,2.088
2017-01-01 05:00:00,3.3988
2017-01-01 06:00:00,2.4592
2017-01-01 07:00:00,1.3804
2017-01-01 08:00:00,0.9048
2017-01-01 09:00:00,0.6496
2017-01-01 10:00:00,1.2296
2017-01-01 11:00:00,0.7888
2017-01-01 12:00:00,0.7308
2017-01-01 13:00:00,0.6032
2017-01-01 14:00:00,0.3944
2017-01-01 15:00:00,0.0928
2017-01-01 16:00:00,0.0696
2017-01-01 17:00:00,2.0068
2017-01-01 18:00:00,4.7908
2017-01-01 19:00:00,1.9372
2017-01-01 20:00:00,2.2852
2017-01-01 21:00:00,1.682
2017-01-01 22:00:00,2.842
2017-01-01 23:00:00,4.1064
2017-01-02 00:00:00,3.422
2017-01-02 01:00:00,3.074
2017-01-02 02:00:00,2.0532
2017-01-02 03:00:00,2.378
2017-01-02 04:00:00,2.8536
2017-01-02 05:00:00,1.5659999999999998
2017-01-02 06:00:00,0.696
2017-01-02 07:00:00,0.5336
2017-01-02 08:00:00,0.464
2017-01-02 09:00:00,0.464
2017-01-02 10:00:00,0.4988
2017-01-02 11:00:00,0.406
2017-01-02 12:00:00,0.8468
2017-01-02 13:00:00,0.2436
2017-01-02 14:00:00,0.0348
2017-01-02 15:00:00,0.638
2017-01-02 16:00:00,1.6356
2017-01-02 17:00:00,2.6216
2017-01-02 18:00:00,4.0948
2017-01-02 19:00:00,2.2852
2017-01-02 20:00:00,1.8676
2017-01-02 21:00:00,4.3152
2017-01-02 22:00:00,4.6864
2017-01-02 23:00:00,5.3244
2017-01-03 00:00:00,5.6376
2017-01-03 01:00:00,5.9044
2017-01-03 02:00:00,4.4428
2017-01-03 03:00:00,4.466
2017-01-03 04:00:00,2.4244
2017-01-03 05:00:00,1.4616
2017-01-03 06:00:00,1.1484
2017-01-03 07:00:00,1.0904
2017-01-03 08:00:00,1.2412
2017-01-03 09:00:00,1.6124
2017-01-03 10:00:00,0.928
2017-01-03 11:00:00,0.4176
2017-01-03 12:00:00,0.5104
2017-01-03 13:00:00,0.9164
2017-01-03 14:00:00,0.6844
2017-01-03 15:00:00,0.986
2017-01-03 16:00:00,2.436
2017-01-03 17:00:00,4.3268
2017-01-03 18:00:00,4.7908
2017-01-03 19:00:00,5.2664
2017-01-03 20:00:00,5.452000000000001
2017-01-03 21:00:00,2.436
2017-01-03 22:00:00,1.3456
2017-01-03 23:00:00,1.0556
2017-01-04 00:00:00,2.5172000000000003
2017-01-04 01:00:00,2.684433333333334
2017-01-04 02:00:00,2.831769444444444
2017-01-04 03:00:00,3.0107168981481482
2017-01-04 04:00:00,3.1794433063271605
2017-01-04 05:00:00,3.241396915187757
2017-01-04 06:00:00,3.15094665812007
2017-01-04 07:00:00,3.0142922129634093
2017-01-04 08:00:00,0.0812
2017-01-04 09:00:00,0.1276
2017-01-04 10:00:00,0.058
2017-01-04 11:00:00,0.0928
2017-01-04 12:00:00,1.999149897377027
2017-01-04 13:00:00,1.955979055491779
2017-01-04 14:00:00,1.8952745323383164
2017-01-04 15:00:00,1.8172332896628056
2017-01-04 16:00:00,0.3132
2017-01-04 17:00:00,1.3572
2017-01-04 18:00:00,2.0532
2017-01-04 19:00:00,1.4964
2017-01-04 20:00:00,1.1484
2017-01-04 21:00:00,2.1228
2017-01-04 22:00:00,2.61
2017-01-04 23:00:00,1.9604
2017-01-05 00:00:00,4.6748
2017-01-05 01:00:00,2.7376
2017-01-05 02:00:00,1.9604
2017-01-05 03:00:00,2.5056
2017-01-05 04:00:00,1.6472
2017-01-05 05:00:00,1.8444
2017-01-05 06:00:00,1.8096
2017-01-05 07:00:00,2.0996
2017-01-05 08:00:00,1.8096
2017-01-05 09:00:00,1.3804
2017-01-05 10:00:00,1.856
2017-01-05 11:00:00,2.0532
2017-01-05 12:00:00,2.8188
2017-01-05 13:00:00,1.972
2017-01-05 14:00:00,1.2992
2017-01-05 15:00:00,1.0556
2017-01-05 16:00:00,0.348
2017-01-05 17:00:00,0.2436
2017-01-05 18:00:00,1.5621333333333334
2017-01-05 19:00:00,1.541511111111111
2017-01-05 20:00:00,1.4950037037037038
2017-01-05 21:00:00,1.4687873456790126
2017-01-05 22:00:00,1.47615295781893
2017-01-05 23:00:00,1.444499037637174
2017-01-06 00:00:00,1.3937739574402723
2017-01-06 01:00:00,1.2750217872269614
2017-01-06 02:00:00,1.2169402694958749
2017-01-06 03:00:00,1.2100852919538647
2017-01-06 04:00:00,1.2229590662833534
2017-01-06 05:00:00,1.295872321806966
2017-01-06 06:00:00,1.3835616819575467
2017-01-06 07:00:00,1.3686807110095642
2017-01-06 08:00:00,1.3542781776677686
2017-01-06 09:00:00,1.3425510504981075
2017-01-06 10:00:00,1.3320313592330322
2017-01-06 11:00:00,1.3200212260175406
2017-01-06 12:00:00,1.3096480750492379
2017-01-06 13:00:00,1.302637584849985
2017-01-06 14:00:00,1.3049389013185702
2017-01-06 15:00:00,1.3122721206371282
2017-01-06 16:00:00,1.3207876896940667
2017-01-06 17:00:00,1.328940074978293
2017-01-06 18:00:00,1.3316957210759033
2017-01-06 19:00:00,1.3273735576690997
2017-01-06 20:00:00,1.3239312948907276
2017-01-06 21:00:00,1.3214023879926409
2017-01-06 22:00:00,1.3196399994505186
2017-01-06 23:00:00,1.3186073861353094
2017-01-07 00:00:00,1.3184895661451232
2017-01-07 01:00:00,1.3192263570697804
2017-01-07 02:00:00,1.3206087547547634
2017-01-07 03:00:00,1.3219145758744462
2017-01-07 04:00:00,1.3227181138108894
2017-01-07 05:00:00,1.3228789824872913
2017-01-07 06:00:00,1.3223738914463745
2017-01-07 07:00:00,1.3215970723105805
2017-01-07 08:00:00,1.3211156985307038
2017-01-07 09:00:00,1.320881065500702
2017-01-07 10:00:00,1.3208376219597069
2017-01-07 11:00:00,1.3209374238354725
2017-01-07 12:00:00,1.3211315936438195
2017-01-07 13:00:00,1.3213517626020441
2017-01-07 14:00:00,1.3215288797297329
2017-01-07 15:00:00,1.3216055568109804
2017-01-07 16:00:00,1.3215798052223582
2017-01-07 17:00:00,1.321484946173314
2017-01-07 18:00:00,1.3213687764804827
2017-01-07 19:00:00,1.3212850168999914
2017-01-07 20:00:00,1.3212590122824424
2017-01-07 21:00:00,1.3212709550950872
2017-01-07 22:00:00,1.3213034458946193
2017-01-07 23:00:00,1.3213422645558621
2017-01-08 00:00:00,1.321376001282561
2017-01-08 01:00:00,1.3213963685857897
2017-01-08 02:00:00,1.321400085751102
2017-01-08 03:00:00,1.3213893529195493
2017-01-08 04:00:00,1.3213713359285968
2017-01-08 05:00:00,1.32135396348745
2017-01-08 06:00:00,1.321343048263628
2017-01-08 07:00:00,1.3213409042455566
2017-01-08 08:00:00,1.3213455615243537
2017-01-08 09:00:00,1.3213527739611794
2017-01-08 10:00:00,1.3213595922000205
2017-01-08 11:00:00,1.321364271058804
2017-01-08 12:00:00,1.3213661049340493
2017-01-08 13:00:00,1.3213652802383398
2017-01-08 14:00:00,1.3213626895427193
2017-01-08 15:00:00,1.3213595731920205
2017-01-08 16:00:00,1.3213570915480597
2017-01-08 17:00:00,1.3213559045163483
2017-01-08 18:00:00,1.3213560662687565
2017-01-08 19:00:00,1.321357151102517
2017-01-08 20:00:00,1.3213585050072638
2017-01-08 21:00:00,1.3213595836308398
2017-01-08 22:00:00,1.3213601511033113
2017-01-08 23:00:00,1.3213601976785858
2017-01-09 00:00:00,1.3213598582302344
2017-01-09 01:00:00,1.321359337671583
2017-01-09 02:00:00,1.3213588424576865
2017-01-09 03:00:00,1.3213585218672672
2017-01-09 04:00:00,1.3213584342568712
2017-01-09 05:00:00,1.3213585461492723
2017-01-09 06:00:00,1.3213587662853492
2017-01-09 07:00:00,1.3213589912867318
2017-01-09 08:00:00,1.3213591446354165
2017-01-09 09:00:00,1.3213591979377624
2017-01-09 10:00:00,1.3213591657966728
2017-01-09 11:00:00,1.321359083687786
2017-01-09 12:00:00,1.3213589908552192
2017-01-09 13:00:00,1.321358918573968
2017-01-09 14:00:00,1.3213588836491668
2017-01-09 15:00:00,1.3213588870817903
2017-01-09 16:00:00,1.3213589175163338
2017-01-09 17:00:00,1.3213589577879559
2017-01-09 18:00:00,1.3213589920911797
2017-01-09 19:00:00,1.3213590109083322
2017-01-09 20:00:00,1.3213590125434653
2017-01-09 21:00:00,1.321359001535803
2017-01-09 22:00:00,1.3213589851689729
2017-01-09 23:00:00,1.3213589701166646
2017-01-10 00:00:00,1.3213589606524045
2017-01-10 01:00:00,1.3213589581355032
2017-01-10 02:00:00,1.3213589614322976
2017-01-10 03:00:00,1.3213589679142252
2017-01-10 04:00:00,1.3213589746502614
2017-01-10 05:00:00,1.3213589794114222
2017-01-10 06:00:00,1.3213589812133777
2017-01-10 07:00:00,1.3213589803068941
2017-01-10 08:00:00,1.3213589777567742
2017-01-10 09:00:00,1.3213589748578833
2017-01-10 10:00:00,1.3213589726347232
2017-01-10 11:00:00,1.3213589715902025
2017-01-10 12:00:00,1.3213589717129974
2017-01-10 13:00:00,1.3213589726347135
2017-01-10 14:00:00,1.3213589738429807
2017-01-10 15:00:00,1.3213589748772046
2017-01-10 16:00:00,1.3213589754574528
2017-01-10 17:00:00,1.3213589755247188
2017-01-10 18:00:00,1.3213589752008266
2017-01-10 19:00:00,1.3213589746997807
2017-01-10 20:00:00,1.3213589742325216
2017-01-10 21:00:00,1.3213589739388338
2017-01-10 22:00:00,1.3213589738622464
2017-01-10 23:00:00,1.3213589739645402
2017-01-11 00:00:00,1.3213589741624017
2017-01-11 01:00:00,1.3213589743665186
2017-01-11 02:00:00,1.3213589745108358
2017-01-11 03:00:00,1.3213589745664902
2017-01-11 04:00:00,1.3213589745405974
2017-01-11 05:00:00,1.3213589744641927
2017-01-11 06:00:00,1.3213589743758154
2017-01-11 07:00:00,1.3213589743070646
2017-01-11 08:00:00,1.3213589742743383
2017-01-11 09:00:00,1.3213589742778231
2017-01-11 10:00:00,1.321358974306072
2017-01-11 11:00:00,1.3213589743430576
2017-01-11 12:00:00,1.3213589743746008
2017-01-11 13:00:00,1.321358974392284
2017-01-11 14:00:00,1.3213589743944312
2017-01-11 15:00:00,1.3213589743847307
2017-01-11 16:00:00,1.3213589743695842
2017-01-11 17:00:00,1.321358974355333
2017-01-11 18:00:00,1.3213589743462613
2017-01-11 19:00:00,1.914
2017-01-11 20:00:00,3.9672
2017-01-11 21:00:00,2.9
2017-01-11 22:00:00,2.784
2017-01-11 23:00:00,2.9812
2017-01-12 00:00:00,2.3548
2017-01-12 01:00:00,2.0416
2017-01-12 02:00:00,2.2736
2017-01-12 03:00:00,2.8072
2017-01-12 04:00:00,2.1924
2017-01-12 05:00:00,1.3804
2017-01-12 06:00:00,1.6356
2017-01-12 07:00:00,1.7284
2017-01-12 08:00:00,1.2412
2017-01-12 09:00:00,1.624
2017-01-12 10:00:00,1.4732
2017-01-12 11:00:00,1.914
2017-01-12 12:00:00,1.682
2017-01-12 13:00:00,2.3432
2017-01-12 14:00:00,2.7028
2017-01-12 15:00:00,2.3548
2017-01-12 16:00:00,1.8328
2017-01-12 17:00:00,2.7260000000000004
2017-01-12 18:00:00,4.814
2017-01-12 19:00:00,4.5704
2017-01-12 20:00:00,5.4288
2017-01-12 21:00:00,5.4868
2017-01-12 22:00:00,5.0344
2017-01-12 23:00:00,5.1388
2017-01-13 00:00:00,5.51
2017-01-13 01:00:00,4.8372
2017-01-13 02:00:00,3.306
2017-01-13 03:00:00,4.234
2017-01-13 04:00:00,3.7236
2017-01-13 05:00:00,3.9208
2017-01-13 06:00:00,3.306
2017-01-13 07:00:00,3.6772
2017-01-13 08:00:00,2.8652
2017-01-13 09:00:00,3.6656
2017-01-13 10:00:00,4.0252
2017-01-13 11:00:00,4.6632
2017-01-13 12:00:00,4.3616
2017-01-13 13:00:00,3.9556
2017-01-13 14:00:00,4.002
2017-01-13 15:00:00,4.7096
2017-01-13 16:00:00,5.1272
2017-01-13 17:00:00,4.4196
2017-01-13 18:00:00,5.104
2017-01-13 19:00:00,6.1132
2017-01-13 20:00:00,6.7396
2017-01-13 21:00:00,7.772
2017-01-13 22:00:00,9.3264
2017-01-13 23:00:00,7.9924
2017-01-14 00:00:00,6.8092
2017-01-14 01:00:00,5.9044
2017-01-14 02:00:00,4.3616
2017-01-14 03:00:00,2.7376
2017-01-14 04:00:00,1.7052
2017-01-14 05:00:00,0.8236
2017-01-14 06:00:00,0.7888
2017-01-14 07:00:00,1.0208
2017-01-14 08:00:00,1.7052
2017-01-14 09:00:00,2.3548
2017-01-14 10:00:00,1.5892
2017-01-14 11:00:00,1.0324
2017-01-14 12:00:00,0.4408
2017-01-14 13:00:00,1.4964
2017-01-14 14:00:00,2.1692
2017-01-14 15:00:00,2.8884
2017-01-14 16:00:00,2.9116
2017-01-14 17:00:00,0.928
2017-01-14 18:00:00,0.2204
2017-01-14 19:00:00,0.3132
2017-01-14 20:00:00,1.504133333333333
2017-01-14 21:00:00,0.1392
2017-01-14 22:00:00,1.5428
2017-01-14 23:00:00,1.1832
2017-01-15 00:00:00,2.0996
2017-01-15 01:00:00,2.4592
2017-01-15 02:00:00,3.0856
2017-01-15 03:00:00,3.3872
2017-01-15 04:00:00,2.5984
2017-01-15 05:00:00,2.3548
2017-01-15 06:00:00,1.8212
2017-01-15 07:00:00,0.7076
2017-01-15 08:00:00,0.348
2017-01-15 09:00:00,0.5916
2017-01-15 10:00:00,0.0928
2017-01-15 11:00:00,0.2204
2017-01-15 12:00:00,0.058
2017-01-15 13:00:00,1.4770666666666665
2017-01-15 14:00:00,0.0232
2017-01-15 15:00:00,0.3248
2017-01-15 16:00:00,0.2784
2017-01-15 17:00:00,1.5776
2017-01-15 18:00:00,2.7724
2017-01-15 19:00:00,0.986
2017-01-15 20:00:00,0.9048
2017-01-15 21:00:00,1.8792
2017-01-15 22:00:00,3.2712
2017-01-15 23:00:00,2.552
2017-01-16 00:00:00,2.378
2017-01-16 01:00:00,1.3456
2017-01-16 02:00:00,0.4756
2017-01-16 03:00:00,0.928
2017-01-16 04:00:00,0.348
2017-01-16 05:00:00,0.3364
2017-01-16 06:00:00,0.7308
2017-01-16 07:00:00,0.928
2017-01-16 08:00:00,0.5104
2017-01-16 09:00:00,0.8236
2017-01-16 10:00:00,1.2412
2017-01-16 11:00:00,0.8352
2017-01-16 12:00:00,0.9164
2017-01-16 13:00:00,1.2876
2017-01-16 14:00:00,0.87
2017-01-16 15:00:00,0.9048
2017-01-16 16:00:00,0.986
2017-01-16 17:00:00,1.9372
2017-01-16 18:00:00,1.9836
2017-01-16 19:00:00,1.102
2017-01-16 20:00:00,1.1165
2017-01-16 21:00:00,1.1670083333333332
2017-01-16 22:00:00,1.195625694444444
2017-01-16 23:00:00,1.1918278356481482
2017-01-17 00:00:00,1.2215468219521604
2017-01-17 01:00:00,2.6448
2017-01-17 02:00:00,2.32
2017-01-17 03:00:00,1.3224
2017-01-17 04:00:00,1.2992
2017-01-17 05:00:00,1.2296
2017-01-17 06:00:00,1.6008
2017-01-17 07:00:00,1.624
2017-01-17 08:00:00,1.8096
2017-01-17 09:00:00,1.972
2017-01-17 10:00:00,2.1808
2017-01-17 11:00:00,2.6216
2017-01-17 12:00:00,3.0276
2017-01-17 13:00:00,3.2016
2017-01-17 14:00:00,3.016
2017-01-17 15:00:00,3.3524
2017-01-17 16:00:00,3.886
2017-01-17 17:00:00,4.6516
2017-01-17 18:00:00,4.1644
2017-01-17 19:00:00,5.0692
2017-01-17 20:00:00,2.146
2017-01-17 21:00:00,2.2736
2017-01-17 22:00:00,0.8352
2017-01-17 23:00:00,0.0696
2017-01-18 00:00:00,2.9744333333333333
2017-01-18 01:00:00,2.9700027777777773
2017-01-18 02:00:00,2.9507030092592594
2017-01-18 03:00:00,2.9452615933641977
2017-01-18 04:00:00,2.911333392811214
2017-01-18 05:00:00,2.830111175545482
2017-01-18 06:00:00,2.678320440174272
2017-01-18 07:00:00,2.5544804768554616
2017-01-18 08:00:00,0.2204
2017-01-18 09:00:00,0.348
2017-01-18 10:00:00,0.3016
2017-01-18 11:00:00,0.232
2017-01-18 12:00:00,0.406
2017-01-18 13:00:00,0.6496
2017-01-18 14:00:00,0.9396
2017-01-18 15:00:00,0.8352
2017-01-18 16:00:00,0.87
2017-01-18 17:00:00,0.3944
2017-01-18 18:00:00,0.5684
2017-01-18 19:00:00,0.1972
2017-01-18 20:00:00,0.1508
2017-01-18 21:00:00,0.1044
2017-01-18 22:00:00,0.0116
2017-01-18 23:00:00,0.44659999999999994
2017-01-19 00:00:00,0.4644833333333333
2017-01-19 01:00:00,0.4693569444444445
2017-01-19 02:00:00,0.45433668981481484
2017-01-19 03:00:00,0.4138980806327161
2017-01-19 04:00:00,0.37878958735210905
2017-01-19 05:00:00,0.3378553862981182
2017-01-19 06:00:00,0.3331433351562947
2017-01-19 07:00:00,0.3135386130859859
2017-01-19 08:00:00,0.32323349750981806
2017-01-19 09:00:00,0.3376029556356362
2017-01-19 10:00:00,0.2436
2017-01-19 11:00:00,0.1624
2017-01-19 12:00:00,0.5104
2017-01-19 13:00:00,0.0348
2017-01-19 14:00:00,0.3944
2017-01-19 15:00:00,0.4756
2017-01-19 16:00:00,0.522
2017-01-19 17:00:00,0.5684
2017-01-19 18:00:00,0.3016
2017-01-19 19:00:00,0.2204
2017-01-19 20:00:00,0.116
2017-01-19 21:00:00,0.116
2017-01-19 22:00:00,0.3132
2017-01-19 23:00:00,0.1856
2017-01-20 00:00:00,0.1972
2017-01-20 01:00:00,0.116
2017-01-20 02:00:00,0.29386666666666666
2017-01-20 03:00:00,0.2854888888888889
2017-01-20 04:00:00,0.2696462962962963
2017-01-20 05:00:00,0.24861682098765434
2017-01-20 06:00:00,0.22196822273662553
2017-01-20 07:00:00,0.215332241298011
2017-01-20 08:00:00,0.21490992807284526
2017-01-20 09:00:00,0.2088
2017-01-20 10:00:00,0.230885755412249
2017-01-20 11:00:00,0.3944
2017-01-20 12:00:00,0.2088
2017-01-20 13:00:00,0.3364
2017-01-20 14:00:00,0.3712
2017-01-20 15:00:00,0.4524
2017-01-20 16:00:00,0.4408
2017-01-20 17:00:00,0.9744
2017-01-20 18:00:00,3.7004
2017-01-20 19:00:00,2.4244
2017-01-20 20:00:00,2.1808
2017-01-20 21:00:00,4.7212
2017-01-20 22:00:00,3.886
2017-01-20 23:00:00,2.5404
2017-01-21 00:00:00,3.364
2017-01-21 01:00:00,3.7816
2017-01-21 02:00:00,2.5636
2017-01-21 03:00:00,1.6124
2017-01-21 04:00:00,1.2528
2017-01-21 05:00:00,1.4036
2017-01-21 06:00:00,1.508
2017-01-21 07:00:00,1.45
2017-01-21 08:00:00,1.6124
2017-01-21 09:00:00,1.6936
2017-01-21 10:00:00,1.7284
2017-01-21 11:00:00,1.7284
2017-01-21 12:00:00,1.9256
2017-01-21 13:00:00,2.0996
2017-01-21 14:00:00,1.9488
2017-01-21 15:00:00,1.624
2017-01-21 16:00:00,1.7632
2017-01-21 17:00:00,2.088
2017-01-21 18:00:00,2.5172
2017-01-21 19:00:00,2.3316
2017-01-21 20:00:00,2.3432
2017-01-21 21:00:00,4.8024
2017-01-21 22:00:00,4.1412
2017-01-21 23:00:00,3.596
2017-01-22 00:00:00,1.2876
2017-01-22 01:00:00,0.58
2017-01-22 02:00:00,0.174
2017-01-22 03:00:00,0.1624
2017-01-22 04:00:00,2.1489
2017-01-22 05:00:00,2.1810416666666663
2017-01-22 06:00:00,0.0696
2017-01-22 07:00:00,1.9848284722222218
2017-01-22 08:00:00,1.9559308449074073
2017-01-22 09:00:00,0.0232
2017-01-22 10:00:00,0.0812
2017-01-22 11:00:00,0.174
2017-01-22 12:00:00,0.2088
2017-01-22 13:00:00,0.406
2017-01-22 14:00:00,0.4756
2017-01-22 15:00:00,0.6032
2017-01-22 16:00:00,0.6148
2017-01-22 17:00:00,1.3688
2017-01-22 18:00:00,1.8328
2017-01-22 19:00:00,1.8908
2017-01-22 20:00:00,2.1228
2017-01-22 21:00:00,3.248
2017-01-22 22:00:00,3.1204
2017-01-22 23:00:00,2.958
2017-01-23 00:00:00,2.5636
2017-01-23 01:00:00,2.4012
2017-01-23 02:00:00,1.972
2017-01-23 03:00:00,1.4616
2017-01-23 04:00:00,0.9512
2017-01-23 05:00:00,0.2436
2017-01-23 06:00:00,0.1972
2017-01-23 07:00:00,0.3016
2017-01-23 08:00:00,0.3944
2017-01-23 09:00:00,0.5104
2017-01-23 10:00:00,0.6264
2017-01-23 11:00:00,0.5452
2017-01-23 12:00:00,0.9164
2017-01-23 13:00:00,1.0324
2017-01-23 14:00:00,0.9396
2017-01-23 15:00:00,0.3364
2017-01-23 16:00:00,0.8352
2017-01-23 17:00:00,1.3224
2017-01-23 18:00:00,0.812
2017-01-23 19:00:00,0.696
2017-01-23 20:00:00,0.7888
2017-01-23 21:00:00,1.044
2017-01-23 22:00:00,0.8468
2017-01-23 23:00:00,0.812
2017-01-24 00:00:00,0.638
2017-01-24 01:00:00,0.638
2017-01-24 02:00:00,0.4292
2017-01-24 03:00:00,0.348
2017-01-24 04:00:00,0.3944
2017-01-24 05:00:00,0.6032
2017-01-24 06:00:00,0.6032
2017-01-24 07:00:00,0.7192
2017-01-24 08:00:00,0.812
2017-01-24 09:00:00,1.0904
2017-01-24 10:00:00,1.2876
2017-01-24 11:00:00,1.3456
2017-01-24 12:00:00,1.392
2017-01-24 13:00:00,1.5312
2017-01-24 14:00:00,1.8096
2017-01-24 15:00:00,1.508
2017-01-24 16:00:00,2.1228
2017-01-24 17:00:00,2.378
2017-01-24 18:00:00,2.2156
2017-01-24 19:00:00,3.1436
2017-01-24 20:00:00,3.0508
2017-01-24 21:00:00,3.6772
2017-01-24 22:00:00,3.6888
2017-01-24 23:00:00,3.016
2017-01-25 00:00:00,3.1668
2017-01-25 01:00:00,0.5568
2017-01-25 02:00:00,0.1508
2017-01-25 03:00:00,0.0116
2017-01-25 04:00:00,2.2648999999999995
2017-01-25 05:00:00,2.276741666666666
2017-01-25 06:00:00,2.2683034722222217
2017-01-25 07:00:00,0.1276
2017-01-25 08:00:00,0.754
2017-01-25 09:00:00,0.8352
2017-01-25 10:00:00,0.7772
2017-01-25 11:00:00,0.9628
2017-01-25 12:00:00,0.754
2017-01-25 13:00:00,0.5452
2017-01-25 14:00:00,0.6612
2017-01-25 15:00:00,0.696
2017-01-25 16:00:00,1.2296
2017-01-25 17:00:00,1.3572
2017-01-25 18:00:00,1.1948
2017-01-25 19:00:00,1.1832
2017-01-25 20:00:00,1.4732
2017-01-25 21:00:00,1.3572
2017-01-25 22:00:00,1.7168
2017-01-25 23:00:00,0.9628
2017-01-26 00:00:00,1.9952
2017-01-26 01:00:00,1.9256
2017-01-26 02:00:00,0.87
2017-01-26 03:00:00,1.4732
2017-01-26 04:00:00,0.7308
2017-01-26 05:00:00,0.87
2017-01-26 06:00:00,0.7192
2017-01-26 07:00:00,0.9396
2017-01-26 08:00:00,1.1252
2017-01-26 09:00:00,0.9744
2017-01-26 10:00:00,0.6728
2017-01-26 11:00:00,0.4988
2017-01-26 12:00:00,0.2204
2017-01-26 13:00:00,0.3248
2017-01-26 14:00:00,0.232
2017-01-26 15:00:00,0.1856
2017-01-26 16:00:00,0.3944
2017-01-26 17:00:00,0.5916
2017-01-26 18:00:00,1.2644
2017-01-26 19:00:00,1.0208
2017-01-26 20:00:00,0.3596
2017-01-26 21:00:00,0.6032
2017-01-26 22:00:00,0.3132
2017-01-26 23:00:00,0.4756
2017-01-27 00:00:00,0.2088
2017-01-27 01:00:00,0.2088
2017-01-27 02:00:00,0.1508
2017-01-27 03:00:00,0.4814
2017-01-27 04:00:00,0.1044
2017-01-27 05:00:00,0.4818833333333333
2017-01-27 06:00:00,0.0116
2017-01-27 07:00:00,0.1276
2017-01-27 08:00:00,0.464
2017-01-27 09:00:00,0.5684
2017-01-27 10:00:00,0.7888
2017-01-27 11:00:00,0.696
2017-01-27 12:00:00,0.4872
2017-01-27 13:00:00,0.4292
2017-01-27 14:00:00,0.4408
2017-01-27 15:00:00,0.4988
2017-01-27 16:00:00,0.6264
2017-01-27 17:00:00,0.8468
2017-01-27 18:00:00,1.682
2017-01-27 19:00:00,2.494
2017-01-27 20:00:00,4.3384
2017-01-27 21:00:00,3.5032
2017-01-27 22:00:00,3.9092
2017-01-27 23:00:00,3.828
2017-01-28 00:00:00,2.4708
2017-01-28 01:00:00,2.436
2017-01-28 02:00:00,3.1436
2017-01-28 03:00:00,2.262
2017-01-28 04:00:00,1.9256
2017-01-28 05:00:00,1.2528
2017-01-28 06:00:00,1.1716
2017-01-28 07:00:00,1.334
2017-01-28 08:00:00,1.856
2017-01-28 09:00:00,1.7284
2017-01-28 10:00:00,1.6472
2017-01-28 11:00:00,1.8096
2017-01-28 12:00:00,1.334
2017-01-28 13:00:00,1.508
2017-01-28 14:00:00,1.6008
2017-01-28 15:00:00,1.5892
2017-01-28 16:00:00,1.45
2017-01-28 17:00:00,2.4244
2017-01-28 18:00:00,3.4104
2017-01-28 19:00:00,3.5844
2017-01-28 20:00:00,3.3872
2017-01-28 21:00:00,3.77
2017-01-28 22:00:00,4.64
2017-01-28 23:00:00,3.7468
2017-01-29 00:00:00,4.8836
2017-01-29 01:00:00,5.336
2017-01-29 02:00:00,5.6724
2017-01-29 03:00:00,4.4544
2017-01-29 04:00:00,3.828
2017-01-29 05:00:00,2.958
2017-01-29 06:00:00,2.7376
2017-01-29 07:00:00,2.6796
2017-01-29 08:00:00,2.7028
2017-01-29 09:00:00,2.4592
2017-01-29 10:00:00,2.262
2017-01-29 11:00:00,2.494
2017-01-29 12:00:00,2.7956
2017-01-29 13:00:00,2.7028
2017-01-29 14:00:00,2.2736
2017-01-29 15:00:00,2.1808
2017-01-29 16:00:00,2.088
2017-01-29 17:00:00,2.8768
2017-01-29 18:00:00,3.3988
2017-01-29 19:00:00,3.9904
2017-01-29 20:00:00,4.9532
2017-01-29 21:00:00,5.9972
2017-01-29 22:00:00,7.8068
2017-01-29 23:00:00,8.6188
2017-01-30 00:00:00,8.6188
2017-01-30 01:00:00,6.67
2017-01-30 02:00:00,7.7256
2017-01-30 03:00:00,7.5632
2017-01-30 04:00:00,4.7444
2017-01-30 05:00:00,3.7468
2017-01-30 06:00:00,3.5032
2017-01-30 07:00:00,5.626
2017-01-30 08:00:00,3.9788
2017-01-30 09:00:00,3.6656
2017-01-30 10:00:00,3.2712
2017-01-30 11:00:00,4.2224
2017-01-30 12:00:00,3.4684
2017-01-30 13:00:00,2.7608
2017-01-30 14:00:00,1.9024
2017-01-30 15:00:00,2.0416
2017-01-30 16:00:00,1.102
2017-01-30 17:00:00,1.5196
2017-01-30 18:00:00,2.8072
2017-01-30 19:00:00,2.552
2017-01-30 20:00:00,3.1552
2017-01-30 21:00:00,4.0252
2017-01-30 22:00:00,3.016
2017-01-30 23:00:00,2.2388
2017-01-31 00:00:00,3.7352
2017-01-31 01:00:00,3.5844
2017-01-31 02:00:00,3.1668
2017-01-31 03:00:00,1.7516
2017-01-31 04:00:00,2.0532
2017-01-31 05:00:00,1.7632
2017-01-31 06:00:00,1.45
2017-01-31 07:00:00,1.5544
2017-01-31 08:00:00,1.6008
2017-01-31 09:00:00,1.8676
2017-01-31 10:00:00,1.856
2017-01-31 11:00:00,2.1576
2017-01-31 12:00:00,1.4152
2017-01-31 13:00:00,0.6148
2017-01-31 14:00:00,0.5916
2017-01-31 15:00:00,0.4872
2017-01-31 16:00:00,0.5916
2017-01-31 17:00:00,0.5452
2017-01-31 18:00:00,1.2528
2017-01-31 19:00:00,1.7052
2017-01-31 20:00:00,1.8096
2017-01-31 21:00:00,2.2852
2017-01-31 22:00:00,2.6216
2017-01-31 23:00:00,2.4128
2017-02-01 00:00:00,1.9952
2017-02-01 01:00:00,1.972
2017-02-01 02:00:00,1.5659999999999998
2017-02-01 03:00:00,0.9512
2017-02-01 04:00:00,0.8236
2017-02-01 05:00:00,0.9164
2017-02-01 06:00:00,1.044
2017-02-01 07:00:00,1.1136
2017-02-01 08:00:00,1.624
2017-02-01 09:00:00,1.8792
2017-02-01 10:00:00,1.9488
2017-02-01 11:00:00,1.6704
2017-02-01 12:00:00,1.6356
2017-02-01 13:00:00,1.4964
2017-02-01 14:00:00,1.2412
2017-02-01 15:00:00,0.9164
2017-02-01 16:00:00,0.9976
2017-02-01 17:00:00,2.4824
2017-02-01 18:00:00,3.4568
2017-02-01 19:00:00,5.7884
2017-02-01 20:00:00,4.988
2017-02-01 21:00:00,5.5448
2017-02-01 22:00:00,7.2268
2017-02-01 23:00:00,5.0924
2017-02-02 00:00:00,4.9996
2017-02-02 01:00:00,2.3432
2017-02-02 02:00:00,3.0624
2017-02-02 03:00:00,3.19
2017-02-02 04:00:00,2.7260000000000004
2017-02-02 05:00:00,2.7956
2017-02-02 06:00:00,2.8072
2017-02-02 07:00:00,2.2156
2017-02-02 08:00:00,2.378
2017-02-02 09:00:00,2.4128
2017-02-02 10:00:00,2.6564
2017-02-02 11:00:00,2.9232
2017-02-02 12:00:00,2.2388
2017-02-02 13:00:00,0.754
2017-02-02 14:00:00,0.6844
2017-02-02 15:00:00,0.6728
2017-02-02 16:00:00,1.3572
2017-02-02 17:00:00,1.1716
2017-02-02 18:00:00,0.8584
2017-02-02 19:00:00,1.0556
2017-02-02 20:00:00,1.4268
2017-02-02 21:00:00,1.7516
2017-02-02 22:00:00,1.3572
2017-02-02 23:00:00,1.2876
2017-02-03 00:00:00,1.5776
2017-02-03 01:00:00,0.1624
2017-02-03 02:00:00,0.0116
2017-02-03 03:00:00,0.0348
2017-02-03 04:00:00,0.2436
2017-02-03 05:00:00,0.4524
2017-02-03 06:00:00,0.522
2017-02-03 07:00:00,0.522
2017-02-03 08:00:00,0.3132
2017-02-03 09:00:00,0.5104
2017-02-03 10:00:00,0.5452
2017-02-03 11:00:00,0.8352
2017-02-03 12:00:00,0.4988
2017-02-03 13:00:00,0.5684
2017-02-03 14:00:00,0.5336
2017-02-03 15:00:00,0.232
2017-02-03 16:00:00,0.4408
2017-02-03 17:00:00,1.2876
2017-02-03 18:00:00,2.0068
2017-02-03 19:00:00,2.7724
2017-02-03 20:00:00,2.4244
2017-02-03 21:00:00,2.8768
2017-02-03 22:00:00,4.8372
2017-02-03 23:00:00,5.858
2017-02-04 00:00:00,6.5772
2017-02-04 01:00:00,3.7004
2017-02-04 02:00:00,2.494
2017-02-04 03:00:00,1.8328
2017-02-04 04:00:00,1.914
2017-02-04 05:00:00,3.7468
2017-02-04 06:00:00,2.4128
2017-02-04 07:00:00,0.5452
2017-02-04 08:00:00,0.2668
2017-02-04 09:00:00,1.1136
2017-02-04 10:00:00,1.044
2017-02-04 11:00:00,0.3712
2017-02-04 12:00:00,0.29
2017-02-04 13:00:00,1.4964
2017-02-04 14:00:00,0.7308
2017-02-04 15:00:00,1.3108
2017-02-04 16:00:00,2.378
2017-02-04 17:00:00,2.7144
2017-02-04 18:00:00,2.088
2017-02-04 19:00:00,2.8536
2017-02-04 20:00:00,4.8256
2017-02-04 21:00:00,5.9624
2017-02-04 22:00:00,4.6632
2017-02-04 23:00:00,3.7352
2017-02-05 00:00:00,3.7352
2017-02-05 01:00:00,2.7492
2017-02-05 02:00:00,2.7956
2017-02-05 03:00:00,5.5796
2017-02-05 04:00:00,4.7908
2017-02-05 05:00:00,3.3408
2017-02-05 06:00:00,0.7076
2017-02-05 07:00:00,1.3804
2017-02-05 08:00:00,2.9812
2017-02-05 09:00:00,2.2852
2017-02-05 10:00:00,1.8792
2017-02-05 11:00:00,0.9048
2017-02-05 12:00:00,0.812
2017-02-05 13:00:00,0.986
2017-02-05 14:00:00,1.3224
2017-02-05 15:00:00,1.5312
2017-02-05 16:00:00,2.0764
2017-02-05 17:00:00,1.4152
2017-02-05 18:00:00,2.6912
2017-02-05 19:00:00,3.3524
2017-02-05 20:00:00,5.7304
2017-02-05 21:00:00,8.2244
2017-02-05 22:00:00,6.1132
2017-02-05 23:00:00,6.9136
2017-02-06 00:00:00,7.9576
2017-02-06 01:00:00,10.6836
2017-02-06 02:00:00,10.8112
2017-02-06 03:00:00,10.1384
2017-02-06 04:00:00,9.0596
2017-02-06 05:00:00,9.396
2017-02-06 06:00:00,7.0992
2017-02-06 07:00:00,6.96
2017-02-06 08:00:00,7.4704
2017-02-06 09:00:00,5.046
2017-02-06 10:00:00,6.0668
2017-02-06 11:00:00,4.234
2017-02-06 12:00:00,1.9256
2017-02-06 13:00:00,1.4152
2017-02-06 14:00:00,1.8096
2017-02-06 15:00:00,1.8212
2017-02-06 16:00:00,1.102
2017-02-06 17:00:00,3.3176
2017-02-06 18:00:00,3.0276
2017-02-06 19:00:00,2.8304
2017-02-06 20:00:00,2.1112
2017-02-06 21:00:00,2.1924
2017-02-06 22:00:00,1.9836
2017-02-06 23:00:00,2.9812
2017-02-07 00:00:00,2.9812
2017-02-07 01:00:00,3.0276
2017-02-07 02:00:00,1.972
2017-02-07 03:00:00,1.682
2017-02-07 04:00:00,1.8444
2017-02-07 05:00:00,2.03
2017-02-07 06:00:00,2.03
2017-02-07 07:00:00,1.8676
2017-02-07 08:00:00,1.6356
2017-02-07 09:00:00,2.0184
2017-02-07 10:00:00,2.2156
2017-02-07 11:00:00,2.5404
2017-02-07 12:00:00,2.1808
2017-02-07 13:00:00,1.2876
2017-02-07 14:00:00,0.6032
2017-02-07 15:00:00,1.0788
2017-02-07 16:00:00,1.5312
2017-02-07 17:00:00,1.45
2017-02-07 18:00:00,2.2852
2017-02-07 19:00:00,1.9256
2017-02-07 20:00:00,1.2412
2017-02-07 21:00:00,1.218
2017-02-07 22:00:00,1.5659999999999998
2017-02-07 23:00:00,1.044
2017-02-08 00:00:00,0.9628
2017-02-08 01:00:00,0.8468
2017-02-08 02:00:00,0.8468
2017-02-08 03:00:00,0.8468
2017-02-08 04:00:00,0.7308
2017-02-08 05:00:00,0.6728
2017-02-08 06:00:00,0.6844
2017-02-08 07:00:00,0.8004
2017-02-08 08:00:00,1.0092
2017-02-08 09:00:00,1.1832
2017-02-08 10:00:00,1.2064
2017-02-08 11:00:00,1.1948
2017-02-08 12:00:00,1.0092
2017-02-08 13:00:00,1.0092
2017-02-08 14:00:00,1.276
2017-02-08 15:00:00,1.0092
2017-02-08 16:00:00,0.9976
2017-02-08 17:00:00,1.2644
2017-02-08 18:00:00,1.5659999999999998
2017-02-08 19:00:00,0.9512
2017-02-08 20:00:00,1.0788
2017-02-08 21:00:00,1.2992
2017-02-08 22:00:00,1.392
2017-02-08 23:00:00,1.2064
2017-02-09 00:00:00,1.1136
2017-02-09 01:00:00,0.812
2017-02-09 02:00:00,0.8816
2017-02-09 03:00:00,0.9744
2017-02-09 04:00:00,0.9744
2017-02-09 05:00:00,0.986
2017-02-09 06:00:00,0.8468
2017-02-09 07:00:00,1.1832
2017-02-09 08:00:00,1.2644
2017-02-09 09:00:00,1.102
2017-02-09 10:00:00,0.9744
2017-02-09 11:00:00,1.0092
2017-02-09 12:00:00,0.9744
2017-02-09 13:00:00,1.2064
2017-02-09 14:00:00,1.1948
2017-02-09 15:00:00,1.2992
2017-02-09 16:00:00,0.9512
2017-02-09 17:00:00,1.2992
2017-02-09 18:00:00,1.74
2017-02-09 19:00:00,2.204
2017-02-09 20:00:00,3.6192
2017-02-09 21:00:00,4.0136
2017-02-09 22:00:00,4.5588
2017-02-09 23:00:00,2.7724
2017-02-10 00:00:00,1.0324
2017-02-10 01:00:00,0.7656
2017-02-10 02:00:00,0.696
2017-02-10 03:00:00,0.6844
2017-02-10 04:00:00,0.6032
2017-02-10 05:00:00,0.5684
2017-02-10 06:00:00,0.6264
2017-02-10 07:00:00,0.6728
2017-02-10 08:00:00,0.9744
2017-02-10 09:00:00,1.1368
2017-02-10 10:00:00,0.7772
2017-02-10 11:00:00,0.6844
2017-02-10 12:00:00,0.6612
2017-02-10 13:00:00,0.6032
2017-02-10 14:00:00,0.58
2017-02-10 15:00:00,0.6264
2017-02-10 16:00:00,0.6612
2017-02-10 17:00:00,0.812
2017-02-10 18:00:00,0.6148
2017-02-10 19:00:00,0.5104
2017-02-10 20:00:00,0.4756
2017-02-10 21:00:00,0.754
2017-02-10 22:00:00,0.5568
2017-02-10 23:00:00,0.5684
2017-02-11 00:00:00,0.5336
2017-02-11 01:00:00,0.5104
2017-02-11 02:00:00,0.4872
2017-02-11 03:00:00,0.4408
2017-02-11 04:00:00,0.4524
2017-02-11 05:00:00,0.406
2017-02-11 06:00:00,0.3364
2017-02-11 07:00:00,0.348
2017-02-11 08:00:00,0.4524
2017-02-11 09:00:00,0.348
2017-02-11 10:00:00,0.3364
2017-02-11 11:00:00,0.3712
2017-02-11 12:00:00,0.3944
2017-02-11 13:00:00,0.4756
2017-02-11 14:00:00,0.4756
2017-02-11 15:00:00,0.6148
2017-02-11 16:00:00,0.5452
2017-02-11 17:00:00,0.638
2017-02-11 18:00:00,0.9628
2017-02-11 19:00:00,1.0324
2017-02-11 20:00:00,1.4036
2017-02-11 21:00:00,0.754
2017-02-11 22:00:00,0.4872
2017-02-11 23:00:00,0.4408
2017-02-12 00:00:00,0.3132
2017-02-12 01:00:00,0.29
2017-02-12 02:00:00,0.2668
2017-02-12 03:00:00,0.2204
2017-02-12 04:00:00,0.1856
2017-02-12 05:00:00,0.1856
2017-02-12 06:00:00,0.1972
2017-02-12 07:00:00,0.1972
2017-02-12 08:00:00,0.2204
2017-02-12 09:00:00,0.2552
2017-02-12 10:00:00,0.3248
2017-02-12 11:00:00,0.3828
2017-02-12 12:00:00,0.464
2017-02-12 13:00:00,0.406
2017-02-12 14:00:00,0.406
2017-02-12 15:00:00,0.4408
2017-02-12 16:00:00,0.4292
2017-02-12 17:00:00,0.4988
2017-02-12 18:00:00,0.5336
2017-02-12 19:00:00,0.58
2017-02-12 20:00:00,0.7888
2017-02-12 21:00:00,0.6148
2017-02-12 22:00:00,0.5336
2017-02-12 23:00:00,0.4292
2017-02-13 00:00:00,0.4176
2017-02-13 01:00:00,0.2668
2017-02-13 02:00:00,0.2668
2017-02-13 03:00:00,0.2668
2017-02-13 04:00:00,0.2204
2017-02-13 05:00:00,0.1972
2017-02-13 06:00:00,0.232
2017-02-13 07:00:00,0.3596
2017-02-13 08:00:00,0.522
2017-02-13 09:00:00,0.3828
2017-02-13 10:00:00,0.34123333333333333
2017-02-13 11:00:00,0.3252027777777778
2017-02-13 12:00:00,0.3165363425925926
2017-02-13 13:00:00,0.3081143711419753
2017-02-13 14:00:00,0.3115572354038066
2017-02-13 15:00:00,0.3152870050207905
2017-02-13 16:00:00,0.31932758877252304
2017-02-13 17:00:00,2.262
2017-02-13 18:00:00,1.4732
2017-02-13 19:00:00,1.2644
2017-02-13 20:00:00,1.218
2017-02-13 21:00:00,0.8932
2017-02-13 22:00:00,0.7888
2017-02-13 23:00:00,0.8352
2017-02-14 00:00:00,0.6612
2017-02-14 01:00:00,0.522
2017-02-14 02:00:00,0.4292
2017-02-14 03:00:00,0.3132
2017-02-14 04:00:00,0.406
2017-02-14 05:00:00,0.2784
2017-02-14 06:00:00,0.2784
2017-02-14 07:00:00,0.6032
2017-02-14 08:00:00,1.4732
2017-02-14 09:00:00,0.8584
2017-02-14 10:00:00,0.6264
2017-02-14 11:00:00,0.5104
2017-02-14 12:00:00,0.6496
2017-02-14 13:00:00,0.6264
2017-02-14 14:00:00,0.5568
2017-02-14 15:00:00,0.6148
2017-02-14 16:00:00,0.6612
2017-02-14 17:00:00,1.4848
2017-02-14 18:00:00,1.218
2017-02-14 19:00:00,1.1948
2017-02-14 20:00:00,1.2992
2017-02-14 21:00:00,0.8584
2017-02-14 22:00:00,1.9024
2017-02-14 23:00:00,2.5636
2017-02-15 00:00:00,2.4476
2017-02-15 01:00:00,3.2944
2017-02-15 02:00:00,1.6472
2017-02-15 03:00:00,1.8212
2017-02-15 04:00:00,2.1112
2017-02-15 05:00:00,1.9604
2017-02-15 06:00:00,1.1716
2017-02-15 07:00:00,1.3456
2017-02-15 08:00:00,1.6124
2017-02-15 09:00:00,1.6472
2017-02-15 10:00:00,1.4964
2017-02-15 11:00:00,0.8932
2017-02-15 12:00:00,1.102
2017-02-15 13:00:00,0.7656
2017-02-15 14:00:00,0.7308
2017-02-15 15:00:00,0.5684
2017-02-15 16:00:00,0.6264
2017-02-15 17:00:00,1.2644
2017-02-15 18:00:00,0.8816
2017-02-15 19:00:00,0.696
2017-02-15 20:00:00,0.7076
2017-02-15 21:00:00,2.7028
2017-02-15 22:00:00,1.682
2017-02-15 23:00:00,2.9464
2017-02-16 00:00:00,2.146
2017-02-16 01:00:00,1.3688
2017-02-16 02:00:00,0.986
2017-02-16 03:00:00,0.6148
2017-02-16 04:00:00,0.5104
2017-02-16 05:00:00,0.6496
2017-02-16 06:00:00,0.6032
2017-02-16 07:00:00,1.3572
2017-02-16 08:00:00,1.2064
2017-02-16 09:00:00,0.9976
2017-02-16 10:00:00,0.9048
2017-02-16 11:00:00,0.638
2017-02-16 12:00:00,0.2552
2017-02-16 13:00:00,0.0232
2017-02-16 14:00:00,0.7288666666666667
2017-02-16 15:00:00,0.7074388888888888
2017-02-16 16:00:00,0.0232
2017-02-16 17:00:00,1.2644
2017-02-16 18:00:00,3.2712
2017-02-16 19:00:00,3.2712
2017-02-16 20:00:00,2.494
2017-02-16 21:00:00,2.1808
2017-02-16 22:00:00,2.4592
2017-02-16 23:00:00,1.7052
2017-02-17 00:00:00,1.9024
2017-02-17 01:00:00,1.4268
2017-02-17 02:00:00,0.8584
2017-02-17 03:00:00,0.8584
2017-02-17 04:00:00,0.464
2017-02-17 05:00:00,0.4176
2017-02-17 06:00:00,0.4756
2017-02-17 07:00:00,1.392
2017-02-17 08:00:00,1.682
2017-02-17 09:00:00,1.1832
2017-02-17 10:00:00,0.7308
2017-02-17 11:00:00,0.2552
2017-02-17 12:00:00,0.4524
2017-02-17 13:00:00,0.6148
2017-02-17 14:00:00,0.6612
2017-02-17 15:00:00,0.6844
2017-02-17 16:00:00,0.8236
2017-02-17 17:00:00,1.6008
2017-02-17 18:00:00,2.2272
2017-02-17 19:00:00,2.7956
2017-02-17 20:00:00,1.74
2017-02-17 21:00:00,1.9256
2017-02-17 22:00:00,2.4592
2017-02-17 23:00:00,2.1576
2017-02-18 00:00:00,1.7632
2017-02-18 01:00:00,1.334
2017-02-18 02:00:00,1.1832
2017-02-18 03:00:00,0.8468
2017-02-18 04:00:00,0.754
2017-02-18 05:00:00,1.3688
2017-02-18 06:00:00,1.7168
2017-02-18 07:00:00,1.3456
2017-02-18 08:00:00,1.218
2017-02-18 09:00:00,0.9744
2017-02-18 10:00:00,1.334
2017-02-18 11:00:00,0.986
2017-02-18 12:00:00,0.5336
2017-02-18 13:00:00,0.3944
2017-02-18 14:00:00,0.6612
2017-02-18 15:00:00,0.638
2017-02-18 16:00:00,1.3572
2017-02-18 17:00:00,1.3572
2017-02-18 18:00:00,2.8072
2017-02-18 19:00:00,3.7468
2017-02-18 20:00:00,3.9788
2017-02-18 21:00:00,4.2108
2017-02-18 22:00:00,1.1948
2017-02-18 23:00:00,1.6472
2017-02-19 00:00:00,3.3524
2017-02-19 01:00:00,2.9464
2017-02-19 02:00:00,1.7168
2017-02-19 03:00:00,1.3804
2017-02-19 04:00:00,0.6728
2017-02-19 05:00:00,0.4292
2017-02-19 06:00:00,0.4524
2017-02-19 07:00:00,0.3712
2017-02-19 08:00:00,0.464
2017-02-19 09:00:00,0.5452
2017-02-19 10:00:00,0.6612
2017-02-19 11:00:00,0.8584
2017-02-19 12:00:00,0.9164
2017-02-19 13:00:00,0.7076
2017-02-19 14:00:00,0.754
2017-02-19 15:00:00,0.7424
2017-02-19 16:00:00,0.7308
2017-02-19 17:00:00,0.9048
2017-02-19 18:00:00,0.8932
2017-02-19 19:00:00,1.1716
2017-02-19 20:00:00,1.0208
2017-02-19 21:00:00,1.0672
2017-02-19 22:00:00,0.6844
2017-02-19 23:00:00,0.6612
2017-02-20 00:00:00,0.928
2017-02-20 01:00:00,1.102
2017-02-20 02:00:00,0.7192
2017-02-20 03:00:00,0.5336
2017-02-20 04:00:00,0.522
2017-02-20 05:00:00,0.4408
2017-02-20 06:00:00,0.6032
2017-02-20 07:00:00,1.102
2017-02-20 08:00:00,1.218
2017-02-20 09:00:00,1.0672
2017-02-20 10:00:00,0.9512
2017-02-20 11:00:00,0.7888
2017-02-20 12:00:00,0.6728
2017-02-20 13:00:00,0.3944
2017-02-20 14:00:00,0.5104
2017-02-20 15:00:00,0.3364
2017-02-20 16:00:00,0.3016
2017-02-20 17:00:00,0.3828
2017-02-20 18:00:00,0.8816
2017-02-20 19:00:00,1.3572
2017-02-20 20:00:00,3.2016
2017-02-20 21:00:00,5.1272
2017-02-20 22:00:00,2.2388
2017-02-20 23:00:00,1.9256
2017-02-21 00:00:00,1.3572
2017-02-21 01:00:00,0.9512
2017-02-21 02:00:00,0.6264
2017-02-21 03:00:00,0.4292
2017-02-21 04:00:00,1.0672
2017-02-21 05:00:00,0.87
2017-02-21 06:00:00,0.87
2017-02-21 07:00:00,1.4732
2017-02-21 08:00:00,1.508
2017-02-21 09:00:00,1.3108
2017-02-21 10:00:00,1.0208
2017-02-21 11:00:00,0.812
2017-02-21 12:00:00,0.8236
2017-02-21 13:00:00,0.5452
2017-02-21 14:00:00,0.6728
2017-02-21 15:00:00,0.5104
2017-02-21 16:00:00,0.7772
2017-02-21 17:00:00,0.9628
2017-02-21 18:00:00,1.74
2017-02-21 19:00:00,2.3896
2017-02-21 20:00:00,1.9836
2017-02-21 21:00:00,1.6472
2017-02-21 22:00:00,1.972
2017-02-21 23:00:00,3.2248
2017-02-22 00:00:00,3.1552
2017-02-22 01:00:00,3.2712
2017-02-22 02:00:00,3.132
2017-02-22 03:00:00,2.7608
2017-02-22 04:00:00,2.3664
2017-02-22 05:00:00,1.6356
2017-02-22 06:00:00,1.3688
2017-02-22 07:00:00,1.9836
2017-02-22 08:00:00,2.4128
2017-02-22 09:00:00,1.8676
2017-02-22 10:00:00,1.276
2017-02-22 11:00:00,0.812
2017-02-22 12:00:00,0.5684
2017-02-22 13:00:00,0.2204
2017-02-22 14:00:00,0.2668
2017-02-22 15:00:00,0.4756
2017-02-22 16:00:00,0.3248
2017-02-22 17:00:00,1.6936
2017-02-22 18:00:00,4.2224
2017-02-22 19:00:00,2.7956
2017-02-22 20:00:00,2.0184
2017-02-22 21:00:00,1.6356
2017-02-22 22:00:00,1.6356
2017-02-22 23:00:00,2.1344
2017-02-23 00:00:00,2.3432
2017-02-23 01:00:00,2.4824
2017-02-23 02:00:00,1.7284
2017-02-23 03:00:00,2.8188
2017-02-23 04:00:00,1.3688
2017-02-23 05:00:00,0.7424
2017-02-23 06:00:00,0.6844
2017-02-23 07:00:00,1.2992
2017-02-23 08:00:00,1.2528
2017-02-23 09:00:00,1.2644
2017-02-23 10:00:00,1.102
2017-02-23 11:00:00,0.7308
2017-02-23 12:00:00,0.696
2017-02-23 13:00:00,0.7076
2017-02-23 14:00:00,0.5684
2017-02-23 15:00:00,0.3828
2017-02-23 16:00:00,0.4872
2017-02-23 17:00:00,1.7168
2017-02-23 18:00:00,4.5704
2017-02-23 19:00:00,4.176
2017-02-23 20:00:00,1.9488
2017-02-23 21:00:00,2.2736
2017-02-23 22:00:00,3.6192
2017-02-23 23:00:00,4.176
2017-02-24 00:00:00,4.1064
2017-02-24 01:00:00,2.3664
2017-02-24 02:00:00,1.7864
2017-02-24 03:00:00,1.1252
2017-02-24 04:00:00,0.9048
2017-02-24 05:00:00,0.9628
2017-02-24 06:00:00,0.9976
2017-02-24 07:00:00,0.928
2017-02-24 08:00:00,1.0324
2017-02-24 09:00:00,1.624
2017-02-24 10:00:00,1.218
2017-02-24 11:00:00,0.9976
2017-02-24 12:00:00,1.2296
2017-02-24 13:00:00,1.044
2017-02-24 14:00:00,1.1136
2017-02-24 15:00:00,1.0556
2017-02-24 16:00:00,1.2876
2017-02-24 17:00:00,2.2388
2017-02-24 18:00:00,3.2944
2017-02-24 19:00:00,6.0204
2017-02-24 20:00:00,7.6444
2017-02-24 21:00:00,4.4892
2017-02-24 22:00:00,4.4544
2017-02-24 23:00:00,4.118
2017-02-25 00:00:00,3.5496
2017-02-25 01:00:00,3.4568
2017-02-25 02:00:00,3.1668
2017-02-25 03:00:00,2.1344
2017-02-25 04:00:00,1.6008
2017-02-25 05:00:00,1.334
2017-02-25 06:00:00,1.334
2017-02-25 07:00:00,1.7748
2017-02-25 08:00:00,0.6148
2017-02-25 09:00:00,0.2668
2017-02-25 10:00:00,0.348
2017-02-25 11:00:00,0.5336
2017-02-25 12:00:00,0.6496
2017-02-25 13:00:00,0.7888
2017-02-25 14:00:00,0.8004
2017-02-25 15:00:00,0.5452
2017-02-25 16:00:00,0.5684
2017-02-25 17:00:00,0.7656
2017-02-25 18:00:00,0.5568
2017-02-25 19:00:00,1.0788
2017-02-25 20:00:00,1.0672
2017-02-25 21:00:00,0.5684
2017-02-25 22:00:00,0.4988
2017-02-25 23:00:00,0.4988
2017-02-26 00:00:00,0.6612
2017-02-26 01:00:00,0.8584
2017-02-26 02:00:00,0.5336
2017-02-26 03:00:00,0.2204
2017-02-26 04:00:00,0.174
2017-02-26 05:00:00,0.1508
2017-02-26 06:00:00,0.0928
2017-02-26 07:00:00,0.4408
2017-02-26 08:00:00,0.4408
2017-02-26 09:00:00,0.2668
2017-02-26 10:00:00,0.1392
2017-02-26 11:00:00,0.2088
2017-02-26 12:00:00,0.3248
2017-02-26 13:00:00,0.3016
2017-02-26 14:00:00,0.29
2017-02-26 15:00:00,0.3132
2017-02-26 16:00:00,0.2204
2017-02-26 17:00:00,0.2668
2017-02-26 18:00:00,0.406
2017-02-26 19:00:00,0.4408
2017-02-26 20:00:00,0.7656
2017-02-26 21:00:00,0.9048
2017-02-26 22:00:00,1.2876
2017-02-26 23:00:00,1.6588
2017-02-27 00:00:00,1.5196
2017-02-27 01:00:00,1.914
2017-02-27 02:00:00,1.4964
2017-02-27 03:00:00,1.1716
2017-02-27 04:00:00,1.0788
2017-02-27 05:00:00,1.1832
2017-02-27 06:00:00,0.9512
2017-02-27 07:00:00,1.1252
2017-02-27 08:00:00,1.1948
2017-02-27 09:00:00,1.1252
2017-02-27 10:00:00,0.8584
2017-02-27 11:00:00,0.7308
2017-02-27 12:00:00,0.7424
2017-02-27 13:00:00,0.6148
2017-02-27 14:00:00,0.5336
2017-02-27 15:00:00,0.3364
2017-02-27 16:00:00,0.3364
2017-02-27 17:00:00,0.8816
2017-02-27 18:00:00,3.5032
2017-02-27 19:00:00,4.9648
2017-02-27 20:00:00,2.1344
2017-02-27 21:00:00,1.5544
2017-02-27 22:00:00,1.5776
2017-02-27 23:00:00,1.1484
2017-02-28 00:00:00,1.0092
2017-02-28 01:00:00,0.9628
2017-02-28 02:00:00,0.6612
2017-02-28 03:00:00,0.4872
2017-02-28 04:00:00,0.464
2017-02-28 05:00:00,0.348
2017-02-28 06:00:00,0.348
2017-02-28 07:00:00,0.6728
2017-02-28 08:00:00,0.6728
2017-02-28 09:00:00,1.5196
2017-02-28 10:00:00,1.0788
2017-02-28 11:00:00,0.4988
2017-02-28 12:00:00,0.4408
2017-02-28 13:00:00,0.5452
2017-02-28 14:00:00,0.754
2017-02-28 15:00:00,0.754
2017-02-28 16:00:00,0.4988
2017-02-28 17:00:00,1.1252
2017-02-28 18:00:00,0.9512
2017-02-28 19:00:00,0.7308
2017-02-28 20:00:00,1.6008
2017-02-28 21:00:00,2.3896
2017-02-28 22:00:00,2.1344
2017-02-28 23:00:00,1.9024
2017-03-01 00:00:00,2.0996
2017-03-01 01:00:00,1.856
2017-03-01 02:00:00,0.8468
2017-03-01 03:00:00,0.8004
2017-03-01 04:00:00,0.8468
2017-03-01 05:00:00,0.522
2017-03-01 06:00:00,0.6148
2017-03-01 07:00:00,0.8932
2017-03-01 08:00:00,1.0904
2017-03-01 09:00:00,1.334
2017-03-01 10:00:00,0.8004
2017-03-01 11:00:00,0.87
2017-03-01 12:00:00,0.928
2017-03-01 13:00:00,1.2064
2017-03-01 14:00:00,1.6936
2017-03-01 15:00:00,0.7656
2017-03-01 16:00:00,1.1136
2017-03-01 17:00:00,1.102
2017-03-01 18:00:00,2.0532
2017-03-01 19:00:00,2.2736
2017-03-01 20:00:00,1.1832
2017-03-01 21:00:00,0.986
2017-03-01 22:00:00,0.8584
2017-03-01 23:00:00,0.232
2017-03-02 00:00:00,0.1972
2017-03-02 01:00:00,1.1387333333333334
2017-03-02 02:00:00,1.1330944444444444
2017-03-02 03:00:00,1.0863856481481482
2017-03-02 04:00:00,1.1131177854938272
2017-03-02 05:00:00,1.113077600951646
2017-03-02 06:00:00,1.1140007343642833
2017-03-02 07:00:00,1.0357341288946402
2017-03-02 08:00:00,0.2784
2017-03-02 09:00:00,0.6728
2017-03-02 10:00:00,0.2668
2017-03-02 11:00:00,0.3132
2017-03-02 12:00:00,0.2436
2017-03-02 13:00:00,0.0696
2017-03-02 14:00:00,0.0696
2017-03-02 15:00:00,0.1044
2017-03-02 16:00:00,0.1276
2017-03-02 17:00:00,0.4176
2017-03-02 18:00:00,1.3804
2017-03-02 19:00:00,1.9604
2017-03-02 20:00:00,1.3804
2017-03-02 21:00:00,0.7888
2017-03-02 22:00:00,0.812
2017-03-02 23:00:00,1.1484
2017-03-03 00:00:00,0.8584
2017-03-03 01:00:00,0.8352
2017-03-03 02:00:00,0.87
2017-03-03 03:00:00,1.1948
2017-03-03 04:00:00,0.8004
2017-03-03 05:00:00,0.638
2017-03-03 06:00:00,0.5684
2017-03-03 07:00:00,0.7656
2017-03-03 08:00:00,0.7888
2017-03-03 09:00:00,0.7656
2017-03-03 10:00:00,0.6032
2017-03-03 11:00:00,0.7192
2017-03-03 12:00:00,0.696
2017-03-03 13:00:00,0.2668
2017-03-03 14:00:00,0.2784
2017-03-03 15:00:00,0.5684
2017-03-03 16:00:00,0.5452
2017-03-03 17:00:00,1.3108
2017-03-03 18:00:00,1.4152
2017-03-03 19:00:00,1.276
2017-03-03 20:00:00,2.4244
2017-03-03 21:00:00,1.1948
2017-03-03 22:00:00,0.87
2017-03-03 23:00:00,1.2412
2017-03-04 00:00:00,1.0092
2017-03-04 01:00:00,0.8236
2017-03-04 02:00:00,1.0092
2017-03-04 03:00:00,0.9628
2017-03-04 04:00:00,0.6032
2017-03-04 05:00:00,0.3596
2017-03-04 06:00:00,0.4988
2017-03-04 07:00:00,0.8236
2017-03-04 08:00:00,0.4292
2017-03-04 09:00:00,0.4524
2017-03-04 10:00:00,0.406
2017-03-04 11:00:00,0.5916
2017-03-04 12:00:00,0.348
2017-03-04 13:00:00,0.2204
2017-03-04 14:00:00,0.2204
2017-03-04 15:00:00,0.1508
2017-03-04 16:00:00,0.1508
2017-03-04 17:00:00,0.1624
2017-03-04 18:00:00,0.1392
2017-03-04 19:00:00,0.1044
2017-03-04 20:00:00,0.2784
2017-03-04 21:00:00,0.3248
2017-03-04 22:00:00,0.4988
2017-03-04 23:00:00,0.7424
2017-03-05 00:00:00,1.4152
2017-03-05 01:00:00,1.74
2017-03-05 02:00:00,1.0208
2017-03-05 03:00:00,0.6032
2017-03-05 04:00:00,0.522
2017-03-05 05:00:00,0.2204
2017-03-05 06:00:00,0.3132
2017-03-05 07:00:00,0.1856
2017-03-05 08:00:00,0.2784
2017-03-05 09:00:00,0.4524
2017-03-05 10:00:00,0.3944
2017-03-05 11:00:00,0.3944
2017-03-05 12:00:00,0.3712
2017-03-05 13:00:00,0.406
2017-03-05 14:00:00,0.2552
2017-03-05 15:00:00,0.1856
2017-03-05 16:00:00,0.174
2017-03-05 17:00:00,0.1856
2017-03-05 18:00:00,0.3132
2017-03-05 19:00:00,0.4988
2017-03-05 20:00:00,0.812
2017-03-05 21:00:00,1.2644
2017-03-05 22:00:00,1.4152
2017-03-05 23:00:00,1.4732
2017-03-06 00:00:00,1.5196
2017-03-06 01:00:00,1.0324
2017-03-06 02:00:00,0.696
2017-03-06 03:00:00,0.5336
2017-03-06 04:00:00,0.4292
2017-03-06 05:00:00,0.4988
2017-03-06 06:00:00,0.4988
2017-03-06 07:00:00,0.8004
2017-03-06 08:00:00,1.4616
2017-03-06 09:00:00,0.9164
2017-03-06 10:00:00,0.4524
2017-03-06 11:00:00,0.3944
2017-03-06 12:00:00,0.2436
2017-03-06 13:00:00,0.232
2017-03-06 14:00:00,0.8004
2017-03-06 15:00:00,0.7192
2017-03-06 16:00:00,0.8816
2017-03-06 17:00:00,1.3224
2017-03-06 18:00:00,0.8236
2017-03-06 19:00:00,0.928
2017-03-06 20:00:00,1.1484
2017-03-06 21:00:00,1.2528
2017-03-06 22:00:00,0.9976
2017-03-06 23:00:00,0.8932
2017-03-07 00:00:00,0.8584
2017-03-07 01:00:00,0.5452
2017-03-07 02:00:00,0.4176
2017-03-07 03:00:00,0.3596
2017-03-07 04:00:00,0.3596
2017-03-07 05:00:00,0.348
2017-03-07 06:00:00,0.4524
2017-03-07 07:00:00,0.812
2017-03-07 08:00:00,0.8816
2017-03-07 09:00:00,1.0092
2017-03-07 10:00:00,0.6728
2017-03-07 11:00:00,0.928
2017-03-07 12:00:00,0.3364
2017-03-07 13:00:00,0.2436
2017-03-07 14:00:00,0.4756
2017-03-07 15:00:00,0.4872
2017-03-07 16:00:00,1.0672
2017-03-07 17:00:00,0.6844
2017-03-07 18:00:00,0.3712
2017-03-07 19:00:00,0.3364
2017-03-07 20:00:00,0.5336
2017-03-07 21:00:00,0.406
2017-03-07 22:00:00,0.3712
2017-03-07 23:00:00,0.3944
2017-03-08 00:00:00,0.7656
2017-03-08 01:00:00,0.4176
2017-03-08 02:00:00,0.3596
2017-03-08 03:00:00,0.232
2017-03-08 04:00:00,0.2784
2017-03-08 05:00:00,0.3132
2017-03-08 06:00:00,0.3712
2017-03-08 07:00:00,0.5568
2017-03-08 08:00:00,0.8932
2017-03-08 09:00:00,0.9512
2017-03-08 10:00:00,1.4036
2017-03-08 11:00:00,0.8816
2017-03-08 12:00:00,1.0324
2017-03-08 13:00:00,1.276
2017-03-08 14:00:00,1.0672
2017-03-08 15:00:00,1.0208
2017-03-08 16:00:00,1.6588
2017-03-08 17:00:00,1.334
2017-03-08 18:00:00,1.1136
2017-03-08 19:00:00,0.8352
2017-03-08 20:00:00,0.8816
2017-03-08 21:00:00,0.7772
2017-03-08 22:00:00,0.6148
2017-03-08 23:00:00,0.6264
2017-03-09 00:00:00,0.7076
2017-03-09 01:00:00,0.8352
2017-03-09 02:00:00,0.2668
2017-03-09 03:00:00,0.1624
2017-03-09 04:00:00,0.1508
2017-03-09 05:00:00,0.1972
2017-03-09 06:00:00,0.3364
2017-03-09 07:00:00,0.4292
2017-03-09 08:00:00,0.87
2017-03-09 09:00:00,0.7192
2017-03-09 10:00:00,0.5452
2017-03-09 11:00:00,0.6728
2017-03-09 12:00:00,0.7888
2017-03-09 13:00:00,0.8004
2017-03-09 14:00:00,0.8352
2017-03-09 15:00:00,0.9976
2017-03-09 16:00:00,0.6612
2017-03-09 17:00:00,0.4176
2017-03-09 18:00:00,0.9628
2017-03-09 19:00:00,0.9512
2017-03-09 20:00:00,0.7888
2017-03-09 21:00:00,0.9164
2017-03-09 22:00:00,0.6264
2017-03-09 23:00:00,0.5916
2017-03-10 00:00:00,0.464
2017-03-10 01:00:00,0.4408
2017-03-10 02:00:00,0.1972
2017-03-10 03:00:00,0.1392
2017-03-10 04:00:00,0.174
2017-03-10 05:00:00,0.1392
2017-03-10 06:00:00,0.2436
2017-03-10 07:00:00,0.4756
2017-03-10 08:00:00,0.7192
2017-03-10 09:00:00,0.29
2017-03-10 10:00:00,0.2784
2017-03-10 11:00:00,0.522
2017-03-10 12:00:00,0.5568
2017-03-10 13:00:00,0.638
2017-03-10 14:00:00,0.348
2017-03-10 15:00:00,0.4176
2017-03-10 16:00:00,0.7772
2017-03-10 17:00:00,1.218
2017-03-10 18:00:00,0.7888
2017-03-10 19:00:00,0.6148
2017-03-10 20:00:00,0.8004
2017-03-10 21:00:00,0.7076
2017-03-10 22:00:00,0.6264
2017-03-10 23:00:00,0.6264
2017-03-11 00:00:00,0.464
2017-03-11 01:00:00,0.3364
2017-03-11 02:00:00,0.2436
2017-03-11 03:00:00,0.1624
2017-03-11 04:00:00,0.1392
2017-03-11 05:00:00,0.1392
2017-03-11 06:00:00,0.1972
2017-03-11 07:00:00,0.3596
2017-03-11 08:00:00,0.348
2017-03-11 09:00:00,0.3248
2017-03-11 10:00:00,0.3596
2017-03-11 11:00:00,0.6148
2017-03-11 12:00:00,0.522
2017-03-11 13:00:00,0.696
2017-03-11 14:00:00,0.696
2017-03-11 15:00:00,0.5452
2017-03-11 16:00:00,0.3944
2017-03-11 17:00:00,0.4176
2017-03-11 18:00:00,0.6844
2017-03-11 19:00:00,0.7192
2017-03-11 20:00:00,0.5568
2017-03-11 21:00:00,0.6728
2017-03-11 22:00:00,0.6032
2017-03-11 23:00:00,0.6496
2017-03-12 00:00:00,0.638
2017-03-12 01:00:00,0.5336
2017-03-12 02:00:00,0.5684
2017-03-12 03:00:00,0.2668
2017-03-12 04:00:00,0.406
2017-03-12 05:00:00,0.29
2017-03-12 06:00:00,0.3828
2017-03-12 07:00:00,0.348
2017-03-12 08:00:00,0.348
2017-03-12 09:00:00,0.3596
2017-03-12 10:00:00,0.29
2017-03-12 11:00:00,0.348
2017-03-12 12:00:00,0.3944
2017-03-12 13:00:00,0.6032
2017-03-12 14:00:00,0.5104
2017-03-12 15:00:00,0.5916
2017-03-12 16:00:00,0.464
2017-03-12 17:00:00,0.58
2017-03-12 18:00:00,0.7424
2017-03-12 19:00:00,0.8236
2017-03-12 20:00:00,0.5104
2017-03-12 21:00:00,0.7308
2017-03-12 22:00:00,0.754
2017-03-12 23:00:00,0.5916
2017-03-13 00:00:00,1.0324
2017-03-13 01:00:00,0.4408
2017-03-13 02:00:00,0.2088
2017-03-13 03:00:00,0.1392
2017-03-13 04:00:00,0.1276
2017-03-13 05:00:00,0.1392
2017-03-13 06:00:00,0.3364
2017-03-13 07:00:00,0.4176
2017-03-13 08:00:00,0.7192
2017-03-13 09:00:00,0.5916
2017-03-13 10:00:00,0.3132
2017-03-13 11:00:00,0.3132
2017-03-13 12:00:00,0.3596
2017-03-13 13:00:00,0.406
2017-03-13 14:00:00,0.3944
2017-03-13 15:00:00,0.4176
2017-03-13 16:00:00,0.5684
2017-03-13 17:00:00,0.7076
2017-03-13 18:00:00,0.464
2017-03-13 19:00:00,0.7772
2017-03-13 20:00:00,0.5916
2017-03-13 21:00:00,0.4292
2017-03-13 22:00:00,0.232
2017-03-13 23:00:00,0.2088
2017-03-14 00:00:00,0.2436
2017-03-14 01:00:00,0.1972
2017-03-14 02:00:00,0.0928
2017-03-14 03:00:00,0.0928
2017-03-14 04:00:00,0.058
2017-03-14 05:00:00,0.0348
2017-03-14 06:00:00,0.0812
2017-03-14 07:00:00,0.1624
2017-03-14 08:00:00,0.7772
2017-03-14 09:00:00,0.6264
2017-03-14 10:00:00,0.5452
2017-03-14 11:00:00,0.8816
2017-03-14 12:00:00,0.7772
2017-03-14 13:00:00,0.36056666666666665
2017-03-14 14:00:00,0.37418055555555557
2017-03-14 15:00:00,0.5336
2017-03-14 16:00:00,0.4176
2017-03-14 17:00:00,0.4988
2017-03-14 18:00:00,0.638
2017-03-14 19:00:00,0.7888
2017-03-14 20:00:00,1.2992
2017-03-14 21:00:00,1.1716
2017-03-14 22:00:00,1.0092
2017-03-14 23:00:00,0.406
2017-03-15 00:00:00,0.4408
2017-03-15 01:00:00,0.5336
2017-03-15 02:00:00,0.3248
2017-03-15 03:00:00,0.2552
2017-03-15 04:00:00,0.2552
2017-03-15 05:00:00,0.232
2017-03-15 06:00:00,0.3132
2017-03-15 07:00:00,0.5916
2017-03-15 08:00:00,1.2528
2017-03-15 09:00:00,1.1252
2017-03-15 10:00:00,0.4988
2017-03-15 11:00:00,0.6264
2017-03-15 12:00:00,0.522
2017-03-15 13:00:00,0.4408
2017-03-15 14:00:00,0.3248
2017-03-15 15:00:00,0.3944
2017-03-15 16:00:00,0.3828
2017-03-15 17:00:00,0.5568
2017-03-15 18:00:00,0.6264
2017-03-15 19:00:00,1.4384
2017-03-15 20:00:00,1.334
2017-03-15 21:00:00,1.4152
2017-03-15 22:00:00,1.6472
2017-03-15 23:00:00,2.2156
2017-03-16 00:00:00,2.2968
2017-03-16 01:00:00,1.9256
2017-03-16 02:00:00,0.174
2017-03-16 03:00:00,1.2006
2017-03-16 04:00:00,1.2677833333333333
2017-03-16 05:00:00,1.3415319444444445
2017-03-16 06:00:00,1.4069262731481482
2017-03-16 07:00:00,0.2204
2017-03-16 08:00:00,0.6264
2017-03-16 09:00:00,0.638
2017-03-16 10:00:00,0.0232
2017-03-16 11:00:00,0.1624
2017-03-16 12:00:00,0.1276
2017-03-16 13:00:00,0.174
2017-03-16 14:00:00,0.2088
2017-03-16 15:00:00,0.6164701292438272
2017-03-16 16:00:00,0.0232
2017-03-16 17:00:00,0.0928
2017-03-16 18:00:00,0.29
2017-03-16 19:00:00,1.4848
2017-03-16 20:00:00,1.3804
2017-03-16 21:00:00,1.8096
2017-03-16 22:00:00,1.0556
2017-03-16 23:00:00,0.9164
2017-03-17 00:00:00,0.7076
2017-03-17 01:00:00,0.3828
2017-03-17 02:00:00,0.3596
2017-03-17 03:00:00,0.29
2017-03-17 04:00:00,0.0464
2017-03-17 05:00:00,0.7346666666666666
2017-03-17 06:00:00,0.7881555555555555
2017-03-17 07:00:00,0.5452
2017-03-17 08:00:00,0.6844
2017-03-17 09:00:00,1.0324
2017-03-17 10:00:00,0.6148
2017-03-17 11:00:00,0.0348
2017-03-17 12:00:00,0.058
2017-03-17 13:00:00,0.0812
2017-03-17 14:00:00,0.1044
2017-03-17 15:00:00,0.116
2017-03-17 16:00:00,0.0696
2017-03-17 17:00:00,0.116
2017-03-17 18:00:00,0.3132
2017-03-17 19:00:00,1.16
2017-03-17 20:00:00,0.3364
2017-03-17 21:00:00,0.464
2017-03-17 22:00:00,1.3572
2017-03-17 23:00:00,1.334
2017-03-18 00:00:00,0.8584
2017-03-18 01:00:00,0.7424
2017-03-18 02:00:00,0.7888
2017-03-18 03:00:00,0.5916
2017-03-18 04:00:00,0.3828
2017-03-18 05:00:00,0.1856
2017-03-18 06:00:00,0.2668
2017-03-18 07:00:00,0.3016
2017-03-18 08:00:00,0.5104
2017-03-18 09:00:00,0.1856
2017-03-18 10:00:00,0.1508
2017-03-18 11:00:00,0.1972
2017-03-18 12:00:00,0.2668
2017-03-18 13:00:00,0.2088
2017-03-18 14:00:00,0.3364
2017-03-18 15:00:00,0.3364
2017-03-18 16:00:00,0.2436
2017-03-18 17:00:00,0.9744
2017-03-18 18:00:00,1.6124
2017-03-18 19:00:00,1.682
2017-03-18 20:00:00,0.5684
2017-03-18 21:00:00,0.7308
2017-03-18 22:00:00,0.8584
2017-03-18 23:00:00,1.3572
2017-03-19 00:00:00,1.6588
2017-03-19 01:00:00,0.7424
2017-03-19 02:00:00,0.3364
2017-03-19 03:00:00,0.2204
2017-03-19 04:00:00,0.2088
2017-03-19 05:00:00,0.116
2017-03-19 06:00:00,0.1276
2017-03-19 07:00:00,0.4524
2017-03-19 08:00:00,0.2088
2017-03-19 09:00:00,0.348
2017-03-19 10:00:00,0.348
2017-03-19 11:00:00,0.29
2017-03-19 12:00:00,0.5916
2017-03-19 13:00:00,0.3596
2017-03-19 14:00:00,0.232
2017-03-19 15:00:00,0.29
2017-03-19 16:00:00,0.2436
2017-03-19 17:00:00,0.522
2017-03-19 18:00:00,0.4988
2017-03-19 19:00:00,0.3016
2017-03-19 20:00:00,0.3712
2017-03-19 21:00:00,0.4524
2017-03-19 22:00:00,0.3132
2017-03-19 23:00:00,0.1972
2017-03-20 00:00:00,0.3248
2017-03-20 01:00:00,0.522
2017-03-20 02:00:00,0.4872
2017-03-20 03:00:00,0.3248
2017-03-20 04:00:00,0.29
2017-03-20 05:00:00,0.174
2017-03-20 06:00:00,0.4292
2017-03-20 07:00:00,0.3712
2017-03-20 08:00:00,0.5916
2017-03-20 09:00:00,0.7308
2017-03-20 10:00:00,0.5336
2017-03-20 11:00:00,0.348
2017-03-20 12:00:00,0.4408
2017-03-20 13:00:00,0.3944
2017-03-20 14:00:00,0.5104
2017-03-20 15:00:00,0.3828
2017-03-20 16:00:00,0.3132
2017-03-20 17:00:00,0.3944
2017-03-20 18:00:00,1.4384
2017-03-20 19:00:00,1.6472
2017-03-20 20:00:00,1.8792
2017-03-20 21:00:00,0.986
2017-03-20 22:00:00,1.1484
2017-03-20 23:00:00,1.2528
2017-03-21 00:00:00,1.6356
2017-03-21 01:00:00,1.218
2017-03-21 02:00:00,0.4988
2017-03-21 03:00:00,0.4176
2017-03-21 04:00:00,0.5568
2017-03-21 05:00:00,0.522
2017-03-21 06:00:00,0.348
2017-03-21 07:00:00,0.3596
2017-03-21 08:00:00,0.6032
2017-03-21 09:00:00,0.7772
2017-03-21 10:00:00,0.6148
2017-03-21 11:00:00,0.4988
2017-03-21 12:00:00,0.3364
2017-03-21 13:00:00,0.406
2017-03-21 14:00:00,0.3596
2017-03-21 15:00:00,0.174
2017-03-21 16:00:00,0.2552
2017-03-21 17:00:00,0.3596
2017-03-21 18:00:00,0.4872
2017-03-21 19:00:00,0.638
2017-03-21 20:00:00,0.9396
2017-03-21 21:00:00,1.392
2017-03-21 22:00:00,0.812
2017-03-21 23:00:00,1.508
2017-03-22 00:00:00,1.9488
2017-03-22 01:00:00,0.928
2017-03-22 02:00:00,0.5104
2017-03-22 03:00:00,0.1624
2017-03-22 04:00:00,0.1276
2017-03-22 05:00:00,0.1044
2017-03-22 06:00:00,0.2784
2017-03-22 07:00:00,0.3828
2017-03-22 08:00:00,0.5684
2017-03-22 09:00:00,0.638
2017-03-22 10:00:00,0.522
2017-03-22 11:00:00,0.4408
2017-03-22 12:00:00,0.29
2017-03-22 13:00:00,0.4292
2017-03-22 14:00:00,0.3016
2017-03-22 15:00:00,0.232
2017-03-22 16:00:00,0.29
2017-03-22 17:00:00,0.3828
2017-03-22 18:00:00,0.3828
2017-03-22 19:00:00,0.3016
2017-03-22 20:00:00,0.7076
2017-03-22 21:00:00,1.044
2017-03-22 22:00:00,1.1948
2017-03-22 23:00:00,1.7864
2017-03-23 00:00:00,1.0208
2017-03-23 01:00:00,0.5684
2017-03-23 02:00:00,0.3016
2017-03-23 03:00:00,0.1856
2017-03-23 04:00:00,0.116
2017-03-23 05:00:00,0.0464
2017-03-23 06:00:00,0.116
2017-03-23 07:00:00,0.3712
2017-03-23 08:00:00,0.5336
2017-03-23 09:00:00,0.7192
2017-03-23 10:00:00,0.5336
2017-03-23 11:00:00,0.3828
2017-03-23 12:00:00,0.2436
2017-03-23 13:00:00,0.2204
2017-03-23 14:00:00,0.3944
2017-03-23 15:00:00,0.2436
2017-03-23 16:00:00,0.3712
2017-03-23 17:00:00,0.4292
2017-03-23 18:00:00,0.4292
2017-03-23 19:00:00,0.522
2017-03-23 20:00:00,0.4176
2017-03-23 21:00:00,0.5104
2017-03-23 22:00:00,0.6032
2017-03-23 23:00:00,1.74
2017-03-24 00:00:00,1.16
2017-03-24 01:00:00,1.0904
2017-03-24 02:00:00,0.5336
2017-03-24 03:00:00,0.1624
2017-03-24 04:00:00,0.1044
2017-03-24 05:00:00,0.0696
2017-03-24 06:00:00,0.1508
2017-03-24 07:00:00,0.2204
2017-03-24 08:00:00,0.2436
2017-03-24 09:00:00,0.5916
2017-03-24 10:00:00,0.6032
2017-03-24 11:00:00,0.3248
2017-03-24 12:00:00,0.6264
2017-03-24 13:00:00,0.4524
2017-03-24 14:00:00,0.4408
2017-03-24 15:00:00,0.4176
2017-03-24 16:00:00,0.4524
2017-03-24 17:00:00,0.464
2017-03-24 18:00:00,1.3572
2017-03-24 19:00:00,1.74
2017-03-24 20:00:00,1.3456
2017-03-24 21:00:00,0.8816
2017-03-24 22:00:00,0.6148
2017-03-24 23:00:00,0.7308
2017-03-25 00:00:00,1.1948
2017-03-25 01:00:00,1.0556
2017-03-25 02:00:00,1.0324
2017-03-25 03:00:00,0.5452
2017-03-25 04:00:00,0.522
2017-03-25 05:00:00,0.348
2017-03-25 06:00:00,0.7308
2017-03-25 07:00:00,0.4524
2017-03-25 08:00:00,0.4872
2017-03-25 09:00:00,0.464
2017-03-25 10:00:00,0.4408
2017-03-25 11:00:00,0.4524
2017-03-25 12:00:00,0.3828
2017-03-25 13:00:00,0.3944
2017-03-25 14:00:00,0.58
2017-03-25 15:00:00,0.406
2017-03-25 16:00:00,0.464
2017-03-25 17:00:00,0.5336
2017-03-25 18:00:00,1.0788
2017-03-25 19:00:00,0.8584
2017-03-25 20:00:00,0.87
2017-03-25 21:00:00,0.812
2017-03-25 22:00:00,1.1484
2017-03-25 23:00:00,1.1484
2017-03-26 00:00:00,0.7656
2017-03-26 01:00:00,0.522
2017-03-26 02:00:00,0.5684
2017-03-26 03:00:00,0.5336
2017-03-26 04:00:00,0.4872
2017-03-26 05:00:00,0.4408
2017-03-26 06:00:00,0.406
2017-03-26 07:00:00,0.4524
2017-03-26 08:00:00,0.4292
2017-03-26 09:00:00,0.464
2017-03-26 10:00:00,0.464
2017-03-26 11:00:00,0.4524
2017-03-26 12:00:00,0.6032
2017-03-26 13:00:00,0.638
2017-03-26 14:00:00,0.5104
2017-03-26 15:00:00,0.5916
2017-03-26 16:00:00,0.3132
2017-03-26 17:00:00,0.522
2017-03-26 18:00:00,0.58
2017-03-26 19:00:00,0.6264
2017-03-26 20:00:00,0.348
2017-03-26 21:00:00,0.1972
2017-03-26 22:00:00,0.2668
2017-03-26 23:00:00,0.348
2017-03-27 00:00:00,0.1856
2017-03-27 01:00:00,0.4272666666666667
2017-03-27 02:00:00,0.40970555555555555
2017-03-27 03:00:00,0.4013143518518518
2017-03-27 04:00:00,0.3854572145061728
2017-03-27 05:00:00,0.3914786490483539
2017-03-27 06:00:00,0.522
2017-03-27 07:00:00,0.8236
2017-03-27 08:00:00,0.696
2017-03-27 09:00:00,0.6844
2017-03-27 10:00:00,0.3132
2017-03-27 11:00:00,0.3828
2017-03-27 12:00:00,0.4524
2017-03-27 13:00:00,0.3828
2017-03-27 14:00:00,0.4408
2017-03-27 15:00:00,0.48968751795053156
2017-03-27 16:00:00,0.3712
2017-03-27 17:00:00,0.4408
2017-03-27 18:00:00,0.3364
2017-03-27 19:00:00,1.0672
2017-03-27 20:00:00,1.1716
2017-03-27 21:00:00,0.9164
2017-03-27 22:00:00,0.9628
2017-03-27 23:00:00,0.9164
2017-03-28 00:00:00,0.9976
2017-03-28 01:00:00,0.928
2017-03-28 02:00:00,0.7308
2017-03-28 03:00:00,0.5452
2017-03-28 04:00:00,0.4408
2017-03-28 05:00:00,0.406
2017-03-28 06:00:00,0.5104
2017-03-28 07:00:00,1.5428
2017-03-28 08:00:00,1.5544
2017-03-28 09:00:00,0.8236
2017-03-28 10:00:00,0.8352
2017-03-28 11:00:00,0.5568
2017-03-28 12:00:00,0.3828
2017-03-28 13:00:00,0.4408
2017-03-28 14:00:00,0.29
2017-03-28 15:00:00,0.58
2017-03-28 16:00:00,0.406
2017-03-28 17:00:00,0.3828
2017-03-28 18:00:00,0.8236
2017-03-28 19:00:00,1.4964
2017-03-28 20:00:00,1.0208
2017-03-28 21:00:00,1.1948
2017-03-28 22:00:00,1.0208
2017-03-28 23:00:00,1.218
2017-03-29 00:00:00,1.856
2017-03-29 01:00:00,1.4036
2017-03-29 02:00:00,1.1252
2017-03-29 03:00:00,0.696
2017-03-29 04:00:00,0.5916
2017-03-29 05:00:00,0.5684
2017-03-29 06:00:00,0.812
2017-03-29 07:00:00,0.7656
2017-03-29 08:00:00,1.2296
2017-03-29 09:00:00,0.9164
2017-03-29 10:00:00,0.8236
2017-03-29 11:00:00,0.87
2017-03-29 12:00:00,0.7308
2017-03-29 13:00:00,0.5684
2017-03-29 14:00:00,0.406
2017-03-29 15:00:00,0.464
2017-03-29 16:00:00,0.9164
2017-03-29 17:00:00,0.9396
2017-03-29 18:00:00,1.8792
2017-03-29 19:00:00,1.7168
2017-03-29 20:00:00,1.1832
2017-03-29 21:00:00,1.1136
2017-03-29 22:00:00,1.2412
2017-03-29 23:00:00,0.6728
2017-03-30 00:00:00,0.7308
2017-03-30 01:00:00,0.348
2017-03-30 02:00:00,0.406
2017-03-30 03:00:00,0.4524
2017-03-30 04:00:00,0.3828
2017-03-30 05:00:00,0.4524
2017-03-30 06:00:00,0.928
2017-03-30 07:00:00,1.6588
2017-03-30 08:00:00,0.9396
2017-03-30 09:00:00,0.7424
2017-03-30 10:00:00,0.7192
2017-03-30 11:00:00,0.4756
2017-03-30 12:00:00,0.638
2017-03-30 13:00:00,0.7772
2017-03-30 14:00:00,0.4988
2017-03-30 15:00:00,0.522
2017-03-30 16:00:00,0.5452
2017-03-30 17:00:00,0.4756
2017-03-30 18:00:00,0.5452
2017-03-30 19:00:00,0.6032
2017-03-30 20:00:00,0.7656
2017-03-30 21:00:00,0.8004
2017-03-30 22:00:00,0.348
2017-03-30 23:00:00,0.5104
2017-03-31 00:00:00,0.3712
2017-03-31 01:00:00,0.348
2017-03-31 02:00:00,0.2436
2017-03-31 03:00:00,0.5065333333333334
2017-03-31 04:00:00,0.5052444444444445
2017-03-31 05:00:00,0.3016
2017-03-31 06:00:00,0.5104
2017-03-31 07:00:00,0.812
2017-03-31 08:00:00,0.696
2017-03-31 09:00:00,0.5104
2017-03-31 10:00:00,0.7308
2017-03-31 11:00:00,0.7192
2017-03-31 12:00:00,0.812
2017-03-31 13:00:00,0.58
2017-03-31 14:00:00,0.87
2017-03-31 15:00:00,0.4292
2017-03-31 16:00:00,0.522
2017-03-31 17:00:00,0.4988
2017-03-31 18:00:00,0.4176
2017-03-31 19:00:00,0.4408
2017-03-31 20:00:00,0.5336
2017-03-31 21:00:00,0.406
2017-03-31 22:00:00,0.5104
2017-03-31 23:00:00,0.522
2017-04-01 00:00:00,0.3828
2017-04-01 01:00:00,0.348
2017-04-01 02:00:00,0.4292
2017-04-01 03:00:00,0.4176
2017-04-01 04:00:00,0.3828
2017-04-01 05:00:00,0.4176
2017-04-01 06:00:00,0.4524
2017-04-01 07:00:00,0.5452
2017-04-01 08:00:00,0.522
2017-04-01 09:00:00,0.4872
2017-04-01 10:00:00,0.6148
2017-04-01 11:00:00,0.6496
2017-04-01 12:00:00,0.5336
2017-04-01 13:00:00,0.5336
2017-04-01 14:00:00,0.638
2017-04-01 15:00:00,0.464
2017-04-01 16:00:00,0.5104
2017-04-01 17:00:00,0.5684
2017-04-01 18:00:00,0.5336
2017-04-01 19:00:00,0.58
2017-04-01 20:00:00,0.6032
2017-04-01 21:00:00,0.6728
2017-04-01 22:00:00,0.9048
2017-04-01 23:00:00,0.5568
2017-04-02 00:00:00,0.4292
2017-04-02 01:00:00,0.4292
2017-04-02 02:00:00,0.4408
2017-04-02 03:00:00,0.5336
2017-04-02 04:00:00,0.464
2017-04-02 05:00:00,0.522
2017-04-02 06:00:00,0.4988
2017-04-02 07:00:00,0.6032
2017-04-02 08:00:00,0.522
2017-04-02 09:00:00,0.5452
2017-04-02 10:00:00,0.6032
2017-04-02 11:00:00,0.5336
2017-04-02 12:00:00,0.5336
2017-04-02 13:00:00,0.58
2017-04-02 14:00:00,0.5336
2017-04-02 15:00:00,0.4408
2017-04-02 16:00:00,0.4292
2017-04-02 17:00:00,0.4408
2017-04-02 18:00:00,0.4756
2017-04-02 19:00:00,0.6032
2017-04-02 20:00:00,0.5336
2017-04-02 21:00:00,0.464
2017-04-02 22:00:00,0.4756
2017-04-02 23:00:00,0.87
2017-04-03 00:00:00,1.1716
2017-04-03 01:00:00,0.696
2017-04-03 02:00:00,0.5336
2017-04-03 03:00:00,0.4408
2017-04-03 04:00:00,0.4408
2017-04-03 05:00:00,0.4988
2017-04-03 06:00:00,0.6264
2017-04-03 07:00:00,0.9512
2017-04-03 08:00:00,0.9628
2017-04-03 09:00:00,0.6776333333333332
2017-04-03 10:00:00,0.695436111111111
2017-04-03 11:00:00,0.6728
2017-04-03 12:00:00,0.6264
2017-04-03 13:00:00,0.638
2017-04-03 14:00:00,0.6032
2017-04-03 15:00:00,0.58
2017-04-03 16:00:00,0.5452
2017-04-03 17:00:00,0.6264
2017-04-03 18:00:00,0.5336
2017-04-03 19:00:00,0.5452
2017-04-03 20:00:00,0.522
2017-04-03 21:00:00,0.4292
2017-04-03 22:00:00,0.4756
2017-04-03 23:00:00,0.5568
2017-04-04 00:00:00,0.9048
2017-04-04 01:00:00,0.2204
2017-04-04 02:00:00,0.0232
2017-04-04 03:00:00,0.4968666666666668
2017-04-04 04:00:00,0.489938888888889
2017-04-04 05:00:00,0.0696
2017-04-04 06:00:00,0.0348
2017-04-04 07:00:00,0.1392
2017-04-04 08:00:00,0.1624
2017-04-04 09:00:00,0.5336
2017-04-04 10:00:00,0.2204
2017-04-04 11:00:00,0.0812
2017-04-04 12:00:00,0.2088
2017-04-04 13:00:00,0.4176
2017-04-04 14:00:00,0.6032
2017-04-04 15:00:00,0.464
2017-04-04 16:00:00,0.7888
2017-04-04 17:00:00,1.102
2017-04-04 18:00:00,0.4524
2017-04-04 19:00:00,0.5104
2017-04-04 20:00:00,1.3804
2017-04-04 21:00:00,0.812
2017-04-04 22:00:00,0.5104
2017-04-04 23:00:00,0.522
2017-04-05 00:00:00,0.5336
2017-04-05 01:00:00,0.4872
2017-04-05 02:00:00,0.3944
2017-04-05 03:00:00,0.2552
2017-04-05 04:00:00,0.1856
2017-04-05 05:00:00,0.1276
2017-04-05 06:00:00,0.1044
2017-04-05 07:00:00,0.4292
2017-04-05 08:00:00,0.29
2017-04-05 09:00:00,0.5684
2017-04-05 10:00:00,0.3944
2017-04-05 11:00:00,0.3248
2017-04-05 12:00:00,0.2784
2017-04-05 13:00:00,0.1624
2017-04-05 14:00:00,0.1624
2017-04-05 15:00:00,0.5684
2017-04-05 16:00:00,0.7076
2017-04-05 17:00:00,0.2436
2017-04-05 18:00:00,0.4408
2017-04-05 19:00:00,0.1508
2017-04-05 20:00:00,0.2552
2017-04-05 21:00:00,0.4988
2017-04-05 22:00:00,0.3248
2017-04-05 23:00:00,0.3712
2017-04-06 00:00:00,0.2552
2017-04-06 01:00:00,0.1276
2017-04-06 02:00:00,0.1508
2017-04-06 03:00:00,0.174
2017-04-06 04:00:00,0.058
2017-04-06 05:00:00,0.0348
2017-04-06 06:00:00,0.1044
2017-04-06 07:00:00,0.3016
2017-04-06 08:00:00,0.6264
2017-04-06 09:00:00,0.6728
2017-04-06 10:00:00,0.464
2017-04-06 11:00:00,0.4176
2017-04-06 12:00:00,0.2436
2017-04-06 13:00:00,0.406
2017-04-06 14:00:00,0.3364
2017-04-06 15:00:00,0.4872
2017-04-06 16:00:00,0.2668
2017-04-06 17:00:00,0.3248
2017-04-06 18:00:00,0.986
2017-04-06 19:00:00,0.6148
2017-04-06 20:00:00,0.3016
2017-04-06 21:00:00,0.58
2017-04-06 22:00:00,0.406
2017-04-06 23:00:00,0.4408
2017-04-07 00:00:00,0.1044
2017-04-07 01:00:00,0.0464
2017-04-07 02:00:00,0.0116
2017-04-07 03:00:00,0.0232
2017-04-07 04:00:00,0.3422
2017-04-07 05:00:00,0.3484833333333333
2017-04-07 06:00:00,0.3504569444444445
2017-04-07 07:00:00,0.0232
2017-04-07 08:00:00,0.1276
2017-04-07 09:00:00,0.174
2017-04-07 10:00:00,0.1392
2017-04-07 11:00:00,0.1624
2017-04-07 12:00:00,0.1508
2017-04-07 13:00:00,0.1624
2017-04-07 14:00:00,0.1624
2017-04-07 15:00:00,0.232
2017-04-07 16:00:00,0.3132
2017-04-07 17:00:00,0.2552
2017-04-07 18:00:00,0.3132
2017-04-07 19:00:00,0.29
2017-04-07 20:00:00,0.3132
2017-04-07 21:00:00,0.4524
2017-04-07 22:00:00,0.29
2017-04-07 23:00:00,0.6148
2017-04-08 00:00:00,0.4524
2017-04-08 01:00:00,0.3016
2017-04-08 02:00:00,0.1972
2017-04-08 03:00:00,0.116
2017-04-08 04:00:00,0.0928
2017-04-08 05:00:00,0.0928
2017-04-08 06:00:00,0.29
2017-04-08 07:00:00,0.232
2017-04-08 08:00:00,0.464
2017-04-08 09:00:00,0.2088
2017-04-08 10:00:00,0.1508
2017-04-08 11:00:00,0.1624
2017-04-08 12:00:00,0.1972
2017-04-08 13:00:00,0.2436
2017-04-08 14:00:00,0.1856
2017-04-08 15:00:00,0.1508
2017-04-08 16:00:00,0.2088
2017-04-08 17:00:00,0.1856
2017-04-08 18:00:00,0.174
2017-04-08 19:00:00,0.3248
2017-04-08 20:00:00,0.2784
2017-04-08 21:00:00,0.2784
2017-04-08 22:00:00,0.4176
2017-04-08 23:00:00,0.4408
2017-04-09 00:00:00,0.5452
2017-04-09 01:00:00,0.3944
2017-04-09 02:00:00,0.3944
2017-04-09 03:00:00,0.1624
2017-04-09 04:00:00,0.1624
2017-04-09 05:00:00,0.058
2017-04-09 06:00:00,0.116
2017-04-09 07:00:00,0.1972
2017-04-09 08:00:00,0.2784
2017-04-09 09:00:00,0.1508
2017-04-09 10:00:00,0.1856
2017-04-09 11:00:00,0.1972
2017-04-09 12:00:00,0.1276
2017-04-09 13:00:00,0.1276
2017-04-09 14:00:00,0.1508
2017-04-09 15:00:00,0.2784
2017-04-09 16:00:00,0.1624
2017-04-09 17:00:00,0.174
2017-04-09 18:00:00,0.2552
2017-04-09 19:00:00,0.2784
2017-04-09 20:00:00,0.9512
2017-04-09 21:00:00,0.6032
2017-04-09 22:00:00,1.1252
2017-04-09 23:00:00,0.7772
2017-04-10 00:00:00,0.638
2017-04-10 01:00:00,0.6264
2017-04-10 02:00:00,0.232
2017-04-10 03:00:00,0.2088
2017-04-10 04:00:00,0.0928
2017-04-10 05:00:00,0.2668
2017-04-10 06:00:00,0.1856
2017-04-10 07:00:00,0.3132
2017-04-10 08:00:00,0.7308
2017-04-10 09:00:00,0.5452
2017-04-10 10:00:00,0.4292
2017-04-10 11:00:00,0.3248
2017-04-10 12:00:00,0.2436
2017-04-10 13:00:00,0.2668
2017-04-10 14:00:00,0.3596
2017-04-10 15:00:00,0.3712
2017-04-10 16:00:00,0.3364
2017-04-10 17:00:00,0.464
2017-04-10 18:00:00,0.3364
2017-04-10 19:00:00,0.3364
2017-04-10 20:00:00,0.5684
2017-04-10 21:00:00,0.7076
2017-04-10 22:00:00,0.5336
2017-04-10 23:00:00,0.696
2017-04-11 00:00:00,0.9976
2017-04-11 01:00:00,0.6728
2017-04-11 02:00:00,0.5336
2017-04-11 03:00:00,0.4176
2017-04-11 04:00:00,0.2784
2017-04-11 05:00:00,0.1972
2017-04-11 06:00:00,0.232
2017-04-11 07:00:00,0.4292
2017-04-11 08:00:00,0.6728
2017-04-11 09:00:00,0.522
2017-04-11 10:00:00,0.4524
2017-04-11 11:00:00,0.58
2017-04-11 12:00:00,0.5916
2017-04-11 13:00:00,0.5684
2017-04-11 14:00:00,0.464
2017-04-11 15:00:00,0.4176
2017-04-11 16:00:00,0.4988
2017-04-11 17:00:00,0.7656
2017-04-11 18:00:00,0.4524
2017-04-11 19:00:00,1.0672
2017-04-11 20:00:00,0.522
2017-04-11 21:00:00,0.9396
2017-04-11 22:00:00,0.4176
2017-04-11 23:00:00,0.6844
2017-04-12 00:00:00,0.5452
2017-04-12 01:00:00,0.1856
2017-04-12 02:00:00,0.0116
2017-04-12 03:00:00,0.0232
2017-04-12 04:00:00,0.5094333333333333
2017-04-12 05:00:00,0.5103194444444444
2017-04-12 06:00:00,0.058
2017-04-12 07:00:00,0.3248
2017-04-12 08:00:00,0.8352
2017-04-12 09:00:00,0.6032
2017-04-12 10:00:00,0.5684
2017-04-12 11:00:00,0.6032
2017-04-12 12:00:00,0.2784
2017-04-12 13:00:00,0.3364
2017-04-12 14:00:00,0.4756
2017-04-12 15:00:00,0.2204
2017-04-12 16:00:00,0.6612
2017-04-12 17:00:00,0.3596
2017-04-12 18:00:00,0.4756
2017-04-12 19:00:00,0.5336
2017-04-12 20:00:00,1.1484
2017-04-12 21:00:00,0.4408
2017-04-12 22:00:00,0.4988
2017-04-12 23:00:00,0.7308
2017-04-13 00:00:00,0.58
2017-04-13 01:00:00,0.1972
2017-04-13 02:00:00,0.116
2017-04-13 03:00:00,0.1508
2017-04-13 04:00:00,0.2204
2017-04-13 05:00:00,0.1276
2017-04-13 06:00:00,0.1044
2017-04-13 07:00:00,0.3132
2017-04-13 08:00:00,0.6148
2017-04-13 09:00:00,0.696
2017-04-13 10:00:00,0.5684
2017-04-13 11:00:00,0.3828
2017-04-13 12:00:00,0.29
2017-04-13 13:00:00,0.29
2017-04-13 14:00:00,0.2668
2017-04-13 15:00:00,0.406
2017-04-13 16:00:00,0.4408
2017-04-13 17:00:00,0.3828
2017-04-13 18:00:00,0.87
2017-04-13 19:00:00,0.3596
2017-04-13 20:00:00,0.6496
2017-04-13 21:00:00,0.7772
2017-04-13 22:00:00,1.0788
2017-04-13 23:00:00,0.7424
2017-04-14 00:00:00,0.6612
2017-04-14 01:00:00,0.6728
2017-04-14 02:00:00,0.4988
2017-04-14 03:00:00,0.4176
2017-04-14 04:00:00,0.2784
2017-04-14 05:00:00,0.348
2017-04-14 06:00:00,0.3132
2017-04-14 07:00:00,0.2436
2017-04-14 08:00:00,0.3364
2017-04-14 09:00:00,0.3828
2017-04-14 10:00:00,0.29
2017-04-14 11:00:00,0.29
2017-04-14 12:00:00,0.3132
2017-04-14 13:00:00,0.2436
2017-04-14 14:00:00,0.3596
2017-04-14 15:00:00,0.2436
2017-04-14 16:00:00,0.2668
2017-04-14 17:00:00,0.1972
2017-04-14 18:00:00,0.1972
2017-04-14 19:00:00,0.6728
2017-04-14 20:00:00,0.7308
2017-04-14 21:00:00,0.4988
2017-04-14 22:00:00,0.638
2017-04-14 23:00:00,0.8236
2017-04-15 00:00:00,0.6032
2017-04-15 01:00:00,0.4176
2017-04-15 02:00:00,0.3016
2017-04-15 03:00:00,0.1972
2017-04-15 04:00:00,0.0928
2017-04-15 05:00:00,0.116
2017-04-15 06:00:00,0.1276
2017-04-15 07:00:00,0.232
2017-04-15 08:00:00,0.1624
2017-04-15 09:00:00,0.174
2017-04-15 10:00:00,0.174
2017-04-15 11:00:00,0.3248
2017-04-15 12:00:00,0.29
2017-04-15 13:00:00,0.2204
2017-04-15 14:00:00,0.2784
2017-04-15 15:00:00,0.2668
2017-04-15 16:00:00,0.2436
2017-04-15 17:00:00,0.2668
2017-04-15 18:00:00,0.406
2017-04-15 19:00:00,0.5336
2017-04-15 20:00:00,0.6148
2017-04-15 21:00:00,0.4872
2017-04-15 22:00:00,0.4872
2017-04-15 23:00:00,0.7656
2017-04-16 00:00:00,0.5452
2017-04-16 01:00:00,0.3596
2017-04-16 02:00:00,0.348
2017-04-16 03:00:00,0.232
2017-04-16 04:00:00,0.232
2017-04-16 05:00:00,0.1508
2017-04-16 06:00:00,0.2204
2017-04-16 07:00:00,0.2088
2017-04-16 08:00:00,0.174
2017-04-16 09:00:00,0.232
2017-04-16 10:00:00,0.2668
2017-04-16 11:00:00,0.2204
2017-04-16 12:00:00,0.232
2017-04-16 13:00:00,0.3016
2017-04-16 14:00:00,0.3596
2017-04-16 15:00:00,0.4756
2017-04-16 16:00:00,0.2668
2017-04-16 17:00:00,0.3364
2017-04-16 18:00:00,0.4756
2017-04-16 19:00:00,0.3364
2017-04-16 20:00:00,0.638
2017-04-16 21:00:00,0.522
2017-04-16 22:00:00,0.4408
2017-04-16 23:00:00,0.406
2017-04-17 00:00:00,0.3364
2017-04-17 01:00:00,0.2552
2017-04-17 02:00:00,0.174
2017-04-17 03:00:00,0.1276
2017-04-17 04:00:00,0.1392
2017-04-17 05:00:00,0.116
2017-04-17 06:00:00,0.1624
2017-04-17 07:00:00,0.3364
2017-04-17 08:00:00,0.3016
2017-04-17 09:00:00,0.3248
2017-04-17 10:00:00,0.406
2017-04-17 11:00:00,0.5336
2017-04-17 12:00:00,0.464
2017-04-17 13:00:00,0.3248
2017-04-17 14:00:00,0.2784
2017-04-17 15:00:00,0.5104
2017-04-17 16:00:00,0.348
2017-04-17 17:00:00,0.3364
2017-04-17 18:00:00,0.2552
2017-04-17 19:00:00,0.5452
2017-04-17 20:00:00,0.812
2017-04-17 21:00:00,0.6032
2017-04-17 22:00:00,0.7424
2017-04-17 23:00:00,0.4872
2017-04-18 00:00:00,0.3828
2017-04-18 01:00:00,0.3248
2017-04-18 02:00:00,0.2088
2017-04-18 03:00:00,0.174
2017-04-18 04:00:00,0.2088
2017-04-18 05:00:00,0.232
2017-04-18 06:00:00,0.2784
2017-04-18 07:00:00,0.2436
2017-04-18 08:00:00,0.2668
2017-04-18 09:00:00,0.4524
2017-04-18 10:00:00,0.5684
2017-04-18 11:00:00,0.5568
2017-04-18 12:00:00,0.4756
2017-04-18 13:00:00,0.4176
2017-04-18 14:00:00,0.3596
2017-04-18 15:00:00,0.3248
2017-04-18 16:00:00,0.406
2017-04-18 17:00:00,0.3944
2017-04-18 18:00:00,0.3828
2017-04-18 19:00:00,0.348
2017-04-18 20:00:00,0.3712
2017-04-18 21:00:00,0.3364
2017-04-18 22:00:00,0.29
2017-04-18 23:00:00,0.3132
2017-04-19 00:00:00,0.3016
2017-04-19 01:00:00,0.0464
2017-04-19 02:00:00,0.0348
2017-04-19 03:00:00,0.0232
2017-04-19 04:00:00,0.0116
2017-04-19 05:00:00,0.0116
2017-04-19 06:00:00,0.0232
2017-04-19 07:00:00,0.0464
2017-04-19 08:00:00,0.1508
2017-04-19 09:00:00,0.232
2017-04-19 10:00:00,0.2784
2017-04-19 11:00:00,0.29
2017-04-19 12:00:00,0.2552
2017-04-19 13:00:00,0.5336
2017-04-19 14:00:00,0.8004
2017-04-19 15:00:00,0.754
2017-04-19 16:00:00,0.9164
2017-04-19 17:00:00,1.4964
2017-04-19 18:00:00,1.0324
2017-04-19 19:00:00,0.9164
2017-04-19 20:00:00,0.8468
2017-04-19 21:00:00,0.7192
2017-04-19 22:00:00,0.8816
2017-04-19 23:00:00,0.6496
2017-04-20 00:00:00,0.4988
2017-04-20 01:00:00,0.464
2017-04-20 02:00:00,0.1972
2017-04-20 03:00:00,0.116
2017-04-20 04:00:00,0.1044
2017-04-20 05:00:00,0.1276
2017-04-20 06:00:00,0.2088
2017-04-20 07:00:00,0.5336
2017-04-20 08:00:00,0.5336
2017-04-20 09:00:00,0.4292
2017-04-20 10:00:00,0.4408
2017-04-20 11:00:00,0.3712
2017-04-20 12:00:00,0.3944
2017-04-20 13:00:00,0.3828
2017-04-20 14:00:00,0.3016
2017-04-20 15:00:00,0.3248
2017-04-20 16:00:00,0.4176
2017-04-20 17:00:00,0.406
2017-04-20 18:00:00,0.2668
2017-04-20 19:00:00,0.2668
2017-04-20 20:00:00,0.4872
2017-04-20 21:00:00,0.3016
2017-04-20 22:00:00,0.3944
2017-04-20 23:00:00,0.4524
2017-04-21 00:00:00,0.4756
2017-04-21 01:00:00,0.3828
2017-04-21 02:00:00,0.174
2017-04-21 03:00:00,0.174
2017-04-21 04:00:00,0.0696
2017-04-21 05:00:00,0.0928
2017-04-21 06:00:00,0.116
2017-04-21 07:00:00,0.116
2017-04-21 08:00:00,0.1044
2017-04-21 09:00:00,0.116
2017-04-21 10:00:00,0.232
2017-04-21 11:00:00,0.2436
2017-04-21 12:00:00,0.3596
2017-04-21 13:00:00,0.4408
2017-04-21 14:00:00,0.2552
2017-04-21 15:00:00,0.2668
2017-04-21 16:00:00,0.3016
2017-04-21 17:00:00,0.4872
2017-04-21 18:00:00,0.232
2017-04-21 19:00:00,0.6844
2017-04-21 20:00:00,0.5452
2017-04-21 21:00:00,0.4292
2017-04-21 22:00:00,0.6032
2017-04-21 23:00:00,0.4524
2017-04-22 00:00:00,0.4988
2017-04-22 01:00:00,0.2552
2017-04-22 02:00:00,0.1856
2017-04-22 03:00:00,0.1624
2017-04-22 04:00:00,0.116
2017-04-22 05:00:00,0.058
2017-04-22 06:00:00,0.0928
2017-04-22 07:00:00,0.174
2017-04-22 08:00:00,0.5684
2017-04-22 09:00:00,0.4176
2017-04-22 10:00:00,0.3248
2017-04-22 11:00:00,0.3132
2017-04-22 12:00:00,0.4524
2017-04-22 13:00:00,0.4176
2017-04-22 14:00:00,0.4756
2017-04-22 15:00:00,0.58
2017-04-22 16:00:00,0.3712
2017-04-22 17:00:00,0.4176
2017-04-22 18:00:00,0.3712
2017-04-22 19:00:00,0.348
2017-04-22 20:00:00,0.464
2017-04-22 21:00:00,0.7076
2017-04-22 22:00:00,0.7888
2017-04-22 23:00:00,0.7656
2017-04-23 00:00:00,0.6264
2017-04-23 01:00:00,0.7192
2017-04-23 02:00:00,0.6032
2017-04-23 03:00:00,0.3132
2017-04-23 04:00:00,0.29
2017-04-23 05:00:00,0.2436
2017-04-23 06:00:00,0.2784
2017-04-23 07:00:00,0.2784
2017-04-23 08:00:00,0.3364
2017-04-23 09:00:00,0.6264
2017-04-23 10:00:00,0.4524
2017-04-23 11:00:00,0.3712
2017-04-23 12:00:00,0.3944
2017-04-23 13:00:00,0.3712
2017-04-23 14:00:00,0.4292
2017-04-23 15:00:00,0.348
2017-04-23 16:00:00,0.406
2017-04-23 17:00:00,0.5336
2017-04-23 18:00:00,0.4872
2017-04-23 19:00:00,0.5916
2017-04-23 20:00:00,0.638
2017-04-23 21:00:00,0.5104
2017-04-23 22:00:00,0.4756
2017-04-23 23:00:00,0.348
2017-04-24 00:00:00,0.3132
2017-04-24 01:00:00,0.4756
2017-04-24 02:00:00,0.4176
2017-04-24 03:00:00,0.174
2017-04-24 04:00:00,0.1856
2017-04-24 05:00:00,0.116
2017-04-24 06:00:00,0.0928
2017-04-24 07:00:00,0.2552
2017-04-24 08:00:00,0.1508
2017-04-24 09:00:00,0.406
2017-04-24 10:00:00,0.3364
2017-04-24 11:00:00,0.2784
2017-04-24 12:00:00,0.2784
2017-04-24 13:00:00,0.1624
2017-04-24 14:00:00,0.2204
2017-04-24 15:00:00,0.1508
2017-04-24 16:00:00,0.29
2017-04-24 17:00:00,0.3248
2017-04-24 18:00:00,0.1972
2017-04-24 19:00:00,0.1972
2017-04-24 20:00:00,0.348
2017-04-24 21:00:00,0.8584
2017-04-24 22:00:00,1.2064
2017-04-24 23:00:00,0.6612
2017-04-25 00:00:00,0.6032
2017-04-25 01:00:00,0.3828
2017-04-25 02:00:00,0.3828
2017-04-25 03:00:00,0.4408
2017-04-25 04:00:00,0.2668
2017-04-25 05:00:00,0.116
2017-04-25 06:00:00,0.2088
2017-04-25 07:00:00,0.348
2017-04-25 08:00:00,0.9976
2017-04-25 09:00:00,0.6612
2017-04-25 10:00:00,0.29
2017-04-25 11:00:00,0.2784
2017-04-25 12:00:00,0.1972
2017-04-25 13:00:00,0.2088
2017-04-25 14:00:00,0.2668
2017-04-25 15:00:00,0.3132
2017-04-25 16:00:00,0.3132
2017-04-25 17:00:00,0.3712
2017-04-25 18:00:00,0.3364
2017-04-25 19:00:00,0.2668
2017-04-25 20:00:00,0.2088
2017-04-25 21:00:00,0.2204
2017-04-25 22:00:00,0.232
2017-04-25 23:00:00,0.2436
2017-04-26 00:00:00,0.3596
2017-04-26 01:00:00,0.2784
2017-04-26 02:00:00,0.5916
2017-04-26 03:00:00,0.2552
2017-04-26 04:00:00,0.1972
2017-04-26 05:00:00,0.1508
2017-04-26 06:00:00,0.1972
2017-04-26 07:00:00,0.29
2017-04-26 08:00:00,0.6148
2017-04-26 09:00:00,0.3596
2017-04-26 10:00:00,0.464
2017-04-26 11:00:00,0.4176
2017-04-26 12:00:00,0.406
2017-04-26 13:00:00,0.3248
2017-04-26 14:00:00,0.3364
2017-04-26 15:00:00,0.2668
2017-04-26 16:00:00,0.4988
2017-04-26 17:00:00,0.5568
2017-04-26 18:00:00,0.348
2017-04-26 19:00:00,0.3132
2017-04-26 20:00:00,0.2668
2017-04-26 21:00:00,0.3132
2017-04-26 22:00:00,0.638
2017-04-26 23:00:00,0.9628
2017-04-27 00:00:00,0.5916
2017-04-27 01:00:00,0.638
2017-04-27 02:00:00,0.3248
2017-04-27 03:00:00,0.2552
2017-04-27 04:00:00,0.174
2017-04-27 05:00:00,0.1624
2017-04-27 06:00:00,0.2204
2017-04-27 07:00:00,0.3248
2017-04-27 08:00:00,0.5568
2017-04-27 09:00:00,0.7076
2017-04-27 10:00:00,0.522
2017-04-27 11:00:00,0.3596
2017-04-27 12:00:00,0.3248
2017-04-27 13:00:00,0.4292
2017-04-27 14:00:00,0.4176
2017-04-27 15:00:00,0.3944
2017-04-27 16:00:00,0.3364
2017-04-27 17:00:00,0.406
2017-04-27 18:00:00,0.4408
2017-04-27 19:00:00,0.7772
2017-04-27 20:00:00,1.5196
2017-04-27 21:00:00,0.9396
2017-04-27 22:00:00,1.218
2017-04-27 23:00:00,1.0788
2017-04-28 00:00:00,0.9164
2017-04-28 01:00:00,0.7192
2017-04-28 02:00:00,0.174
2017-04-28 03:00:00,0.1508
2017-04-28 04:00:00,0.0464
2017-04-28 05:00:00,0.0348
2017-04-28 06:00:00,0.1856
2017-04-28 07:00:00,0.1624
2017-04-28 08:00:00,0.4292
2017-04-28 09:00:00,0.3944
2017-04-28 10:00:00,0.29
2017-04-28 11:00:00,0.174
2017-04-28 12:00:00,0.3944
2017-04-28 13:00:00,0.2668
2017-04-28 14:00:00,0.3132
2017-04-28 15:00:00,0.3828
2017-04-28 16:00:00,0.6844
2017-04-28 17:00:00,0.2552
2017-04-28 18:00:00,0.1856
2017-04-28 19:00:00,0.2088
2017-04-28 20:00:00,0.2204
2017-04-28 21:00:00,0.1972
2017-04-28 22:00:00,0.696
2017-04-28 23:00:00,0.9512
2017-04-29 00:00:00,0.7888
2017-04-29 01:00:00,0.5684
2017-04-29 02:00:00,0.3596
2017-04-29 03:00:00,0.2436
2017-04-29 04:00:00,0.174
2017-04-29 05:00:00,0.174
2017-04-29 06:00:00,0.29
2017-04-29 07:00:00,0.406
2017-04-29 08:00:00,0.4176
2017-04-29 09:00:00,0.4988
2017-04-29 10:00:00,0.6844
2017-04-29 11:00:00,0.7192
2017-04-29 12:00:00,0.3944
2017-04-29 13:00:00,0.2552
2017-04-29 14:00:00,0.2784
2017-04-29 15:00:00,0.2668
2017-04-29 16:00:00,0.2668
2017-04-29 17:00:00,0.464
2017-04-29 18:00:00,0.2552
2017-04-29 19:00:00,0.638
2017-04-29 20:00:00,0.7424
2017-04-29 21:00:00,0.754
2017-04-29 22:00:00,0.638
2017-04-29 23:00:00,0.5336
2017-04-30 00:00:00,0.4756
2017-04-30 01:00:00,0.4292
2017-04-30 02:00:00,0.3828
2017-04-30 03:00:00,0.2784
2017-04-30 04:00:00,0.2668
2017-04-30 05:00:00,0.174
2017-04-30 06:00:00,0.1508
2017-04-30 07:00:00,0.2204
2017-04-30 08:00:00,0.3364
2017-04-30 09:00:00,0.3364
2017-04-30 10:00:00,0.4292
2017-04-30 11:00:00,0.4292
2017-04-30 12:00:00,0.29
2017-04-30 13:00:00,0.406
2017-04-30 14:00:00,0.4408
2017-04-30 15:00:00,0.3828
2017-04-30 16:00:00,0.5916
2017-04-30 17:00:00,0.406
2017-04-30 18:00:00,0.8468
2017-04-30 19:00:00,1.102
2017-04-30 20:00:00,1.0208
2017-04-30 21:00:00,1.044
2017-04-30 22:00:00,1.0672
2017-04-30 23:00:00,0.9744
2017-05-01 00:00:00,0.348
2017-05-01 01:00:00,0.3596
2017-05-01 02:00:00,0.4176
2017-05-01 03:00:00,0.29
2017-05-01 04:00:00,0.232
2017-05-01 05:00:00,0.2088
2017-05-01 06:00:00,0.2088
2017-05-01 07:00:00,0.2204
2017-05-01 08:00:00,0.2552
2017-05-01 09:00:00,0.29
2017-05-01 10:00:00,0.4176
2017-05-01 11:00:00,0.522
2017-05-01 12:00:00,0.5684
2017-05-01 13:00:00,0.4292
2017-05-01 14:00:00,0.3364
2017-05-01 15:00:00,0.3364
2017-05-01 16:00:00,0.3364
2017-05-01 17:00:00,0.464
2017-05-01 18:00:00,0.464
2017-05-01 19:00:00,0.4408
2017-05-01 20:00:00,0.464
2017-05-01 21:00:00,0.7656
2017-05-01 22:00:00,0.6032
2017-05-01 23:00:00,0.6844
2017-05-02 00:00:00,0.87
2017-05-02 01:00:00,0.58
2017-05-02 02:00:00,0.4176
2017-05-02 03:00:00,0.3596
2017-05-02 04:00:00,0.232
2017-05-02 05:00:00,0.2088
2017-05-02 06:00:00,0.3248
2017-05-02 07:00:00,0.348
2017-05-02 08:00:00,0.464
2017-05-02 09:00:00,0.696
2017-05-02 10:00:00,0.9396
2017-05-02 11:00:00,0.3364
2017-05-02 12:00:00,0.348
2017-05-02 13:00:00,0.4524
2017-05-02 14:00:00,0.348
2017-05-02 15:00:00,0.3828
2017-05-02 16:00:00,0.3364
2017-05-02 17:00:00,0.4524
2017-05-02 18:00:00,0.3944
2017-05-02 19:00:00,0.3944
2017-05-02 20:00:00,1.102
2017-05-02 21:00:00,0.638
2017-05-02 22:00:00,0.3828
2017-05-02 23:00:00,0.4524
2017-05-03 00:00:00,0.464
2017-05-03 01:00:00,0.3944
2017-05-03 02:00:00,0.5104
2017-05-03 03:00:00,0.3132
2017-05-03 04:00:00,0.3132
2017-05-03 05:00:00,0.1392
2017-05-03 06:00:00,0.2088
2017-05-03 07:00:00,0.3132
2017-05-03 08:00:00,0.6032
2017-05-03 09:00:00,0.6844
2017-05-03 10:00:00,0.5104
2017-05-03 11:00:00,0.3016
2017-05-03 12:00:00,0.4988
2017-05-03 13:00:00,0.5336
2017-05-03 14:00:00,0.464
2017-05-03 15:00:00,0.5568
2017-05-03 16:00:00,0.4756
2017-05-03 17:00:00,0.5916
2017-05-03 18:00:00,0.754
2017-05-03 19:00:00,0.8584
2017-05-03 20:00:00,1.1716
2017-05-03 21:00:00,0.9164
2017-05-03 22:00:00,1.1484
2017-05-03 23:00:00,0.8816
2017-05-04 00:00:00,1.0556
2017-05-04 01:00:00,0.2668
2017-05-04 02:00:00,0.1044
2017-05-04 03:00:00,0.1276
2017-05-04 04:00:00,0.0348
2017-05-04 05:00:00,0.0232
2017-05-04 06:00:00,0.0812
2017-05-04 07:00:00,0.1856
2017-05-04 08:00:00,0.4176
2017-05-04 09:00:00,0.3712
2017-05-04 10:00:00,0.3016
2017-05-04 11:00:00,0.1624
2017-05-04 12:00:00,0.2088
2017-05-04 13:00:00,0.3364
2017-05-04 14:00:00,0.2784
2017-05-04 15:00:00,0.4872
2017-05-04 16:00:00,0.754
2017-05-04 17:00:00,0.986
2017-05-04 18:00:00,0.7192
2017-05-04 19:00:00,0.6148
2017-05-04 20:00:00,0.5452
2017-05-04 21:00:00,0.2784
2017-05-04 22:00:00,0.7076
2017-05-04 23:00:00,0.3132
2017-05-05 00:00:00,0.5916
2017-05-05 01:00:00,0.29
2017-05-05 02:00:00,0.1392
2017-05-05 03:00:00,0.174
2017-05-05 04:00:00,0.0696
2017-05-05 05:00:00,0.1856
2017-05-05 06:00:00,0.116
2017-05-05 07:00:00,0.1508
2017-05-05 08:00:00,0.2668
2017-05-05 09:00:00,0.638
2017-05-05 10:00:00,0.4872
2017-05-05 11:00:00,0.3364
2017-05-05 12:00:00,0.3828
2017-05-05 13:00:00,0.5452
2017-05-05 14:00:00,0.4988
2017-05-05 15:00:00,0.3712
2017-05-05 16:00:00,0.6612
2017-05-05 17:00:00,1.102
2017-05-05 18:00:00,0.8816
2017-05-05 19:00:00,0.7888
2017-05-05 20:00:00,0.5452
2017-05-05 21:00:00,0.3944
2017-05-05 22:00:00,0.2668
2017-05-05 23:00:00,0.8004
2017-05-06 00:00:00,0.2784
2017-05-06 01:00:00,0.1044
2017-05-06 02:00:00,0.2088
2017-05-06 03:00:00,0.232
2017-05-06 04:00:00,0.1624
2017-05-06 05:00:00,0.1392
2017-05-06 06:00:00,0.2552
2017-05-06 07:00:00,0.3596
2017-05-06 08:00:00,0.2088
2017-05-06 09:00:00,0.3364
2017-05-06 10:00:00,0.2204
2017-05-06 11:00:00,0.4872
2017-05-06 12:00:00,0.638
2017-05-06 13:00:00,0.6148
2017-05-06 14:00:00,0.3712
2017-05-06 15:00:00,0.4524
2017-05-06 16:00:00,0.4176
2017-05-06 17:00:00,0.3596
2017-05-06 18:00:00,0.6264
2017-05-06 19:00:00,0.5336
2017-05-06 20:00:00,0.4872
2017-05-06 21:00:00,0.4872
2017-05-06 22:00:00,0.522
2017-05-06 23:00:00,0.3248
2017-05-07 00:00:00,0.406
2017-05-07 01:00:00,0.3248
2017-05-07 02:00:00,0.2668
2017-05-07 03:00:00,0.348
2017-05-07 04:00:00,0.3828
2017-05-07 05:00:00,0.232
2017-05-07 06:00:00,0.232
2017-05-07 07:00:00,0.3944
2017-05-07 08:00:00,0.5684
2017-05-07 09:00:00,0.3944
2017-05-07 10:00:00,0.2784
2017-05-07 11:00:00,0.4176
2017-05-07 12:00:00,0.9744
2017-05-07 13:00:00,0.7888
2017-05-07 14:00:00,1.0324
2017-05-07 15:00:00,0.6728
2017-05-07 16:00:00,0.3596
2017-05-07 17:00:00,0.4756
2017-05-07 18:00:00,0.464
2017-05-07 19:00:00,0.4292
2017-05-07 20:00:00,0.5104
2017-05-07 21:00:00,0.6032
2017-05-07 22:00:00,0.4756
2017-05-07 23:00:00,0.4292
2017-05-08 00:00:00,0.4292
2017-05-08 01:00:00,0.1856
2017-05-08 02:00:00,0.058
2017-05-08 03:00:00,0.0232
2017-05-08 04:00:00,0.0464
2017-05-08 05:00:00,0.0696
2017-05-08 06:00:00,0.2204
2017-05-08 07:00:00,0.2436
2017-05-08 08:00:00,0.3596
2017-05-08 09:00:00,0.464
2017-05-08 10:00:00,0.4524
2017-05-08 11:00:00,0.3596
2017-05-08 12:00:00,0.1972
2017-05-08 13:00:00,0.2784
2017-05-08 14:00:00,0.3248
2017-05-08 15:00:00,0.4292
2017-05-08 16:00:00,0.464
2017-05-08 17:00:00,0.638
2017-05-08 18:00:00,0.464
2017-05-08 19:00:00,0.3248
2017-05-08 20:00:00,0.522
2017-05-08 21:00:00,0.4988
2017-05-08 22:00:00,0.2668
2017-05-08 23:00:00,0.1972
2017-05-09 00:00:00,0.1972
2017-05-09 01:00:00,0.2204
2017-05-09 02:00:00,0.2204
2017-05-09 03:00:00,0.174
2017-05-09 04:00:00,0.174
2017-05-09 05:00:00,0.1044
2017-05-09 06:00:00,0.1276
2017-05-09 07:00:00,0.4408
2017-05-09 08:00:00,1.1832
2017-05-09 09:00:00,1.5659999999999998
2017-05-09 10:00:00,0.8352
2017-05-09 11:00:00,0.2436
2017-05-09 12:00:00,0.2204
2017-05-09 13:00:00,0.2668
2017-05-09 14:00:00,0.58
2017-05-09 15:00:00,0.7192
2017-05-09 16:00:00,0.6032
2017-05-09 17:00:00,1.0904
2017-05-09 18:00:00,0.7424
2017-05-09 19:00:00,0.7076
2017-05-09 20:00:00,0.6496
2017-05-09 21:00:00,0.7192
2017-05-09 22:00:00,0.5684
2017-05-09 23:00:00,0.6032
2017-05-10 00:00:00,0.4408
2017-05-10 01:00:00,0.348
2017-05-10 02:00:00,0.1624
2017-05-10 03:00:00,0.0928
2017-05-10 04:00:00,0.0696
2017-05-10 05:00:00,0.058
2017-05-10 06:00:00,0.0928
2017-05-10 07:00:00,0.3596
2017-05-10 08:00:00,0.812
2017-05-10 09:00:00,0.6844
2017-05-10 10:00:00,0.7656
2017-05-10 11:00:00,0.5336
2017-05-10 12:00:00,0.4408
2017-05-10 13:00:00,0.58
2017-05-10 14:00:00,0.348
2017-05-10 15:00:00,0.3712
2017-05-10 16:00:00,0.5336
2017-05-10 17:00:00,0.58
2017-05-10 18:00:00,0.3248
2017-05-10 19:00:00,0.348
2017-05-10 20:00:00,0.6264
2017-05-10 21:00:00,0.8816
2017-05-10 22:00:00,0.9048
2017-05-10 23:00:00,0.4292
2017-05-11 00:00:00,0.348
2017-05-11 01:00:00,0.3944
2017-05-11 02:00:00,0.2436
2017-05-11 03:00:00,0.2436
2017-05-11 04:00:00,0.1508
2017-05-11 05:00:00,0.2552
2017-05-11 06:00:00,0.1856
2017-05-11 07:00:00,0.2204
2017-05-11 08:00:00,0.6264
2017-05-11 09:00:00,0.6148
2017-05-11 10:00:00,0.3132
2017-05-11 11:00:00,0.29
2017-05-11 12:00:00,0.2668
2017-05-11 13:00:00,0.2668
2017-05-11 14:00:00,0.2436
2017-05-11 15:00:00,0.2436
2017-05-11 16:00:00,0.2436
2017-05-11 17:00:00,0.3132
2017-05-11 18:00:00,0.2668
2017-05-11 19:00:00,0.2088
2017-05-11 20:00:00,0.1508
2017-05-11 21:00:00,0.1624
2017-05-11 22:00:00,0.1624
2017-05-11 23:00:00,0.1624
2017-05-12 00:00:00,0.174
2017-05-12 01:00:00,0.1044
2017-05-12 02:00:00,0.1044
2017-05-12 03:00:00,0.0812
2017-05-12 04:00:00,0.058
2017-05-12 05:00:00,0.0812
2017-05-12 06:00:00,0.174
2017-05-12 07:00:00,0.464
2017-05-12 08:00:00,0.464
2017-05-12 09:00:00,0.522
2017-05-12 10:00:00,0.2204
2017-05-12 11:00:00,0.1972
2017-05-12 12:00:00,0.348
2017-05-12 13:00:00,0.174
2017-05-12 14:00:00,0.2088
2017-05-12 15:00:00,0.232
2017-05-12 16:00:00,0.2784
2017-05-12 17:00:00,0.4292
2017-05-12 18:00:00,0.3364
2017-05-12 19:00:00,0.29
2017-05-12 20:00:00,0.3712
2017-05-12 21:00:00,0.3132
2017-05-12 22:00:00,0.2552
2017-05-12 23:00:00,0.2668
2017-05-13 00:00:00,0.58
2017-05-13 01:00:00,0.7772
2017-05-13 02:00:00,0.522
2017-05-13 03:00:00,0.3248
2017-05-13 04:00:00,0.2436
2017-05-13 05:00:00,0.232
2017-05-13 06:00:00,0.29
2017-05-13 07:00:00,0.3596
2017-05-13 08:00:00,0.6148
2017-05-13 09:00:00,0.3016
2017-05-13 10:00:00,0.406
2017-05-13 11:00:00,0.406
2017-05-13 12:00:00,0.4524
2017-05-13 13:00:00,0.406
2017-05-13 14:00:00,0.7656
2017-05-13 15:00:00,0.696
2017-05-13 16:00:00,0.6612
2017-05-13 17:00:00,0.7772
2017-05-13 18:00:00,0.6728
2017-05-13 19:00:00,0.6264
2017-05-13 20:00:00,0.6612
2017-05-13 21:00:00,0.3364
2017-05-13 22:00:00,0.232
2017-05-13 23:00:00,0.2668
2017-05-14 00:00:00,0.2784
2017-05-14 01:00:00,0.6032
2017-05-14 02:00:00,0.3248
2017-05-14 03:00:00,0.3016
2017-05-14 04:00:00,0.1856
2017-05-14 05:00:00,0.1392
2017-05-14 06:00:00,0.29
2017-05-14 07:00:00,0.2668
2017-05-14 08:00:00,0.406
2017-05-14 09:00:00,0.2552
2017-05-14 10:00:00,0.29
2017-05-14 11:00:00,0.29
2017-05-14 12:00:00,0.3828
2017-05-14 13:00:00,0.406
2017-05-14 14:00:00,0.4756
2017-05-14 15:00:00,0.6612
2017-05-14 16:00:00,0.29
2017-05-14 17:00:00,0.232
2017-05-14 18:00:00,0.6032
2017-05-14 19:00:00,0.6728
2017-05-14 20:00:00,0.3828
2017-05-14 21:00:00,0.638
2017-05-14 22:00:00,0.4176
2017-05-14 23:00:00,0.4988
2017-05-15 00:00:00,0.3944
2017-05-15 01:00:00,0.2668
2017-05-15 02:00:00,0.1508
2017-05-15 03:00:00,0.1856
2017-05-15 04:00:00,0.1856
2017-05-15 05:00:00,0.0696
2017-05-15 06:00:00,0.174
2017-05-15 07:00:00,0.232
2017-05-15 08:00:00,0.4292
2017-05-15 09:00:00,0.4756
2017-05-15 10:00:00,0.3944
2017-05-15 11:00:00,0.3944
2017-05-15 12:00:00,0.6148
2017-05-15 13:00:00,0.4524
2017-05-15 14:00:00,0.3944
2017-05-15 15:00:00,0.2668
2017-05-15 16:00:00,0.2204
2017-05-15 17:00:00,0.4988
2017-05-15 18:00:00,0.5336
2017-05-15 19:00:00,0.8352
2017-05-15 20:00:00,0.3248
2017-05-15 21:00:00,0.2784
2017-05-15 22:00:00,0.3016
2017-05-15 23:00:00,0.2668
2017-05-16 00:00:00,0.29
2017-05-16 01:00:00,0.1972
2017-05-16 02:00:00,0.1392
2017-05-16 03:00:00,0.1624
2017-05-16 04:00:00,0.116
2017-05-16 05:00:00,0.1044
2017-05-16 06:00:00,0.1624
2017-05-16 07:00:00,0.2552
2017-05-16 08:00:00,0.4872
2017-05-16 09:00:00,0.4292
2017-05-16 10:00:00,0.6032
2017-05-16 11:00:00,1.1252
2017-05-16 12:00:00,0.8352
2017-05-16 13:00:00,0.7656
2017-05-16 14:00:00,0.4176
2017-05-16 15:00:00,0.4292
2017-05-16 16:00:00,0.6728
2017-05-16 17:00:00,0.812
2017-05-16 18:00:00,0.4872
2017-05-16 19:00:00,0.6844
2017-05-16 20:00:00,0.7424
2017-05-16 21:00:00,0.3712
2017-05-16 22:00:00,0.522
2017-05-16 23:00:00,0.4872
2017-05-17 00:00:00,0.7424
2017-05-17 01:00:00,0.4176
2017-05-17 02:00:00,0.1972
2017-05-17 03:00:00,0.1856
2017-05-17 04:00:00,0.1856
2017-05-17 05:00:00,0.2088
2017-05-17 06:00:00,0.2552
2017-05-17 07:00:00,0.4292
2017-05-17 08:00:00,0.812
2017-05-17 09:00:00,0.6612
2017-05-17 10:00:00,0.8352
2017-05-17 11:00:00,0.7772
2017-05-17 12:00:00,0.8584
2017-05-17 13:00:00,0.7888
2017-05-17 14:00:00,0.9396
2017-05-17 15:00:00,0.8236
2017-05-17 16:00:00,0.7192
2017-05-17 17:00:00,1.4732
2017-05-17 18:00:00,0.3712
2017-05-17 19:00:00,0.2088
2017-05-17 20:00:00,0.2088
2017-05-17 21:00:00,0.4176
2017-05-17 22:00:00,0.7192
2017-05-17 23:00:00,0.9396
2017-05-18 00:00:00,0.696
2017-05-18 01:00:00,0.2204
2017-05-18 02:00:00,0.1392
2017-05-18 03:00:00,0.0696
2017-05-18 04:00:00,0.5152333333333333
2017-05-18 05:00:00,0.0116
2017-05-18 06:00:00,0.0928
2017-05-18 07:00:00,0.2552
2017-05-18 08:00:00,0.2088
2017-05-18 09:00:00,0.5916
2017-05-18 10:00:00,0.4292
2017-05-18 11:00:00,0.348
2017-05-18 12:00:00,0.2552
2017-05-18 13:00:00,0.3712
2017-05-18 14:00:00,0.3248
2017-05-18 15:00:00,0.5104
2017-05-18 16:00:00,0.4988
2017-05-18 17:00:00,0.8004
2017-05-18 18:00:00,0.5684
2017-05-18 19:00:00,0.2668
2017-05-18 20:00:00,0.2784
2017-05-18 21:00:00,0.8816
2017-05-18 22:00:00,0.7076
2017-05-18 23:00:00,0.9512
2017-05-19 00:00:00,0.6032
2017-05-19 01:00:00,0.58
2017-05-19 02:00:00,0.2436
2017-05-19 03:00:00,0.116
2017-05-19 04:00:00,0.0464
2017-05-19 05:00:00,0.1044
2017-05-19 06:00:00,0.1276
2017-05-19 07:00:00,0.1856
2017-05-19 08:00:00,0.6032
2017-05-19 09:00:00,0.6844
2017-05-19 10:00:00,0.4524
2017-05-19 11:00:00,0.5684
2017-05-19 12:00:00,0.29
2017-05-19 13:00:00,0.4756
2017-05-19 14:00:00,0.2784
2017-05-19 15:00:00,0.3364
2017-05-19 16:00:00,0.3016
2017-05-19 17:00:00,0.6612
2017-05-19 18:00:00,0.3944
2017-05-19 19:00:00,0.4408
2017-05-19 20:00:00,0.87
2017-05-19 21:00:00,0.696
2017-05-19 22:00:00,0.4176
2017-05-19 23:00:00,0.522
2017-05-20 00:00:00,0.4988
2017-05-20 01:00:00,0.464
2017-05-20 02:00:00,0.87
2017-05-20 03:00:00,0.5568
2017-05-20 04:00:00,0.3364
2017-05-20 05:00:00,0.2204
2017-05-20 06:00:00,0.2204
2017-05-20 07:00:00,0.2552
2017-05-20 08:00:00,0.3596
2017-05-20 09:00:00,0.2552
2017-05-20 10:00:00,0.2204
2017-05-20 11:00:00,0.4872
2017-05-20 12:00:00,0.4756
2017-05-20 13:00:00,1.102
2017-05-20 14:00:00,0.58
2017-05-20 15:00:00,0.812
2017-05-20 16:00:00,0.6032
2017-05-20 17:00:00,0.4524
2017-05-20 18:00:00,0.3712
2017-05-20 19:00:00,0.348
2017-05-20 20:00:00,0.4756
2017-05-20 21:00:00,0.8352
2017-05-20 22:00:00,0.8816
2017-05-20 23:00:00,1.6588
2017-05-21 00:00:00,0.5916
2017-05-21 01:00:00,0.6264
2017-05-21 02:00:00,0.928
2017-05-21 03:00:00,0.5104
2017-05-21 04:00:00,0.6032
2017-05-21 05:00:00,0.3712
2017-05-21 06:00:00,0.3248
2017-05-21 07:00:00,0.3944
2017-05-21 08:00:00,0.3016
2017-05-21 09:00:00,0.232
2017-05-21 10:00:00,0.4756
2017-05-21 11:00:00,0.4988
2017-05-21 12:00:00,0.7076
2017-05-21 13:00:00,0.5452
2017-05-21 14:00:00,0.5684
2017-05-21 15:00:00,0.58
2017-05-21 16:00:00,0.7656
2017-05-21 17:00:00,0.6844
2017-05-21 18:00:00,0.696
2017-05-21 19:00:00,0.6032
2017-05-21 20:00:00,0.638
2017-05-21 21:00:00,0.348
2017-05-21 22:00:00,0.3828
2017-05-21 23:00:00,0.7308
2017-05-22 00:00:00,0.5336
2017-05-22 01:00:00,0.3712
2017-05-22 02:00:00,0.3712
2017-05-22 03:00:00,0.3364
2017-05-22 04:00:00,0.2436
2017-05-22 05:00:00,0.1856
2017-05-22 06:00:00,0.3248
2017-05-22 07:00:00,0.7076
2017-05-22 08:00:00,0.9976
2017-05-22 09:00:00,0.8584
2017-05-22 10:00:00,0.6728
2017-05-22 11:00:00,0.7308
2017-05-22 12:00:00,0.4872
2017-05-22 13:00:00,0.8004
2017-05-22 14:00:00,0.522
2017-05-22 15:00:00,0.638
2017-05-22 16:00:00,1.2296
2017-05-22 17:00:00,0.9048
2017-05-22 18:00:00,0.3248
2017-05-22 19:00:00,0.6496
2017-05-22 20:00:00,0.5452
2017-05-22 21:00:00,0.7656
2017-05-22 22:00:00,1.5428
2017-05-22 23:00:00,1.044
2017-05-23 00:00:00,0.6496
2017-05-23 01:00:00,0.464
2017-05-23 02:00:00,0.5104
2017-05-23 03:00:00,0.3132
2017-05-23 04:00:00,0.2088
2017-05-23 05:00:00,0.1624
2017-05-23 06:00:00,0.2784
2017-05-23 07:00:00,0.6496
2017-05-23 08:00:00,0.6032
2017-05-23 09:00:00,0.87
2017-05-23 10:00:00,0.8236
2017-05-23 11:00:00,0.6728
2017-05-23 12:00:00,0.6264
2017-05-23 13:00:00,0.8584
2017-05-23 14:00:00,0.754
2017-05-23 15:00:00,0.522
2017-05-23 16:00:00,0.5452
2017-05-23 17:00:00,0.8004
2017-05-23 18:00:00,0.7308
2017-05-23 19:00:00,0.8468
2017-05-23 20:00:00,0.9164
2017-05-23 21:00:00,0.5684
2017-05-23 22:00:00,0.6496
2017-05-23 23:00:00,0.5568
2017-05-24 00:00:00,0.522
2017-05-24 01:00:00,0.5568
2017-05-24 02:00:00,0.348
2017-05-24 03:00:00,0.3248
2017-05-24 04:00:00,0.2668
2017-05-24 05:00:00,0.232
2017-05-24 06:00:00,0.348
2017-05-24 07:00:00,0.3248
2017-05-24 08:00:00,0.3944
2017-05-24 09:00:00,0.464
2017-05-24 10:00:00,0.4524
2017-05-24 11:00:00,0.4756
2017-05-24 12:00:00,0.4524
2017-05-24 13:00:00,0.5568
2017-05-24 14:00:00,0.6264
2017-05-24 15:00:00,0.5452
2017-05-24 16:00:00,0.406
2017-05-24 17:00:00,0.3364
2017-05-24 18:00:00,0.4408
2017-05-24 19:00:00,0.812
2017-05-24 20:00:00,0.6612
2017-05-24 21:00:00,0.6264
2017-05-24 22:00:00,0.7772
2017-05-24 23:00:00,0.4988
2017-05-25 00:00:00,0.6264
2017-05-25 01:00:00,0.5336
2017-05-25 02:00:00,0.3828
2017-05-25 03:00:00,0.3828
2017-05-25 04:00:00,0.3364
2017-05-25 05:00:00,0.3132
2017-05-25 06:00:00,0.3712
2017-05-25 07:00:00,0.638
2017-05-25 08:00:00,1.0556
2017-05-25 09:00:00,0.7424
2017-05-25 10:00:00,0.9628
2017-05-25 11:00:00,1.1252
2017-05-25 12:00:00,0.8816
2017-05-25 13:00:00,1.0556
2017-05-25 14:00:00,1.2644
2017-05-25 15:00:00,1.334
2017-05-25 16:00:00,1.682
2017-05-25 17:00:00,1.6472
2017-05-25 18:00:00,0.9396
2017-05-25 19:00:00,0.7424
2017-05-25 20:00:00,0.7772
2017-05-25 21:00:00,0.754
2017-05-25 22:00:00,0.8816
2017-05-25 23:00:00,0.7424
2017-05-26 00:00:00,0.6264
2017-05-26 01:00:00,0.5452
2017-05-26 02:00:00,0.406
2017-05-26 03:00:00,0.3132
2017-05-26 04:00:00,0.3016
2017-05-26 05:00:00,0.29
2017-05-26 06:00:00,0.3596
2017-05-26 07:00:00,0.464
2017-05-26 08:00:00,0.9396
2017-05-26 09:00:00,1.4384
2017-05-26 10:00:00,1.6704
2017-05-26 11:00:00,1.2876
2017-05-26 12:00:00,1.3456
2017-05-26 13:00:00,1.4848
2017-05-26 14:00:00,0.8932
2017-05-26 15:00:00,1.1368
2017-05-26 16:00:00,0.928
2017-05-26 17:00:00,1.972
2017-05-26 18:00:00,1.6936
2017-05-26 19:00:00,1.2992
2017-05-26 20:00:00,1.1136
2017-05-26 21:00:00,1.16
2017-05-26 22:00:00,1.1136
2017-05-26 23:00:00,0.8816
2017-05-27 00:00:00,0.8004
2017-05-27 01:00:00,0.7772
2017-05-27 02:00:00,0.5916
2017-05-27 03:00:00,0.4524
2017-05-27 04:00:00,0.522
2017-05-27 05:00:00,0.5452
2017-05-27 06:00:00,0.5336
2017-05-27 07:00:00,0.754
2017-05-27 08:00:00,0.6148
2017-05-27 09:00:00,0.7424
2017-05-27 10:00:00,0.5684
2017-05-27 11:00:00,0.6148
2017-05-27 12:00:00,0.6496
2017-05-27 13:00:00,0.4408
2017-05-27 14:00:00,0.5104
2017-05-27 15:00:00,0.9744
2017-05-27 16:00:00,0.7888
2017-05-27 17:00:00,1.0324
2017-05-27 18:00:00,0.6496
2017-05-27 19:00:00,0.4292
2017-05-27 20:00:00,0.7656
2017-05-27 21:00:00,0.6148
2017-05-27 22:00:00,0.8004
2017-05-27 23:00:00,0.6496
2017-05-28 00:00:00,0.8352
2017-05-28 01:00:00,0.9164
2017-05-28 02:00:00,0.5916
2017-05-28 03:00:00,0.4524
2017-05-28 04:00:00,0.4292
2017-05-28 05:00:00,0.4756
2017-05-28 06:00:00,0.4176
2017-05-28 07:00:00,0.406
2017-05-28 08:00:00,0.4756
2017-05-28 09:00:00,0.4176
2017-05-28 10:00:00,0.464
2017-05-28 11:00:00,0.3944
2017-05-28 12:00:00,0.4872
2017-05-28 13:00:00,0.5452
2017-05-28 14:00:00,0.6612
2017-05-28 15:00:00,0.7772
2017-05-28 16:00:00,0.5336
2017-05-28 17:00:00,0.3944
2017-05-28 18:00:00,0.3828
2017-05-28 19:00:00,0.4176
2017-05-28 20:00:00,0.4988
2017-05-28 21:00:00,0.4988
2017-05-28 22:00:00,0.7192
2017-05-28 23:00:00,0.5104
2017-05-29 00:00:00,0.9048
2017-05-29 01:00:00,0.6728
2017-05-29 02:00:00,0.5336
2017-05-29 03:00:00,0.6264
2017-05-29 04:00:00,0.3828
2017-05-29 05:00:00,0.3364
2017-05-29 06:00:00,0.3944
2017-05-29 07:00:00,0.6032
2017-05-29 08:00:00,0.7424
2017-05-29 09:00:00,0.754
2017-05-29 10:00:00,0.6496
2017-05-29 11:00:00,0.6844
2017-05-29 12:00:00,0.6612
2017-05-29 13:00:00,0.5684
2017-05-29 14:00:00,0.6728
2017-05-29 15:00:00,0.5916
2017-05-29 16:00:00,0.8352
2017-05-29 17:00:00,0.7888
2017-05-29 18:00:00,0.6728
2017-05-29 19:00:00,0.5568
2017-05-29 20:00:00,0.8352
2017-05-29 21:00:00,0.9976
2017-05-29 22:00:00,0.9048
2017-05-29 23:00:00,1.1252
2017-05-30 00:00:00,0.9396
2017-05-30 01:00:00,1.2296
2017-05-30 02:00:00,0.6612
2017-05-30 03:00:00,0.6148
2017-05-30 04:00:00,0.638
2017-05-30 05:00:00,0.5916
2017-05-30 06:00:00,0.638
2017-05-30 07:00:00,0.6264
2017-05-30 08:00:00,0.6612
2017-05-30 09:00:00,1.0324
2017-05-30 10:00:00,0.7656
2017-05-30 11:00:00,0.6148
2017-05-30 12:00:00,0.8584
2017-05-30 13:00:00,0.7308
2017-05-30 14:00:00,0.7424
2017-05-30 15:00:00,0.696
2017-05-30 16:00:00,1.1832
2017-05-30 17:00:00,1.2644
2017-05-30 18:00:00,1.1136
2017-05-30 19:00:00,0.8236
2017-05-30 20:00:00,0.928
2017-05-30 21:00:00,0.8584
2017-05-30 22:00:00,0.8352
2017-05-30 23:00:00,0.986
2017-05-31 00:00:00,0.986
2017-05-31 01:00:00,0.9628
2017-05-31 02:00:00,0.9628
2017-05-31 03:00:00,0.8352
2017-05-31 04:00:00,0.6728
2017-05-31 05:00:00,0.6496
2017-05-31 06:00:00,0.6264
2017-05-31 07:00:00,0.638
2017-05-31 08:00:00,0.7076
2017-05-31 09:00:00,0.8932
2017-05-31 10:00:00,0.8004
2017-05-31 11:00:00,0.7656
2017-05-31 12:00:00,0.9512
2017-05-31 13:00:00,1.0324
2017-05-31 14:00:00,0.9048
2017-05-31 15:00:00,0.9628
2017-05-31 16:00:00,0.8468
2017-05-31 17:00:00,0.8584
2017-05-31 18:00:00,0.8236
2017-05-31 19:00:00,0.8236
2017-05-31 20:00:00,0.9164
2017-05-31 21:00:00,1.2644
2017-05-31 22:00:00,1.3108
2017-05-31 23:00:00,1.5544
2017-06-01 00:00:00,1.2644
2017-06-01 01:00:00,0.9396
2017-06-01 02:00:00,0.9512
2017-06-01 03:00:00,0.5684
2017-06-01 04:00:00,0.5916
2017-06-01 05:00:00,0.5916
2017-06-01 06:00:00,0.5568
2017-06-01 07:00:00,0.5336
2017-06-01 08:00:00,0.58
2017-06-01 09:00:00,1.0324
2017-06-01 10:00:00,0.9048
2017-06-01 11:00:00,0.9396
2017-06-01 12:00:00,1.16
2017-06-01 13:00:00,0.8352
2017-06-01 14:00:00,1.2412
2017-06-01 15:00:00,1.4384
2017-06-01 16:00:00,1.3224
2017-06-01 17:00:00,0.9744
2017-06-01 18:00:00,1.1948
2017-06-01 19:00:00,0.9512
2017-06-01 20:00:00,1.1948
2017-06-01 21:00:00,0.8816
2017-06-01 22:00:00,0.9744
2017-06-01 23:00:00,1.044
2017-06-02 00:00:00,0.8584
2017-06-02 01:00:00,1.044
2017-06-02 02:00:00,0.6148
2017-06-02 03:00:00,0.6264
2017-06-02 04:00:00,0.4872
2017-06-02 05:00:00,0.5568
2017-06-02 06:00:00,0.5916
2017-06-02 07:00:00,0.6032
2017-06-02 08:00:00,0.6496
2017-06-02 09:00:00,0.7308
2017-06-02 10:00:00,0.87
2017-06-02 11:00:00,0.7076
2017-06-02 12:00:00,0.87
2017-06-02 13:00:00,0.9628
2017-06-02 14:00:00,0.8468
2017-06-02 15:00:00,0.9048
2017-06-02 16:00:00,1.1368
2017-06-02 17:00:00,1.0556
2017-06-02 18:00:00,1.4848
2017-06-02 19:00:00,1.2296
2017-06-02 20:00:00,1.1136
2017-06-02 21:00:00,0.8236
2017-06-02 22:00:00,1.0092
2017-06-02 23:00:00,0.8932
2017-06-03 00:00:00,0.7888
2017-06-03 01:00:00,0.754
2017-06-03 02:00:00,0.6032
2017-06-03 03:00:00,0.7656
2017-06-03 04:00:00,0.6264
2017-06-03 05:00:00,0.6148
2017-06-03 06:00:00,0.6264
2017-06-03 07:00:00,0.7656
2017-06-03 08:00:00,0.7424
2017-06-03 09:00:00,0.6728
2017-06-03 10:00:00,0.696
2017-06-03 11:00:00,0.8468
2017-06-03 12:00:00,0.7308
2017-06-03 13:00:00,0.8236
2017-06-03 14:00:00,1.0672
2017-06-03 15:00:00,1.392
2017-06-03 16:00:00,1.5312
2017-06-03 17:00:00,0.9744
2017-06-03 18:00:00,0.812
2017-06-03 19:00:00,0.9212333333333333
2017-06-03 20:00:00,0.9342027777777777
2017-06-03 21:00:00,0.9501863425925926
2017-06-03 22:00:00,0.9733018711419753
2017-06-03 23:00:00,0.9964103604038067
2017-06-04 00:00:00,1.0088778904374571
2017-06-04 01:00:00,1.0320510479739118
2017-06-04 02:00:00,1.0494219686384045
2017-06-04 03:00:00,1.047940466024938
2017-06-04 04:00:00,1.019268838193683
2017-06-04 05:00:00,0.9766079080431566
2017-06-04 06:00:00,0.9767919003800863
2017-06-04 07:00:00,0.9905245587450936
2017-06-04 08:00:00,0.9962988275294071
2017-06-04 09:00:00,1.0014734983420428
2017-06-04 10:00:00,1.0057474279878302
2017-06-04 11:00:00,1.0084512243916515
2017-06-04 12:00:00,1.0094546297239717
2017-06-04 13:00:00,1.0095026913311815
2017-06-04 14:00:00,1.007623661610954
2017-06-04 15:00:00,1.0041404693586664
2017-06-04 16:00:00,1.0004904696364771
2017-06-04 17:00:00,0.9989256055900432
2017-06-04 18:00:00,1.0007854137189502
2017-06-04 19:00:00,1.0027848731638558
2017-06-04 20:00:00,1.0038065660320858
2017-06-04 21:00:00,1.0044322109073092
2017-06-04 22:00:00,1.004678770287748
2017-06-04 23:00:00,1.004589715479408
2017-06-05 00:00:00,1.0042679230700544
2017-06-05 01:00:00,1.0038356975155611
2017-06-05 02:00:00,1.0033634480309261
2017-06-05 03:00:00,1.0030084302325906
2017-06-05 04:00:00,1.0029140936387508
2017-06-05 05:00:00,1.003116062305607
2017-06-05 06:00:00,1.0034652670319042
2017-06-05 07:00:00,1.003688588141317
2017-06-05 08:00:00,1.0037638977227719
2017-06-05 09:00:00,1.003760342030329
2017-06-05 10:00:00,1.0037043529572474
2017-06-05 11:00:00,1.003623151513039
2017-06-05 12:00:00,1.0035426045158415
2017-06-05 13:00:00,1.0034821613029903
2017-06-05 14:00:00,1.0034526999519429
2017-06-05 15:00:00,1.0034601376120276
2017-06-05 16:00:00,1.0034977798936473
2017-06-05 17:00:00,1.0035464204148887
2017-06-05 18:00:00,1.0035822835906623
2017-06-05 19:00:00,1.003592034970559
2017-06-05 20:00:00,1.0092
2017-06-05 21:00:00,1.0788
2017-06-05 22:00:00,0.5916
2017-06-05 23:00:00,0.812
2017-06-06 00:00:00,0.4872
2017-06-06 01:00:00,0.4756
2017-06-06 02:00:00,0.3712
2017-06-06 03:00:00,0.3364
2017-06-06 04:00:00,0.2552
2017-06-06 05:00:00,0.2088
2017-06-06 06:00:00,0.232
2017-06-06 07:00:00,0.232
2017-06-06 08:00:00,0.348
2017-06-06 09:00:00,0.4292
2017-06-06 10:00:00,0.3016
2017-06-06 11:00:00,0.3248
2017-06-06 12:00:00,0.3712
2017-06-06 13:00:00,0.4988
2017-06-06 14:00:00,0.696
2017-06-06 15:00:00,0.8468
2017-06-06 16:00:00,0.8468
2017-06-06 17:00:00,1.102
2017-06-06 18:00:00,0.5684
2017-06-06 19:00:00,0.5916
2017-06-06 20:00:00,0.5452
2017-06-06 21:00:00,0.3132
2017-06-06 22:00:00,0.4408
2017-06-06 23:00:00,0.754
2017-06-07 00:00:00,0.4872
2017-06-07 01:00:00,0.464
2017-06-07 02:00:00,0.3248
2017-06-07 03:00:00,0.2668
2017-06-07 04:00:00,0.1972
2017-06-07 05:00:00,0.0812
2017-06-07 06:00:00,0.0696
2017-06-07 07:00:00,0.2088
2017-06-07 08:00:00,0.2784
2017-06-07 09:00:00,0.4872
2017-06-07 10:00:00,0.2668
2017-06-07 11:00:00,0.1624
2017-06-07 12:00:00,0.1856
2017-06-07 13:00:00,0.2784
2017-06-07 14:00:00,0.5568
2017-06-07 15:00:00,0.8468
2017-06-07 16:00:00,1.0324
2017-06-07 17:00:00,0.9396
2017-06-07 18:00:00,0.4524
2017-06-07 19:00:00,0.1856
2017-06-07 20:00:00,0.2088
2017-06-07 21:00:00,0.2088
2017-06-07 22:00:00,0.3016
2017-06-07 23:00:00,0.4408
2017-06-08 00:00:00,0.464
2017-06-08 01:00:00,0.5916
2017-06-08 02:00:00,0.4408
2017-06-08 03:00:00,0.3828
2017-06-08 04:00:00,0.3712
2017-06-08 05:00:00,0.3596
2017-06-08 06:00:00,0.3364
2017-06-08 07:00:00,0.4292
2017-06-08 08:00:00,0.9512
2017-06-08 09:00:00,0.9512
2017-06-08 10:00:00,0.9744
2017-06-08 11:00:00,0.8932
2017-06-08 12:00:00,0.87
2017-06-08 13:00:00,0.7772
2017-06-08 14:00:00,0.8352
2017-06-08 15:00:00,1.0324
2017-06-08 16:00:00,0.8004
2017-06-08 17:00:00,0.7192
2017-06-08 18:00:00,0.5452
2017-06-08 19:00:00,0.696
2017-06-08 20:00:00,0.5684
2017-06-08 21:00:00,0.7888
2017-06-08 22:00:00,1.3688
2017-06-08 23:00:00,1.7284
2017-06-09 00:00:00,1.5776
2017-06-09 01:00:00,1.0208
2017-06-09 02:00:00,0.5684
2017-06-09 03:00:00,0.3248
2017-06-09 04:00:00,0.2088
2017-06-09 05:00:00,0.174
2017-06-09 06:00:00,0.2436
2017-06-09 07:00:00,0.4524
2017-06-09 08:00:00,0.8816
2017-06-09 09:00:00,0.8816
2017-06-09 10:00:00,0.638
2017-06-09 11:00:00,0.754
2017-06-09 12:00:00,0.87
2017-06-09 13:00:00,0.8004
2017-06-09 14:00:00,1.0208
2017-06-09 15:00:00,1.1832
2017-06-09 16:00:00,1.218
2017-06-09 17:00:00,1.7284
2017-06-09 18:00:00,1.6356
2017-06-09 19:00:00,1.5544
2017-06-09 20:00:00,2.0996
2017-06-09 21:00:00,1.7748
2017-06-09 22:00:00,2.0184
2017-06-09 23:00:00,1.7168
2017-06-10 00:00:00,1.8096
2017-06-10 01:00:00,1.5659999999999998
2017-06-10 02:00:00,0.6612
2017-06-10 03:00:00,0.3016
2017-06-10 04:00:00,0.3132
2017-06-10 05:00:00,0.232
2017-06-10 06:00:00,0.1856
2017-06-10 07:00:00,0.2204
2017-06-10 08:00:00,0.2552
2017-06-10 09:00:00,0.2668
2017-06-10 10:00:00,0.2668
2017-06-10 11:00:00,0.2784
2017-06-10 12:00:00,0.3016
2017-06-10 13:00:00,0.2552
2017-06-10 14:00:00,0.3248
2017-06-10 15:00:00,0.4756
2017-06-10 16:00:00,0.6032
2017-06-10 17:00:00,0.5568
2017-06-10 18:00:00,0.4176
2017-06-10 19:00:00,0.3944
2017-06-10 20:00:00,1.102
2017-06-10 21:00:00,0.754
2017-06-10 22:00:00,0.7656
2017-06-10 23:00:00,0.5684
2017-06-11 00:00:00,0.5452
2017-06-11 01:00:00,0.3248
2017-06-11 02:00:00,0.29
2017-06-11 03:00:00,0.2552
2017-06-11 04:00:00,0.1856
2017-06-11 05:00:00,0.2668
2017-06-11 06:00:00,0.232
2017-06-11 07:00:00,0.232
2017-06-11 08:00:00,0.2436
2017-06-11 09:00:00,0.2436
2017-06-11 10:00:00,0.464
2017-06-11 11:00:00,0.5916
2017-06-11 12:00:00,0.3712
2017-06-11 13:00:00,0.2668
2017-06-11 14:00:00,0.3944
2017-06-11 15:00:00,0.2784
2017-06-11 16:00:00,0.348
2017-06-11 17:00:00,0.4524
2017-06-11 18:00:00,0.3828
2017-06-11 19:00:00,0.5104
2017-06-11 20:00:00,0.3712
2017-06-11 21:00:00,0.8352
2017-06-11 22:00:00,0.6612
2017-06-11 23:00:00,0.7424
2017-06-12 00:00:00,0.8932
2017-06-12 01:00:00,0.9048
2017-06-12 02:00:00,0.6844
2017-06-12 03:00:00,0.348
2017-06-12 04:00:00,0.3016
2017-06-12 05:00:00,0.2088
2017-06-12 06:00:00,0.1856
2017-06-12 07:00:00,0.2436
2017-06-12 08:00:00,0.3016
2017-06-12 09:00:00,0.3016
2017-06-12 10:00:00,0.3016
2017-06-12 11:00:00,0.3016
2017-06-12 12:00:00,0.3248
2017-06-12 13:00:00,0.4292
2017-06-12 14:00:00,0.5104
2017-06-12 15:00:00,0.3944
2017-06-12 16:00:00,0.3712
2017-06-12 17:00:00,0.4988
2017-06-12 18:00:00,0.5568
2017-06-12 19:00:00,0.6728
2017-06-12 20:00:00,0.522
2017-06-12 21:00:00,0.6844
2017-06-12 22:00:00,0.3132
2017-06-12 23:00:00,0.522
2017-06-13 00:00:00,0.3016
2017-06-13 01:00:00,0.348
2017-06-13 02:00:00,0.29
2017-06-13 03:00:00,0.1392
2017-06-13 04:00:00,0.2088
2017-06-13 05:00:00,0.1392
2017-06-13 06:00:00,0.174
2017-06-13 07:00:00,0.2552
2017-06-13 08:00:00,0.3248
2017-06-13 09:00:00,0.5568
2017-06-13 10:00:00,0.4872
2017-06-13 11:00:00,0.348
2017-06-13 12:00:00,0.29
2017-06-13 13:00:00,0.3364
2017-06-13 14:00:00,0.3944
2017-06-13 15:00:00,0.3944
2017-06-13 16:00:00,1.102
2017-06-13 17:00:00,1.0208
2017-06-13 18:00:00,0.4988
2017-06-13 19:00:00,0.3132
2017-06-13 20:00:00,0.4524
2017-06-13 21:00:00,0.5684
2017-06-13 22:00:00,0.638
2017-06-13 23:00:00,0.7656
2017-06-14 00:00:00,0.5684
2017-06-14 01:00:00,0.522
2017-06-14 02:00:00,0.3016
2017-06-14 03:00:00,0.2784
2017-06-14 04:00:00,0.2088
2017-06-14 05:00:00,0.1044
2017-06-14 06:00:00,0.2668
2017-06-14 07:00:00,0.3596
2017-06-14 08:00:00,0.1972
2017-06-14 09:00:00,0.5568
2017-06-14 10:00:00,0.4176
2017-06-14 11:00:00,0.3712
2017-06-14 12:00:00,0.3596
2017-06-14 13:00:00,0.3828
2017-06-14 14:00:00,0.3364
2017-06-14 15:00:00,0.4408
2017-06-14 16:00:00,0.464
2017-06-14 17:00:00,0.29
2017-06-14 18:00:00,0.6032
2017-06-14 19:00:00,0.4408
2017-06-14 20:00:00,0.5104
2017-06-14 21:00:00,0.6496
2017-06-14 22:00:00,0.3596
2017-06-14 23:00:00,0.3248
2017-06-15 00:00:00,0.348
2017-06-15 01:00:00,0.3132
2017-06-15 02:00:00,0.3828
2017-06-15 03:00:00,0.1856
2017-06-15 04:00:00,0.116
2017-06-15 05:00:00,0.058
2017-06-15 06:00:00,0.0812
2017-06-15 07:00:00,0.1508
2017-06-15 08:00:00,0.348
2017-06-15 09:00:00,0.3016
2017-06-15 10:00:00,0.1624
2017-06-15 11:00:00,0.0232
2017-06-15 12:00:00,0.0116
2017-06-15 13:00:00,0.2784
2017-06-15 14:00:00,0.1624
2017-06-15 15:00:00,0.2088
2017-06-15 16:00:00,0.174
2017-06-15 17:00:00,0.4408
2017-06-15 18:00:00,0.0812
2017-06-15 19:00:00,0.3364
2017-06-15 20:00:00,0.6612
2017-06-15 21:00:00,0.406
2017-06-15 22:00:00,0.3944
2017-06-15 23:00:00,0.3248
2017-06-16 00:00:00,0.29
2017-06-16 01:00:00,0.7192
2017-06-16 02:00:00,0.4176
2017-06-16 03:00:00,0.3132
2017-06-16 04:00:00,0.2204
2017-06-16 05:00:00,0.1856
2017-06-16 06:00:00,0.174
2017-06-16 07:00:00,0.2088
2017-06-16 08:00:00,0.3132
2017-06-16 09:00:00,0.3828
2017-06-16 10:00:00,0.3712
2017-06-16 11:00:00,0.2784
2017-06-16 12:00:00,0.348
2017-06-16 13:00:00,0.3944
2017-06-16 14:00:00,0.522
2017-06-16 15:00:00,0.4408
2017-06-16 16:00:00,0.5452
2017-06-16 17:00:00,0.4988
2017-06-16 18:00:00,0.4176
2017-06-16 19:00:00,0.348
2017-06-16 20:00:00,0.58
2017-06-16 21:00:00,0.6728
2017-06-16 22:00:00,0.638
2017-06-16 23:00:00,0.696
2017-06-17 00:00:00,0.6496
2017-06-17 01:00:00,0.7772
2017-06-17 02:00:00,0.5916
2017-06-17 03:00:00,0.464
2017-06-17 04:00:00,0.3944
2017-06-17 05:00:00,0.2784
2017-06-17 06:00:00,0.406
2017-06-17 07:00:00,0.4988
2017-06-17 08:00:00,0.5104
2017-06-17 09:00:00,0.348
2017-06-17 10:00:00,0.812
2017-06-17 11:00:00,0.4408
2017-06-17 12:00:00,0.3364
2017-06-17 13:00:00,0.2552
2017-06-17 14:00:00,0.6264
2017-06-17 15:00:00,0.58
2017-06-17 16:00:00,0.9396
2017-06-17 17:00:00,0.6148
2017-06-17 18:00:00,0.5336
2017-06-17 19:00:00,0.7076
2017-06-17 20:00:00,0.7192
2017-06-17 21:00:00,0.4176
2017-06-17 22:00:00,0.4176
2017-06-17 23:00:00,0.3364
2017-06-18 00:00:00,0.3132
2017-06-18 01:00:00,0.2784
2017-06-18 02:00:00,0.2204
2017-06-18 03:00:00,0.2088
2017-06-18 04:00:00,0.0232
2017-06-18 05:00:00,0.0464
2017-06-18 06:00:00,0.116
2017-06-18 07:00:00,0.0812
2017-06-18 08:00:00,0.0928
2017-06-18 09:00:00,0.0928
2017-06-18 10:00:00,0.1044
2017-06-18 11:00:00,0.2088
2017-06-18 12:00:00,0.3016
2017-06-18 13:00:00,0.406
2017-06-18 14:00:00,0.3016
2017-06-18 15:00:00,0.4872
2017-06-18 16:00:00,0.3016
2017-06-18 17:00:00,0.2668
2017-06-18 18:00:00,0.4292
2017-06-18 19:00:00,0.3944
2017-06-18 20:00:00,0.4408
2017-06-18 21:00:00,0.3248
2017-06-18 22:00:00,0.5104
2017-06-18 23:00:00,0.4872
2017-06-19 00:00:00,0.2436
2017-06-19 01:00:00,0.2784
2017-06-19 02:00:00,0.3364
2017-06-19 03:00:00,0.2668
2017-06-19 04:00:00,0.2204
2017-06-19 05:00:00,0.1856
2017-06-19 06:00:00,0.116
2017-06-19 07:00:00,0.3016
2017-06-19 08:00:00,0.5336
2017-06-19 09:00:00,0.6264
2017-06-19 10:00:00,0.4872
2017-06-19 11:00:00,0.2204
2017-06-19 12:00:00,0.1044
2017-06-19 13:00:00,0.30643333333333334
2017-06-19 14:00:00,0.058
2017-06-19 15:00:00,0.348
2017-06-19 16:00:00,0.464
2017-06-19 17:00:00,0.464
2017-06-19 18:00:00,0.2552
2017-06-19 19:00:00,0.2436
2017-06-19 20:00:00,0.2204
2017-06-19 21:00:00,0.3016
2017-06-19 22:00:00,0.406
2017-06-19 23:00:00,0.5568
2017-06-20 00:00:00,0.5104
2017-06-20 01:00:00,0.5336
2017-06-20 02:00:00,0.348
2017-06-20 03:00:00,0.1508
2017-06-20 04:00:00,0.1392
2017-06-20 05:00:00,0.34413333333333335
2017-06-20 06:00:00,0.1508
2017-06-20 07:00:00,0.232
2017-06-20 08:00:00,0.5568
2017-06-20 09:00:00,0.7308
2017-06-20 10:00:00,0.5104
2017-06-20 11:00:00,0.3132
2017-06-20 12:00:00,0.3132
2017-06-20 13:00:00,0.2552
2017-06-20 14:00:00,0.2204
2017-06-20 15:00:00,0.174
2017-06-20 16:00:00,0.29
2017-06-20 17:00:00,0.2436
2017-06-20 18:00:00,0.348
2017-06-20 19:00:00,0.232
2017-06-20 20:00:00,0.2784
2017-06-20 21:00:00,0.522
2017-06-20 22:00:00,0.3828
2017-06-20 23:00:00,0.4524
2017-06-21 00:00:00,0.3828
2017-06-21 01:00:00,0.464
2017-06-21 02:00:00,0.2668
2017-06-21 03:00:00,0.1392
2017-06-21 04:00:00,0.1044
2017-06-21 05:00:00,0.0928
2017-06-21 06:00:00,0.0464
2017-06-21 07:00:00,0.1972
2017-06-21 08:00:00,0.3596
2017-06-21 09:00:00,0.29
2017-06-21 10:00:00,0.3016
2017-06-21 11:00:00,0.29
2017-06-21 12:00:00,0.1972
2017-06-21 13:00:00,0.232
2017-06-21 14:00:00,0.3016
2017-06-21 15:00:00,0.3596
2017-06-21 16:00:00,0.4408
2017-06-21 17:00:00,0.5336
2017-06-21 18:00:00,0.5452
2017-06-21 19:00:00,0.3016
2017-06-21 20:00:00,0.4988
2017-06-21 21:00:00,0.5684
2017-06-21 22:00:00,0.4872
2017-06-21 23:00:00,0.3828
2017-06-22 00:00:00,0.5104
2017-06-22 01:00:00,0.2784
2017-06-22 02:00:00,0.29
2017-06-22 03:00:00,0.2204
2017-06-22 04:00:00,0.1856
2017-06-22 05:00:00,0.1392
2017-06-22 06:00:00,0.0928
2017-06-22 07:00:00,0.116
2017-06-22 08:00:00,0.2436
2017-06-22 09:00:00,0.2668
2017-06-22 10:00:00,0.3828
2017-06-22 11:00:00,0.3828
2017-06-22 12:00:00,0.3132
2017-06-22 13:00:00,0.348
2017-06-22 14:00:00,0.3364
2017-06-22 15:00:00,0.5452
2017-06-22 16:00:00,0.3132
2017-06-22 17:00:00,0.3132
2017-06-22 18:00:00,0.29
2017-06-22 19:00:00,0.2784
2017-06-22 20:00:00,0.3132
2017-06-22 21:00:00,0.6148
2017-06-22 22:00:00,0.406
2017-06-22 23:00:00,0.3828
2017-06-23 00:00:00,0.3828
2017-06-23 01:00:00,0.5684
2017-06-23 02:00:00,0.232
2017-06-23 03:00:00,0.0696
2017-06-23 04:00:00,0.0928
2017-06-23 05:00:00,0.0232
2017-06-23 06:00:00,0.0928
2017-06-23 07:00:00,0.0232
2017-06-23 08:00:00,0.4292
2017-06-23 09:00:00,0.406
2017-06-23 10:00:00,0.116
2017-06-23 11:00:00,0.2088
2017-06-23 12:00:00,0.0464
2017-06-23 13:00:00,0.116
2017-06-23 14:00:00,0.2552
2017-06-23 15:00:00,0.1508
2017-06-23 16:00:00,0.406
2017-06-23 17:00:00,0.3828
2017-06-23 18:00:00,0.4408
2017-06-23 19:00:00,0.3944
2017-06-23 20:00:00,0.6032
2017-06-23 21:00:00,0.7888
2017-06-23 22:00:00,0.3944
2017-06-23 23:00:00,0.8004
2017-06-24 00:00:00,0.5684
2017-06-24 01:00:00,0.638
2017-06-24 02:00:00,0.7888
2017-06-24 03:00:00,0.3596
2017-06-24 04:00:00,0.2552
2017-06-24 05:00:00,0.3944
2017-06-24 06:00:00,0.406
2017-06-24 07:00:00,0.3712
2017-06-24 08:00:00,0.4292
2017-06-24 09:00:00,0.464
2017-06-24 10:00:00,0.232
2017-06-24 11:00:00,0.3364
2017-06-24 12:00:00,0.4176
2017-06-24 13:00:00,0.6844
2017-06-24 14:00:00,0.464
2017-06-24 15:00:00,0.4292
2017-06-24 16:00:00,0.522
2017-06-24 17:00:00,0.4292
2017-06-24 18:00:00,0.4292
2017-06-24 19:00:00,0.3944
2017-06-24 20:00:00,0.4988
2017-06-24 21:00:00,0.5568
2017-06-24 22:00:00,0.4988
2017-06-24 23:00:00,0.7076
2017-06-25 00:00:00,0.9744
2017-06-25 01:00:00,0.5104
2017-06-25 02:00:00,0.3248
2017-06-25 03:00:00,0.2088
2017-06-25 04:00:00,0.2436
2017-06-25 05:00:00,0.2204
2017-06-25 06:00:00,0.2204
2017-06-25 07:00:00,0.232
2017-06-25 08:00:00,0.2088
2017-06-25 09:00:00,0.2436
2017-06-25 10:00:00,0.232
2017-06-25 11:00:00,0.2784
2017-06-25 12:00:00,0.1972
2017-06-25 13:00:00,0.2436
2017-06-25 14:00:00,0.3248
2017-06-25 15:00:00,0.3712
2017-06-25 16:00:00,0.348
2017-06-25 17:00:00,0.3944
2017-06-25 18:00:00,0.348
2017-06-25 19:00:00,0.3132
2017-06-25 20:00:00,0.4176
2017-06-25 21:00:00,0.5684
2017-06-25 22:00:00,0.522
2017-06-25 23:00:00,0.6496
2017-06-26 00:00:00,0.406
2017-06-26 01:00:00,0.5452
2017-06-26 02:00:00,0.4292
2017-06-26 03:00:00,0.348
2017-06-26 04:00:00,0.2204
2017-06-26 05:00:00,0.1972
2017-06-26 06:00:00,0.1972
2017-06-26 07:00:00,0.2436
2017-06-26 08:00:00,0.29
2017-06-26 09:00:00,0.2204
2017-06-26 10:00:00,0.232
2017-06-26 11:00:00,0.3132
2017-06-26 12:00:00,0.3364
2017-06-26 13:00:00,0.3944
2017-06-26 14:00:00,0.5452
2017-06-26 15:00:00,0.4872
2017-06-26 16:00:00,0.4988
2017-06-26 17:00:00,0.6264
2017-06-26 18:00:00,0.6148
2017-06-26 19:00:00,0.3944
2017-06-26 20:00:00,0.4756
2017-06-26 21:00:00,0.4176
2017-06-26 22:00:00,0.5916
2017-06-26 23:00:00,0.7308
2017-06-27 00:00:00,0.29
2017-06-27 01:00:00,0.29
2017-06-27 02:00:00,0.2784
2017-06-27 03:00:00,0.2436
2017-06-27 04:00:00,0.2088
2017-06-27 05:00:00,0.1276
2017-06-27 06:00:00,0.2088
2017-06-27 07:00:00,0.3712
2017-06-27 08:00:00,0.4988
2017-06-27 09:00:00,0.522
2017-06-27 10:00:00,0.5568
2017-06-27 11:00:00,0.4408
2017-06-27 12:00:00,0.5916
2017-06-27 13:00:00,0.522
2017-06-27 14:00:00,0.4408
2017-06-27 15:00:00,0.5684
2017-06-27 16:00:00,0.6032
2017-06-27 17:00:00,0.6496
2017-06-27 18:00:00,0.4872
2017-06-27 19:00:00,0.3712
2017-06-27 20:00:00,0.3712
2017-06-27 21:00:00,1.0208
2017-06-27 22:00:00,0.6496
2017-06-27 23:00:00,0.5568
2017-06-28 00:00:00,0.7192
2017-06-28 01:00:00,0.638
2017-06-28 02:00:00,0.3712
2017-06-28 03:00:00,0.2436
2017-06-28 04:00:00,0.3596
2017-06-28 05:00:00,0.1856
2017-06-28 06:00:00,0.1392
2017-06-28 07:00:00,0.2088
2017-06-28 08:00:00,0.2204
2017-06-28 09:00:00,0.3596
2017-06-28 10:00:00,0.4872
2017-06-28 11:00:00,0.3364
2017-06-28 12:00:00,0.3596
2017-06-28 13:00:00,0.4524
2017-06-28 14:00:00,0.3828
2017-06-28 15:00:00,0.5568
2017-06-28 16:00:00,0.638
2017-06-28 17:00:00,0.8468
2017-06-28 18:00:00,0.6496
2017-06-28 19:00:00,1.044
2017-06-28 20:00:00,0.8468
2017-06-28 21:00:00,0.4756
2017-06-28 22:00:00,0.7772
2017-06-28 23:00:00,0.5916
2017-06-29 00:00:00,0.5336
2017-06-29 01:00:00,0.6264
2017-06-29 02:00:00,0.406
2017-06-29 03:00:00,0.2668
2017-06-29 04:00:00,0.2088
2017-06-29 05:00:00,0.0928
2017-06-29 06:00:00,0.174
2017-06-29 07:00:00,0.174
2017-06-29 08:00:00,0.3364
2017-06-29 09:00:00,0.4408
2017-06-29 10:00:00,0.5916
2017-06-29 11:00:00,0.2436
2017-06-29 12:00:00,0.3248
2017-06-29 13:00:00,0.4756
2017-06-29 14:00:00,0.696
2017-06-29 15:00:00,0.8816
2017-06-29 16:00:00,0.8236
2017-06-29 17:00:00,0.8468
2017-06-29 18:00:00,0.9048
2017-06-29 19:00:00,0.754
2017-06-29 20:00:00,0.7192
2017-06-29 21:00:00,0.9628
2017-06-29 22:00:00,0.7888
2017-06-29 23:00:00,0.638
2017-06-30 00:00:00,0.7424
2017-06-30 01:00:00,0.6728
2017-06-30 02:00:00,0.4524
2017-06-30 03:00:00,0.2552
2017-06-30 04:00:00,0.1276
2017-06-30 05:00:00,0.116
2017-06-30 06:00:00,0.174
2017-06-30 07:00:00,0.1972
2017-06-30 08:00:00,0.2088
2017-06-30 09:00:00,0.5916
2017-06-30 10:00:00,0.4408
2017-06-30 11:00:00,0.4292
2017-06-30 12:00:00,0.2784
2017-06-30 13:00:00,0.3596
2017-06-30 14:00:00,0.3944
2017-06-30 15:00:00,0.5104
2017-06-30 16:00:00,0.8004
2017-06-30 17:00:00,0.6496
2017-06-30 18:00:00,0.696
2017-06-30 19:00:00,0.7888
2017-06-30 20:00:00,0.9976
2017-06-30 21:00:00,0.7772
2017-06-30 22:00:00,0.928
2017-06-30 23:00:00,0.7308
2017-07-01 00:00:00,0.464
2017-07-01 01:00:00,0.464
2017-07-01 02:00:00,0.4292
2017-07-01 03:00:00,0.2088
2017-07-01 04:00:00,0.174
2017-07-01 05:00:00,0.2088
2017-07-01 06:00:00,0.2204
2017-07-01 07:00:00,0.116
2017-07-01 08:00:00,0.2668
2017-07-01 09:00:00,0.406
2017-07-01 10:00:00,0.4524
2017-07-01 11:00:00,0.3596
2017-07-01 12:00:00,0.2784
2017-07-01 13:00:00,0.3016
2017-07-01 14:00:00,0.3132
2017-07-01 15:00:00,0.5684
2017-07-01 16:00:00,0.6148
2017-07-01 17:00:00,0.5452
2017-07-01 18:00:00,0.6844
2017-07-01 19:00:00,0.6728
2017-07-01 20:00:00,0.6496
2017-07-01 21:00:00,0.638
2017-07-01 22:00:00,0.3596
2017-07-01 23:00:00,0.3248
2017-07-02 00:00:00,0.58
2017-07-02 01:00:00,0.6264
2017-07-02 02:00:00,0.6728
2017-07-02 03:00:00,0.232
2017-07-02 04:00:00,0.232
2017-07-02 05:00:00,0.116
2017-07-02 06:00:00,0.116
2017-07-02 07:00:00,0.1392
2017-07-02 08:00:00,0.1972
2017-07-02 09:00:00,0.2204
2017-07-02 10:00:00,0.2204
2017-07-02 11:00:00,0.1972
2017-07-02 12:00:00,0.2436
2017-07-02 13:00:00,0.3364
2017-07-02 14:00:00,0.3596
2017-07-02 15:00:00,0.348
2017-07-02 16:00:00,0.406
2017-07-02 17:00:00,0.3712
2017-07-02 18:00:00,0.3364
2017-07-02 19:00:00,0.3248
2017-07-02 20:00:00,0.406
2017-07-02 21:00:00,0.4756
2017-07-02 22:00:00,0.464
2017-07-02 23:00:00,0.3944
2017-07-03 00:00:00,0.3828
2017-07-03 01:00:00,0.522
2017-07-03 02:00:00,0.3944
2017-07-03 03:00:00,0.3248
2017-07-03 04:00:00,0.29
2017-07-03 05:00:00,0.2784
2017-07-03 06:00:00,0.3132
2017-07-03 07:00:00,0.4524
2017-07-03 08:00:00,0.6844
2017-07-03 09:00:00,0.4292
2017-07-03 10:00:00,0.3132
2017-07-03 11:00:00,0.406
2017-07-03 12:00:00,0.58
2017-07-03 13:00:00,0.4988
2017-07-03 14:00:00,0.5104
2017-07-03 15:00:00,0.638
2017-07-03 16:00:00,0.3596
2017-07-03 17:00:00,0.6264
2017-07-03 18:00:00,0.3596
2017-07-03 19:00:00,0.3248
2017-07-03 20:00:00,0.4756
2017-07-03 21:00:00,0.4524
2017-07-03 22:00:00,0.3248
2017-07-03 23:00:00,0.406
2017-07-04 00:00:00,0.4756
2017-07-04 01:00:00,0.5104
2017-07-04 02:00:00,0.2668
2017-07-04 03:00:00,0.1624
2017-07-04 04:00:00,0.1508
2017-07-04 05:00:00,0.1972
2017-07-04 06:00:00,0.2552
2017-07-04 07:00:00,0.4408
2017-07-04 08:00:00,0.6148
2017-07-04 09:00:00,0.7076
2017-07-04 10:00:00,0.6148
2017-07-04 11:00:00,0.4292
2017-07-04 12:00:00,0.29
2017-07-04 13:00:00,0.232
2017-07-04 14:00:00,0.2436
2017-07-04 15:00:00,0.29
2017-07-04 16:00:00,0.2204
2017-07-04 17:00:00,0.2204
2017-07-04 18:00:00,0.2204
2017-07-04 19:00:00,0.1856
2017-07-04 20:00:00,0.232
2017-07-04 21:00:00,0.3596
2017-07-04 22:00:00,0.8004
2017-07-04 23:00:00,0.6612
2017-07-05 00:00:00,0.4872
2017-07-05 01:00:00,0.5452
2017-07-05 02:00:00,0.3712
2017-07-05 03:00:00,0.3248
2017-07-05 04:00:00,0.1856
2017-07-05 05:00:00,0.1856
2017-07-05 06:00:00,0.2204
2017-07-05 07:00:00,0.29
2017-07-05 08:00:00,0.3828
2017-07-05 09:00:00,0.3596
2017-07-05 10:00:00,0.3364
2017-07-05 11:00:00,0.3132
2017-07-05 12:00:00,0.3364
2017-07-05 13:00:00,0.348
2017-07-05 14:00:00,0.3828
2017-07-05 15:00:00,0.2552
2017-07-05 16:00:00,0.3132
2017-07-05 17:00:00,0.5104
2017-07-05 18:00:00,0.3944
2017-07-05 19:00:00,0.2784
2017-07-05 20:00:00,0.3132
2017-07-05 21:00:00,0.6496
2017-07-05 22:00:00,0.406
2017-07-05 23:00:00,0.5336
2017-07-06 00:00:00,0.7424
2017-07-06 01:00:00,0.464
2017-07-06 02:00:00,0.2668
2017-07-06 03:00:00,0.2088
2017-07-06 04:00:00,0.116
2017-07-06 05:00:00,0.1624
2017-07-06 06:00:00,0.3132
2017-07-06 07:00:00,0.232
2017-07-06 08:00:00,0.3596
2017-07-06 09:00:00,0.6148
2017-07-06 10:00:00,0.3944
2017-07-06 11:00:00,0.464
2017-07-06 12:00:00,0.3944
2017-07-06 13:00:00,0.3596
2017-07-06 14:00:00,0.4524
2017-07-06 15:00:00,0.7308
2017-07-06 16:00:00,0.4872
2017-07-06 17:00:00,0.522
2017-07-06 18:00:00,0.5568
2017-07-06 19:00:00,0.4756
2017-07-06 20:00:00,0.3596
2017-07-06 21:00:00,0.5684
2017-07-06 22:00:00,0.5568
2017-07-06 23:00:00,0.5452
2017-07-07 00:00:00,0.5104
2017-07-07 01:00:00,0.464
2017-07-07 02:00:00,0.4176
2017-07-07 03:00:00,0.2436
2017-07-07 04:00:00,0.2204
2017-07-07 05:00:00,0.174
2017-07-07 06:00:00,0.2668
2017-07-07 07:00:00,1.0092
2017-07-07 08:00:00,0.5916
2017-07-07 09:00:00,0.5452
2017-07-07 10:00:00,0.5452
2017-07-07 11:00:00,0.5452
2017-07-07 12:00:00,0.406
2017-07-07 13:00:00,0.4292
2017-07-07 14:00:00,0.6728
2017-07-07 15:00:00,0.6844
2017-07-07 16:00:00,0.5684
2017-07-07 17:00:00,0.4756
2017-07-07 18:00:00,0.406
2017-07-07 19:00:00,0.3828
2017-07-07 20:00:00,0.3248
2017-07-07 21:00:00,0.4988
2017-07-07 22:00:00,0.7656
2017-07-07 23:00:00,0.638
2017-07-08 00:00:00,0.87
2017-07-08 01:00:00,0.4988
2017-07-08 02:00:00,0.58
2017-07-08 03:00:00,0.3712
2017-07-08 04:00:00,0.3016
2017-07-08 05:00:00,0.2668
2017-07-08 06:00:00,0.2552
2017-07-08 07:00:00,0.4292
2017-07-08 08:00:00,0.5452
2017-07-08 09:00:00,0.3596
2017-07-08 10:00:00,0.2668
2017-07-08 11:00:00,0.2784
2017-07-08 12:00:00,0.3944
2017-07-08 13:00:00,0.406
2017-07-08 14:00:00,0.3944
2017-07-08 15:00:00,0.406
2017-07-08 16:00:00,0.6844
2017-07-08 17:00:00,0.5104
2017-07-08 18:00:00,0.4408
2017-07-08 19:00:00,0.4176
2017-07-08 20:00:00,0.406
2017-07-08 21:00:00,0.6612
2017-07-08 22:00:00,0.812
2017-07-08 23:00:00,0.87
2017-07-09 00:00:00,0.5568
2017-07-09 01:00:00,0.5336
2017-07-09 02:00:00,0.522
2017-07-09 03:00:00,0.5684
2017-07-09 04:00:00,0.4988
2017-07-09 05:00:00,0.4524
2017-07-09 06:00:00,0.3364
2017-07-09 07:00:00,0.3132
2017-07-09 08:00:00,0.3132
2017-07-09 09:00:00,0.2784
2017-07-09 10:00:00,0.4524
2017-07-09 11:00:00,0.4292
2017-07-09 12:00:00,0.3944
2017-07-09 13:00:00,0.4872
2017-07-09 14:00:00,0.5104
2017-07-09 15:00:00,0.5452
2017-07-09 16:00:00,0.4524
2017-07-09 17:00:00,0.4756
2017-07-09 18:00:00,0.4524
2017-07-09 19:00:00,0.3596
2017-07-09 20:00:00,0.522
2017-07-09 21:00:00,1.0672
2017-07-09 22:00:00,0.7308
2017-07-09 23:00:00,0.7308
2017-07-10 00:00:00,0.6496
2017-07-10 01:00:00,0.6612
2017-07-10 02:00:00,0.4988
2017-07-10 03:00:00,0.3364
2017-07-10 04:00:00,0.3132
2017-07-10 05:00:00,0.2204
2017-07-10 06:00:00,0.2784
2017-07-10 07:00:00,0.3364
2017-07-10 08:00:00,0.3944
2017-07-10 09:00:00,0.58
2017-07-10 10:00:00,0.348
2017-07-10 11:00:00,0.2204
2017-07-10 12:00:00,0.3596
2017-07-10 13:00:00,0.4756
2017-07-10 14:00:00,0.4756
2017-07-10 15:00:00,0.5336
2017-07-10 16:00:00,0.58
2017-07-10 17:00:00,0.58
2017-07-10 18:00:00,0.5104
2017-07-10 19:00:00,0.4176
2017-07-10 20:00:00,0.406
2017-07-10 21:00:00,0.3828
2017-07-10 22:00:00,0.3132
2017-07-10 23:00:00,0.2668
2017-07-11 00:00:00,0.2668
2017-07-11 01:00:00,0.232
2017-07-11 02:00:00,0.174
2017-07-11 03:00:00,0.174
2017-07-11 04:00:00,0.174
2017-07-11 05:00:00,0.2204
2017-07-11 06:00:00,0.2436
2017-07-11 07:00:00,0.3712
2017-07-11 08:00:00,0.2784
2017-07-11 09:00:00,0.3248
2017-07-11 10:00:00,0.4176
2017-07-11 11:00:00,0.3364
2017-07-11 12:00:00,0.3712
2017-07-11 13:00:00,0.4408
2017-07-11 14:00:00,0.522
2017-07-11 15:00:00,0.522
2017-07-11 16:00:00,0.7424
2017-07-11 17:00:00,1.0788
2017-07-11 18:00:00,0.754
2017-07-11 19:00:00,0.638
2017-07-11 20:00:00,0.928
2017-07-11 21:00:00,0.6264
2017-07-11 22:00:00,0.8816
2017-07-11 23:00:00,0.8352
2017-07-12 00:00:00,0.9164
2017-07-12 01:00:00,0.696
2017-07-12 02:00:00,0.6032
2017-07-12 03:00:00,0.464
2017-07-12 04:00:00,0.2088
2017-07-12 05:00:00,0.2204
2017-07-12 06:00:00,0.3248
2017-07-12 07:00:00,0.2668
2017-07-12 08:00:00,0.4176
2017-07-12 09:00:00,0.464
2017-07-12 10:00:00,0.4408
2017-07-12 11:00:00,0.3132
2017-07-12 12:00:00,0.406
2017-07-12 13:00:00,0.6612
2017-07-12 14:00:00,0.7076
2017-07-12 15:00:00,0.5104
2017-07-12 16:00:00,0.522
2017-07-12 17:00:00,0.5336
2017-07-12 18:00:00,0.5104
2017-07-12 19:00:00,0.4408
2017-07-12 20:00:00,0.58
2017-07-12 21:00:00,0.6496
2017-07-12 22:00:00,0.6264
2017-07-12 23:00:00,0.6032
2017-07-13 00:00:00,0.696
2017-07-13 01:00:00,0.5104
2017-07-13 02:00:00,0.6612
2017-07-13 03:00:00,0.4872
2017-07-13 04:00:00,0.4524
2017-07-13 05:00:00,0.4292
2017-07-13 06:00:00,0.4524
2017-07-13 07:00:00,0.5336
2017-07-13 08:00:00,0.5568
2017-07-13 09:00:00,0.7656
2017-07-13 10:00:00,0.6612
2017-07-13 11:00:00,0.3944
2017-07-13 12:00:00,0.5916
2017-07-13 13:00:00,0.5104
2017-07-13 14:00:00,0.464
2017-07-13 15:00:00,0.4872
2017-07-13 16:00:00,0.5336
2017-07-13 17:00:00,0.58
2017-07-13 18:00:00,0.522
2017-07-13 19:00:00,0.406
2017-07-13 20:00:00,0.4176
2017-07-13 21:00:00,0.3944
2017-07-13 22:00:00,0.5916
2017-07-13 23:00:00,0.4292
2017-07-14 00:00:00,0.5104
2017-07-14 01:00:00,0.406
2017-07-14 02:00:00,0.2668
2017-07-14 03:00:00,0.1392
2017-07-14 04:00:00,0.058
2017-07-14 05:00:00,0.0348
2017-07-14 06:00:00,0.116
2017-07-14 07:00:00,0.2204
2017-07-14 08:00:00,0.6264
2017-07-14 09:00:00,0.4292
2017-07-14 10:00:00,0.4408
2017-07-14 11:00:00,0.4176
2017-07-14 12:00:00,0.3712
2017-07-14 13:00:00,0.3132
2017-07-14 14:00:00,0.232
2017-07-14 15:00:00,0.58
2017-07-14 16:00:00,0.2784
2017-07-14 17:00:00,0.4524
2017-07-14 18:00:00,0.4524
2017-07-14 19:00:00,0.3016
2017-07-14 20:00:00,0.58
2017-07-14 21:00:00,0.5568
2017-07-14 22:00:00,0.5104
2017-07-14 23:00:00,0.8584
2017-07-15 00:00:00,0.5568
2017-07-15 01:00:00,0.2088
2017-07-15 02:00:00,0.232
2017-07-15 03:00:00,0.0928
2017-07-15 04:00:00,0.0928
2017-07-15 05:00:00,0.0928
2017-07-15 06:00:00,0.1508
2017-07-15 07:00:00,0.29
2017-07-15 08:00:00,0.2668
2017-07-15 09:00:00,0.1972
2017-07-15 10:00:00,0.1044
2017-07-15 11:00:00,0.1972
2017-07-15 12:00:00,0.3596
2017-07-15 13:00:00,0.348
2017-07-15 14:00:00,0.4524
2017-07-15 15:00:00,0.3132
2017-07-15 16:00:00,0.4292
2017-07-15 17:00:00,0.4872
2017-07-15 18:00:00,0.3712
2017-07-15 19:00:00,0.1856
2017-07-15 20:00:00,0.29
2017-07-15 21:00:00,0.2668
2017-07-15 22:00:00,0.3828
2017-07-15 23:00:00,0.348
2017-07-16 00:00:00,0.4292
2017-07-16 01:00:00,0.3132
2017-07-16 02:00:00,0.2552
2017-07-16 03:00:00,0.174
2017-07-16 04:00:00,0.116
2017-07-16 05:00:00,0.0696
2017-07-16 06:00:00,0.0696
2017-07-16 07:00:00,0.1392
2017-07-16 08:00:00,0.2204
2017-07-16 09:00:00,0.1972
2017-07-16 10:00:00,0.29
2017-07-16 11:00:00,0.3132
2017-07-16 12:00:00,0.4524
2017-07-16 13:00:00,0.5568
2017-07-16 14:00:00,0.5452
2017-07-16 15:00:00,0.4872
2017-07-16 16:00:00,0.522
2017-07-16 17:00:00,0.58
2017-07-16 18:00:00,0.6728
2017-07-16 19:00:00,0.6264
2017-07-16 20:00:00,0.4756
2017-07-16 21:00:00,0.3248
2017-07-16 22:00:00,0.3944
2017-07-16 23:00:00,0.348
2017-07-17 00:00:00,0.3248
2017-07-17 01:00:00,0.232
2017-07-17 02:00:00,0.2552
2017-07-17 03:00:00,0.0696
2017-07-17 04:00:00,0.1044
2017-07-17 05:00:00,0.058
2017-07-17 06:00:00,0.1508
2017-07-17 07:00:00,0.406
2017-07-17 08:00:00,0.87
2017-07-17 09:00:00,0.8584
2017-07-17 10:00:00,0.7308
2017-07-17 11:00:00,0.6264
2017-07-17 12:00:00,0.3364
2017-07-17 13:00:00,0.5568
2017-07-17 14:00:00,0.3712
2017-07-17 15:00:00,0.5104
2017-07-17 16:00:00,0.29
2017-07-17 17:00:00,0.5104
2017-07-17 18:00:00,1.044
2017-07-17 19:00:00,0.4408
2017-07-17 20:00:00,0.7192
2017-07-17 21:00:00,0.6612
2017-07-17 22:00:00,0.6148
2017-07-17 23:00:00,0.464
2017-07-18 00:00:00,0.4408
2017-07-18 01:00:00,0.2668
2017-07-18 02:00:00,0.1044
2017-07-18 03:00:00,0.0232
2017-07-18 04:00:00,0.4649666666666666
2017-07-18 05:00:00,0.4795472222222222
2017-07-18 06:00:00,0.0232
2017-07-18 07:00:00,0.348
2017-07-18 08:00:00,0.5916
2017-07-18 09:00:00,0.6728
2017-07-18 10:00:00,0.4524
2017-07-18 11:00:00,0.4872
2017-07-18 12:00:00,0.3016
2017-07-18 13:00:00,0.232
2017-07-18 14:00:00,0.406
2017-07-18 15:00:00,0.1276
2017-07-18 16:00:00,0.1508
2017-07-18 17:00:00,0.5336
2017-07-18 18:00:00,0.5916
2017-07-18 19:00:00,0.5684
2017-07-18 20:00:00,0.29
2017-07-18 21:00:00,0.464
2017-07-18 22:00:00,0.5684
2017-07-18 23:00:00,0.4292
2017-07-19 00:00:00,0.5104
2017-07-19 01:00:00,0.2668
2017-07-19 02:00:00,0.2204
2017-07-19 03:00:00,0.1508
2017-07-19 04:00:00,0.0696
2017-07-19 05:00:00,0.0696
2017-07-19 06:00:00,0.0696
2017-07-19 07:00:00,0.1044
2017-07-19 08:00:00,0.2204
2017-07-19 09:00:00,0.2088
2017-07-19 10:00:00,0.2204
2017-07-19 11:00:00,0.3132
2017-07-19 12:00:00,0.1392
2017-07-19 13:00:00,0.1392
2017-07-19 14:00:00,0.3596
2017-07-19 15:00:00,0.2204
2017-07-19 16:00:00,0.2784
2017-07-19 17:00:00,0.4176
2017-07-19 18:00:00,0.4408
2017-07-19 19:00:00,0.5452
2017-07-19 20:00:00,0.638
2017-07-19 21:00:00,0.6032
2017-07-19 22:00:00,0.3132
2017-07-19 23:00:00,0.5104
2017-07-20 00:00:00,0.3712
2017-07-20 01:00:00,0.3828
2017-07-20 02:00:00,0.406
2017-07-20 03:00:00,0.1276
2017-07-20 04:00:00,0.1044
2017-07-20 05:00:00,0.1044
2017-07-20 06:00:00,0.232
2017-07-20 07:00:00,0.232
2017-07-20 08:00:00,0.3944
2017-07-20 09:00:00,0.6032
2017-07-20 10:00:00,0.4292
2017-07-20 11:00:00,0.2088
2017-07-20 12:00:00,0.3828
2017-07-20 13:00:00,0.3828
2017-07-20 14:00:00,0.4524
2017-07-20 15:00:00,0.6496
2017-07-20 16:00:00,0.4292
2017-07-20 17:00:00,0.5568
2017-07-20 18:00:00,0.522
2017-07-20 19:00:00,0.4756
2017-07-20 20:00:00,0.3016
2017-07-20 21:00:00,0.2552
2017-07-20 22:00:00,0.3712
2017-07-20 23:00:00,0.3364
2017-07-21 00:00:00,0.4988
2017-07-21 01:00:00,0.3944
2017-07-21 02:00:00,0.2436
2017-07-21 03:00:00,0.1856
2017-07-21 04:00:00,0.0928
2017-07-21 05:00:00,0.116
2017-07-21 06:00:00,0.174
2017-07-21 07:00:00,0.2784
2017-07-21 08:00:00,0.1972
2017-07-21 09:00:00,0.2668
2017-07-21 10:00:00,0.3596
2017-07-21 11:00:00,0.5336
2017-07-21 12:00:00,0.3364
2017-07-21 13:00:00,0.4176
2017-07-21 14:00:00,0.522
2017-07-21 15:00:00,0.6612
2017-07-21 16:00:00,0.6612
2017-07-21 17:00:00,0.8468
2017-07-21 18:00:00,0.4292
2017-07-21 19:00:00,0.2784
2017-07-21 20:00:00,0.3016
2017-07-21 21:00:00,0.638
2017-07-21 22:00:00,0.4292
2017-07-21 23:00:00,0.5568
2017-07-22 00:00:00,0.4988
2017-07-22 01:00:00,0.6032
2017-07-22 02:00:00,0.3596
2017-07-22 03:00:00,0.3016
2017-07-22 04:00:00,0.1508
2017-07-22 05:00:00,0.2436
2017-07-22 06:00:00,0.2436
2017-07-22 07:00:00,0.3132
2017-07-22 08:00:00,0.3712
2017-07-22 09:00:00,0.2668
2017-07-22 10:00:00,0.2088
2017-07-22 11:00:00,0.2552
2017-07-22 12:00:00,0.3016
2017-07-22 13:00:00,0.4524
2017-07-22 14:00:00,0.5104
2017-07-22 15:00:00,0.4872
2017-07-22 16:00:00,0.406
2017-07-22 17:00:00,0.4524
2017-07-22 18:00:00,0.3944
2017-07-22 19:00:00,0.3364
2017-07-22 20:00:00,0.8932
2017-07-22 21:00:00,0.87
2017-07-22 22:00:00,0.5104
2017-07-22 23:00:00,0.7772
2017-07-23 00:00:00,0.5336
2017-07-23 01:00:00,0.7308
2017-07-23 02:00:00,0.696
2017-07-23 03:00:00,0.3596
2017-07-23 04:00:00,0.2436
2017-07-23 05:00:00,0.2204
2017-07-23 06:00:00,0.2668
2017-07-23 07:00:00,0.2552
2017-07-23 08:00:00,0.3364
2017-07-23 09:00:00,0.2204
2017-07-23 10:00:00,0.29
2017-07-23 11:00:00,0.2552
2017-07-23 12:00:00,0.3364
2017-07-23 13:00:00,0.406
2017-07-23 14:00:00,0.3828
2017-07-23 15:00:00,0.5684
2017-07-23 16:00:00,0.5684
2017-07-23 17:00:00,0.6032
2017-07-23 18:00:00,0.5336
2017-07-23 19:00:00,0.4872
2017-07-23 20:00:00,0.5104
2017-07-23 21:00:00,0.7888
2017-07-23 22:00:00,0.7424
2017-07-23 23:00:00,0.7308
2017-07-24 00:00:00,0.7424
2017-07-24 01:00:00,0.6728
2017-07-24 02:00:00,0.6496
2017-07-24 03:00:00,0.3364
2017-07-24 04:00:00,0.2668
2017-07-24 05:00:00,0.1972
2017-07-24 06:00:00,0.1624
2017-07-24 07:00:00,0.3712
2017-07-24 08:00:00,0.4408
2017-07-24 09:00:00,0.5452
2017-07-24 10:00:00,0.4176
2017-07-24 11:00:00,0.3944
2017-07-24 12:00:00,0.4756
2017-07-24 13:00:00,0.4524
2017-07-24 14:00:00,0.6496
2017-07-24 15:00:00,0.6264
2017-07-24 16:00:00,0.6612
2017-07-24 17:00:00,0.6496
2017-07-24 18:00:00,0.6032
2017-07-24 19:00:00,0.5336
2017-07-24 20:00:00,0.4756
2017-07-24 21:00:00,0.406
2017-07-24 22:00:00,0.4292
2017-07-24 23:00:00,0.3248
2017-07-25 00:00:00,0.2784
2017-07-25 01:00:00,0.29
2017-07-25 02:00:00,0.2784
2017-07-25 03:00:00,0.3828
2017-07-25 04:00:00,0.406
2017-07-25 05:00:00,0.348
2017-07-25 06:00:00,0.406
2017-07-25 07:00:00,0.5336
2017-07-25 08:00:00,0.812
2017-07-25 09:00:00,0.4872
2017-07-25 10:00:00,0.7424
2017-07-25 11:00:00,0.5336
2017-07-25 12:00:00,0.6264
2017-07-25 13:00:00,0.6728
2017-07-25 14:00:00,0.6844
2017-07-25 15:00:00,0.6844
2017-07-25 16:00:00,0.812
2017-07-25 17:00:00,0.5452
2017-07-25 18:00:00,0.638
2017-07-25 19:00:00,0.5684
2017-07-25 20:00:00,0.58
2017-07-25 21:00:00,0.6612
2017-07-25 22:00:00,0.4176
2017-07-25 23:00:00,0.87
2017-07-26 00:00:00,0.7192
2017-07-26 01:00:00,0.6032
2017-07-26 02:00:00,0.3944
2017-07-26 03:00:00,0.2436
2017-07-26 04:00:00,0.3364
2017-07-26 05:00:00,0.1044
2017-07-26 06:00:00,0.1276
2017-07-26 07:00:00,0.1624
2017-07-26 08:00:00,0.2436
2017-07-26 09:00:00,0.2552
2017-07-26 10:00:00,0.5568
2017-07-26 11:00:00,0.3828
2017-07-26 12:00:00,0.5104
2017-07-26 13:00:00,0.5452
2017-07-26 14:00:00,0.6496
2017-07-26 15:00:00,0.4176
2017-07-26 16:00:00,0.6612
2017-07-26 17:00:00,0.3828
2017-07-26 18:00:00,0.3364
2017-07-26 19:00:00,0.5916
2017-07-26 20:00:00,0.7656
2017-07-26 21:00:00,0.7308
2017-07-26 22:00:00,0.522
2017-07-26 23:00:00,0.7192
2017-07-27 00:00:00,0.4292
2017-07-27 01:00:00,0.4176
2017-07-27 02:00:00,0.29
2017-07-27 03:00:00,0.2088
2017-07-27 04:00:00,0.1624
2017-07-27 05:00:00,0.1392
2017-07-27 06:00:00,0.174
2017-07-27 07:00:00,0.4292
2017-07-27 08:00:00,0.4524
2017-07-27 09:00:00,0.348
2017-07-27 10:00:00,0.4524
2017-07-27 11:00:00,0.3248
2017-07-27 12:00:00,0.1276
2017-07-27 13:00:00,0.1856
2017-07-27 14:00:00,0.2436
2017-07-27 15:00:00,0.406
2017-07-27 16:00:00,0.2668
2017-07-27 17:00:00,0.2204
2017-07-27 18:00:00,0.2204
2017-07-27 19:00:00,0.174
2017-07-27 20:00:00,0.1392
2017-07-27 21:00:00,0.2436
2017-07-27 22:00:00,0.2784
2017-07-27 23:00:00,0.232
2017-07-28 00:00:00,0.1392
2017-07-28 01:00:00,0.116
2017-07-28 02:00:00,0.058
2017-07-28 03:00:00,0.0348
2017-07-28 04:00:00,0.17689999999999997
2017-07-28 05:00:00,0.0116
2017-07-28 06:00:00,0.0348
2017-07-28 07:00:00,0.2668
2017-07-28 08:00:00,0.4408
2017-07-28 09:00:00,0.1508
2017-07-28 10:00:00,0.2784
2017-07-28 11:00:00,0.116
2017-07-28 12:00:00,0.0464
2017-07-28 13:00:00,0.0464
2017-07-28 14:00:00,0.0348
2017-07-28 15:00:00,0.116
2017-07-28 16:00:00,0.232
2017-07-28 17:00:00,0.29
2017-07-28 18:00:00,0.2204
2017-07-28 19:00:00,0.1392
2017-07-28 20:00:00,0.1044
2017-07-28 21:00:00,0.406
2017-07-28 22:00:00,0.3132
2017-07-28 23:00:00,0.58
2017-07-29 00:00:00,0.4524
2017-07-29 01:00:00,0.2204
2017-07-29 02:00:00,0.2204
2017-07-29 03:00:00,0.1044
2017-07-29 04:00:00,0.0928
2017-07-29 05:00:00,0.1044
2017-07-29 06:00:00,0.1044
2017-07-29 07:00:00,0.2088
2017-07-29 08:00:00,0.0928
2017-07-29 09:00:00,0.1276
2017-07-29 10:00:00,0.0812
2017-07-29 11:00:00,0.29
2017-07-29 12:00:00,0.116
2017-07-29 13:00:00,0.232
2017-07-29 14:00:00,0.3248
2017-07-29 15:00:00,0.4524
2017-07-29 16:00:00,0.348
2017-07-29 17:00:00,0.2784
2017-07-29 18:00:00,0.1856
2017-07-29 19:00:00,0.1624
2017-07-29 20:00:00,0.4176
2017-07-29 21:00:00,0.6844
2017-07-29 22:00:00,1.3108
2017-07-29 23:00:00,1.0672
2017-07-30 00:00:00,0.7424
2017-07-30 01:00:00,0.5336
2017-07-30 02:00:00,0.2552
2017-07-30 03:00:00,0.1624
2017-07-30 04:00:00,0.174
2017-07-30 05:00:00,0.0348
2017-07-30 06:00:00,0.1276
2017-07-30 07:00:00,0.1044
2017-07-30 08:00:00,0.0232
2017-07-30 09:00:00,0.1044
2017-07-30 10:00:00,0.174
2017-07-30 11:00:00,0.1392
2017-07-30 12:00:00,0.2204
2017-07-30 13:00:00,0.232
2017-07-30 14:00:00,0.2784
2017-07-30 15:00:00,0.4292
2017-07-30 16:00:00,0.3828
2017-07-30 17:00:00,0.4292
2017-07-30 18:00:00,0.3712
2017-07-30 19:00:00,0.2784
2017-07-30 20:00:00,0.232
2017-07-30 21:00:00,0.8004
2017-07-30 22:00:00,0.6728
2017-07-30 23:00:00,0.4988
2017-07-31 00:00:00,0.3712
2017-07-31 01:00:00,0.29
2017-07-31 02:00:00,0.4524
2017-07-31 03:00:00,0.3132
2017-07-31 04:00:00,0.232
2017-07-31 05:00:00,0.058
2017-07-31 06:00:00,0.0928
2017-07-31 07:00:00,0.1276
2017-07-31 08:00:00,0.1392
2017-07-31 09:00:00,0.2436
2017-07-31 10:00:00,0.4292
2017-07-31 11:00:00,0.1972
2017-07-31 12:00:00,0.1624
2017-07-31 13:00:00,0.464
2017-07-31 14:00:00,0.4872
2017-07-31 15:00:00,0.5684
2017-07-31 16:00:00,0.7424
2017-07-31 17:00:00,0.5916
2017-07-31 18:00:00,0.348
2017-07-31 19:00:00,0.2552
2017-07-31 20:00:00,0.3944
2017-07-31 21:00:00,0.6032
2017-07-31 22:00:00,1.392
2017-07-31 23:00:00,0.87
2017-08-01 00:00:00,0.29
2017-08-01 01:00:00,0.5452
2017-08-01 02:00:00,0.232
2017-08-01 03:00:00,0.29
2017-08-01 04:00:00,0.1392
2017-08-01 05:00:00,0.0928
2017-08-01 06:00:00,0.1508
2017-08-01 07:00:00,0.2204
2017-08-01 08:00:00,0.3016
2017-08-01 09:00:00,0.2204
2017-08-01 10:00:00,0.1276
2017-08-01 11:00:00,0.1624
2017-08-01 12:00:00,0.1972
2017-08-01 13:00:00,0.2088
2017-08-01 14:00:00,0.2784
2017-08-01 15:00:00,0.3712
2017-08-01 16:00:00,0.5684
2017-08-01 17:00:00,0.754
2017-08-01 18:00:00,0.6496
2017-08-01 19:00:00,0.6264
2017-08-01 20:00:00,0.0696
2017-08-01 21:00:00,0.174
2017-08-01 22:00:00,0.3828
2017-08-01 23:00:00,0.1972
2017-08-02 00:00:00,0.0464
2017-08-02 01:00:00,0.0812
2017-08-02 02:00:00,0.1856
2017-08-02 03:00:00,0.0928
2017-08-02 04:00:00,0.0232
2017-08-02 05:00:00,0.0464
2017-08-02 06:00:00,0.058
2017-08-02 07:00:00,0.0116
2017-08-02 08:00:00,0.0812
2017-08-02 09:00:00,0.1624
2017-08-02 10:00:00,0.3364
2017-08-02 11:00:00,0.1508
2017-08-02 12:00:00,0.2784
2017-08-02 13:00:00,0.2436
2017-08-02 14:00:00,0.3132
2017-08-02 15:00:00,0.406
2017-08-02 16:00:00,0.2552
2017-08-02 17:00:00,0.464
2017-08-02 18:00:00,0.3132
2017-08-02 19:00:00,0.1856
2017-08-02 20:00:00,0.2668
2017-08-02 21:00:00,0.5104
2017-08-02 22:00:00,0.6728
2017-08-02 23:00:00,0.812
2017-08-03 00:00:00,0.6496
2017-08-03 01:00:00,0.3944
2017-08-03 02:00:00,0.3828
2017-08-03 03:00:00,0.1508
2017-08-03 04:00:00,0.058
2017-08-03 05:00:00,0.0116
2017-08-03 06:00:00,0.1276
2017-08-03 07:00:00,0.1624
2017-08-03 08:00:00,0.2668
2017-08-03 09:00:00,0.4756
2017-08-03 10:00:00,0.3364
2017-08-03 11:00:00,0.2204
2017-08-03 12:00:00,0.3132
2017-08-03 13:00:00,0.6032
2017-08-03 14:00:00,0.5916
2017-08-03 15:00:00,0.464
2017-08-03 16:00:00,0.4408
2017-08-03 17:00:00,0.522
2017-08-03 18:00:00,0.812
2017-08-03 19:00:00,0.9512
2017-08-03 20:00:00,1.0092
2017-08-03 21:00:00,0.6612
2017-08-03 22:00:00,0.5452
2017-08-03 23:00:00,0.9512
2017-08-04 00:00:00,0.7772
2017-08-04 01:00:00,0.522
2017-08-04 02:00:00,0.5916
2017-08-04 03:00:00,0.3828
2017-08-04 04:00:00,0.2204
2017-08-04 05:00:00,0.2088
2017-08-04 06:00:00,0.2668
2017-08-04 07:00:00,0.4292
2017-08-04 08:00:00,0.464
2017-08-04 09:00:00,0.3364
2017-08-04 10:00:00,0.406
2017-08-04 11:00:00,0.4408
2017-08-04 12:00:00,0.4756
2017-08-04 13:00:00,0.3828
2017-08-04 14:00:00,0.5104
2017-08-04 15:00:00,0.464
2017-08-04 16:00:00,0.7308
2017-08-04 17:00:00,0.696
2017-08-04 18:00:00,0.5916
2017-08-04 19:00:00,0.5104
2017-08-04 20:00:00,1.0208
2017-08-04 21:00:00,0.58
2017-08-04 22:00:00,0.4872
2017-08-04 23:00:00,0.6612
2017-08-05 00:00:00,0.522
2017-08-05 01:00:00,0.7772
2017-08-05 02:00:00,0.6612
2017-08-05 03:00:00,0.58
2017-08-05 04:00:00,0.522
2017-08-05 05:00:00,0.2436
2017-08-05 06:00:00,0.2552
2017-08-05 07:00:00,0.6148
2017-08-05 08:00:00,0.4872
2017-08-05 09:00:00,0.7656
2017-08-05 10:00:00,0.6496
2017-08-05 11:00:00,0.8584
2017-08-05 12:00:00,0.4988
2017-08-05 13:00:00,0.3828
2017-08-05 14:00:00,0.5452
2017-08-05 15:00:00,0.5336
2017-08-05 16:00:00,0.6844
2017-08-05 17:00:00,0.5916
2017-08-05 18:00:00,0.6844
2017-08-05 19:00:00,1.2064
2017-08-05 20:00:00,1.1368
2017-08-05 21:00:00,0.9744
2017-08-05 22:00:00,0.7192
2017-08-05 23:00:00,0.9744
2017-08-06 00:00:00,0.4988
2017-08-06 01:00:00,0.5336
2017-08-06 02:00:00,0.58
2017-08-06 03:00:00,0.4408
2017-08-06 04:00:00,0.522
2017-08-06 05:00:00,0.232
2017-08-06 06:00:00,0.4292
2017-08-06 07:00:00,0.4872
2017-08-06 08:00:00,0.7076
2017-08-06 09:00:00,0.6728
2017-08-06 10:00:00,0.4872
2017-08-06 11:00:00,0.3944
2017-08-06 12:00:00,0.3132
2017-08-06 13:00:00,0.3944
2017-08-06 14:00:00,0.4756
2017-08-06 15:00:00,0.4408
2017-08-06 16:00:00,0.4756
2017-08-06 17:00:00,0.4872
2017-08-06 18:00:00,0.4756
2017-08-06 19:00:00,0.4408
2017-08-06 20:00:00,1.044
2017-08-06 21:00:00,0.9048
2017-08-06 22:00:00,0.696
2017-08-06 23:00:00,0.7308
2017-08-07 00:00:00,0.8236
2017-08-07 01:00:00,1.2644
2017-08-07 02:00:00,0.9164
2017-08-07 03:00:00,0.3364
2017-08-07 04:00:00,0.3712
2017-08-07 05:00:00,0.3248
2017-08-07 06:00:00,0.3712
2017-08-07 07:00:00,0.5104
2017-08-07 08:00:00,0.696
2017-08-07 09:00:00,0.8932
2017-08-07 10:00:00,0.6264
2017-08-07 11:00:00,0.5452
2017-08-07 12:00:00,0.6728
2017-08-07 13:00:00,0.7656
2017-08-07 14:00:00,0.8004
2017-08-07 15:00:00,1.0324
2017-08-07 16:00:00,0.87
2017-08-07 17:00:00,0.7308
2017-08-07 18:00:00,0.6844
2017-08-07 19:00:00,0.5568
2017-08-07 20:00:00,0.6728
2017-08-07 21:00:00,0.7424
2017-08-07 22:00:00,0.6844
2017-08-07 23:00:00,0.4408
2017-08-08 00:00:00,0.3944
2017-08-08 01:00:00,0.5452
2017-08-08 02:00:00,0.3944
2017-08-08 03:00:00,0.3016
2017-08-08 04:00:00,0.174
2017-08-08 05:00:00,0.1276
2017-08-08 06:00:00,0.1508
2017-08-08 07:00:00,0.2552
2017-08-08 08:00:00,0.3712
2017-08-08 09:00:00,0.4524
2017-08-08 10:00:00,0.3364
2017-08-08 11:00:00,0.2436
2017-08-08 12:00:00,0.2784
2017-08-08 13:00:00,0.3944
2017-08-08 14:00:00,0.464
2017-08-08 15:00:00,0.6148
2017-08-08 16:00:00,0.9628
2017-08-08 17:00:00,0.7656
2017-08-08 18:00:00,0.4176
2017-08-08 19:00:00,0.4292
2017-08-08 20:00:00,0.8816
2017-08-08 21:00:00,1.0208
2017-08-08 22:00:00,0.6148
2017-08-08 23:00:00,0.9628
2017-08-09 00:00:00,0.4408
2017-08-09 01:00:00,1.4616
2017-08-09 02:00:00,0.7076
2017-08-09 03:00:00,0.3364
2017-08-09 04:00:00,0.2668
2017-08-09 05:00:00,0.1508
2017-08-09 06:00:00,0.232
2017-08-09 07:00:00,0.3016
2017-08-09 08:00:00,0.3596
2017-08-09 09:00:00,0.3248
2017-08-09 10:00:00,0.4524
2017-08-09 11:00:00,0.2784
2017-08-09 12:00:00,0.406
2017-08-09 13:00:00,0.522
2017-08-09 14:00:00,0.4756
2017-08-09 15:00:00,0.406
2017-08-09 16:00:00,0.3596
2017-08-09 17:00:00,0.4872
2017-08-09 18:00:00,0.348
2017-08-09 19:00:00,0.6148
2017-08-09 20:00:00,0.638
2017-08-09 21:00:00,1.2644
2017-08-09 22:00:00,1.2876
2017-08-09 23:00:00,0.9512
2017-08-10 00:00:00,0.6612
2017-08-10 01:00:00,0.4292
2017-08-10 02:00:00,0.696
2017-08-10 03:00:00,0.3016
2017-08-10 04:00:00,0.116
2017-08-10 05:00:00,0.116
2017-08-10 06:00:00,0.1856
2017-08-10 07:00:00,0.232
2017-08-10 08:00:00,0.3132
2017-08-10 09:00:00,0.8004
2017-08-10 10:00:00,0.348
2017-08-10 11:00:00,0.4872
2017-08-10 12:00:00,0.4292
2017-08-10 13:00:00,0.4988
2017-08-10 14:00:00,0.5104
2017-08-10 15:00:00,0.522
2017-08-10 16:00:00,0.6844
2017-08-10 17:00:00,0.8004
2017-08-10 18:00:00,0.406
2017-08-10 19:00:00,0.3364
2017-08-10 20:00:00,0.2668
2017-08-10 21:00:00,0.2088
2017-08-10 22:00:00,0.1856
2017-08-10 23:00:00,0.3016
2017-08-11 00:00:00,0.174
2017-08-11 01:00:00,0.4176
2017-08-11 02:00:00,0.4988
2017-08-11 03:00:00,0.348
2017-08-11 04:00:00,0.2668
2017-08-11 05:00:00,0.2668
2017-08-11 06:00:00,0.1972
2017-08-11 07:00:00,0.232
2017-08-11 08:00:00,0.3248
2017-08-11 09:00:00,0.3944
2017-08-11 10:00:00,0.3596
2017-08-11 11:00:00,0.1972
2017-08-11 12:00:00,0.3944
2017-08-11 13:00:00,0.3712
2017-08-11 14:00:00,0.5916
2017-08-11 15:00:00,0.5684
2017-08-11 16:00:00,0.8468
2017-08-11 17:00:00,0.7192
2017-08-11 18:00:00,0.6264
2017-08-11 19:00:00,0.8468
2017-08-11 20:00:00,0.8352
2017-08-11 21:00:00,0.7656
2017-08-11 22:00:00,0.9976
2017-08-11 23:00:00,0.522
2017-08-12 00:00:00,0.348
2017-08-12 01:00:00,0.2088
2017-08-12 02:00:00,0.638
2017-08-12 03:00:00,0.5104
2017-08-12 04:00:00,0.4408
2017-08-12 05:00:00,0.3016
2017-08-12 06:00:00,0.3132
2017-08-12 07:00:00,0.5104
2017-08-12 08:00:00,0.406
2017-08-12 09:00:00,0.4176
2017-08-12 10:00:00,0.406
2017-08-12 11:00:00,0.464
2017-08-12 12:00:00,0.3828
2017-08-12 13:00:00,0.464
2017-08-12 14:00:00,0.464
2017-08-12 15:00:00,0.464
2017-08-12 16:00:00,0.4292
2017-08-12 17:00:00,0.4756
2017-08-12 18:00:00,0.5336
2017-08-12 19:00:00,0.7424
2017-08-12 20:00:00,0.5104
2017-08-12 21:00:00,0.3596
2017-08-12 22:00:00,0.348
2017-08-12 23:00:00,0.3248
2017-08-13 00:00:00,0.3364
2017-08-13 01:00:00,0.3712
2017-08-13 02:00:00,0.2088
2017-08-13 03:00:00,0.0116
2017-08-13 04:00:00,0.058
2017-08-13 05:00:00,0.0232
2017-08-13 06:00:00,0.31899999999999995
2017-08-13 07:00:00,0.0928
2017-08-13 08:00:00,0.3132
2017-08-13 09:00:00,0.2668
2017-08-13 10:00:00,0.1972
2017-08-13 11:00:00,0.2552
2017-08-13 12:00:00,0.2784
2017-08-13 13:00:00,0.4292
2017-08-13 14:00:00,0.3712
2017-08-13 15:00:00,0.2552
2017-08-13 16:00:00,0.3596
2017-08-13 17:00:00,0.2552
2017-08-13 18:00:00,0.1276
2017-08-13 19:00:00,0.058
2017-08-13 20:00:00,0.1276
2017-08-13 21:00:00,0.0464
2017-08-13 22:00:00,0.0696
2017-08-13 23:00:00,0.1508
2017-08-14 00:00:00,0.21073333333333333
2017-08-14 01:00:00,0.20509444444444438
2017-08-14 02:00:00,0.0232
2017-08-14 03:00:00,0.0116
2017-08-14 04:00:00,0.13711898148148147
2017-08-14 05:00:00,0.11857889660493826
2017-08-14 06:00:00,0.0116
2017-08-14 07:00:00,0.3364
2017-08-14 08:00:00,0.3248
2017-08-14 09:00:00,0.5452
2017-08-14 10:00:00,0.4756
2017-08-14 11:00:00,0.406
2017-08-14 12:00:00,0.2088
2017-08-14 13:00:00,0.522
2017-08-14 14:00:00,0.1972
2017-08-14 15:00:00,0.3828
2017-08-14 16:00:00,0.6844
2017-08-14 17:00:00,0.87
2017-08-14 18:00:00,0.1972
2017-08-14 19:00:00,0.1276
2017-08-14 20:00:00,0.232
2017-08-14 21:00:00,0.5452
2017-08-14 22:00:00,0.5568
2017-08-14 23:00:00,0.5336
2017-08-15 00:00:00,0.1276
2017-08-15 01:00:00,0.3016
2017-08-15 02:00:00,0.2436
2017-08-15 03:00:00,0.1044
2017-08-15 04:00:00,0.0348
2017-08-15 05:00:00,0.0232
2017-08-15 06:00:00,0.058
2017-08-15 07:00:00,0.1276
2017-08-15 08:00:00,0.3132
2017-08-15 09:00:00,0.2784
2017-08-15 10:00:00,0.2552
2017-08-15 11:00:00,0.3248
2017-08-15 12:00:00,0.4756
2017-08-15 13:00:00,0.4524
2017-08-15 14:00:00,0.4176
2017-08-15 15:00:00,0.6496
2017-08-15 16:00:00,0.7656
2017-08-15 17:00:00,0.2436
2017-08-15 18:00:00,0.3364
2017-08-15 19:00:00,0.174
2017-08-15 20:00:00,0.3596
2017-08-15 21:00:00,1.2876
2017-08-15 22:00:00,0.9628
2017-08-15 23:00:00,0.5916
2017-08-16 00:00:00,0.4524
2017-08-16 01:00:00,0.3016
2017-08-16 02:00:00,0.2088
2017-08-16 03:00:00,0.0812
2017-08-16 04:00:00,0.0464
2017-08-16 05:00:00,0.0116
2017-08-16 06:00:00,0.0464
2017-08-16 07:00:00,0.1508
2017-08-16 08:00:00,0.348
2017-08-16 09:00:00,0.3364
2017-08-16 10:00:00,0.464
2017-08-16 11:00:00,0.348
2017-08-16 12:00:00,0.4176
2017-08-16 13:00:00,0.6844
2017-08-16 14:00:00,0.58
2017-08-16 15:00:00,0.5336
2017-08-16 16:00:00,0.3944
2017-08-16 17:00:00,0.3248
2017-08-16 18:00:00,0.2436
2017-08-16 19:00:00,0.1508
2017-08-16 20:00:00,0.0348
2017-08-16 21:00:00,0.5452
2017-08-16 22:00:00,0.7772
2017-08-16 23:00:00,0.6264
2017-08-17 00:00:00,0.4988
2017-08-17 01:00:00,0.3132
2017-08-17 02:00:00,0.1392
2017-08-17 03:00:00,0.174
2017-08-17 04:00:00,0.0348
2017-08-17 05:00:00,0.116
2017-08-17 06:00:00,0.1508
2017-08-17 07:00:00,0.174
2017-08-17 08:00:00,0.3712
2017-08-17 09:00:00,0.4176
2017-08-17 10:00:00,0.4756
2017-08-17 11:00:00,0.4176
2017-08-17 12:00:00,0.4176
2017-08-17 13:00:00,0.5452
2017-08-17 14:00:00,0.1856
2017-08-17 15:00:00,0.1856
2017-08-17 16:00:00,0.0696
2017-08-17 17:00:00,0.3016
2017-08-17 18:00:00,0.2552
2017-08-17 19:00:00,0.5104
2017-08-17 20:00:00,0.7772
2017-08-17 21:00:00,0.4872
2017-08-17 22:00:00,0.6032
2017-08-17 23:00:00,0.7076
2017-08-18 00:00:00,0.3596
2017-08-18 01:00:00,0.3016
2017-08-18 02:00:00,0.1624
2017-08-18 03:00:00,0.0696
2017-08-18 04:00:00,0.0812
2017-08-18 05:00:00,0.0812
2017-08-18 06:00:00,0.1624
2017-08-18 07:00:00,0.1856
2017-08-18 08:00:00,0.4292
2017-08-18 09:00:00,0.406
2017-08-18 10:00:00,0.232
2017-08-18 11:00:00,0.3596
2017-08-18 12:00:00,0.3132
2017-08-18 13:00:00,0.3132
2017-08-18 14:00:00,0.4756
2017-08-18 15:00:00,0.406
2017-08-18 16:00:00,0.6844
2017-08-18 17:00:00,0.6728
2017-08-18 18:00:00,0.2204
2017-08-18 19:00:00,0.2784
2017-08-18 20:00:00,0.2668
2017-08-18 21:00:00,1.0324
2017-08-18 22:00:00,1.2064
2017-08-18 23:00:00,0.6496
2017-08-19 00:00:00,0.6728
2017-08-19 01:00:00,0.3712
2017-08-19 02:00:00,0.29
2017-08-19 03:00:00,0.1624
2017-08-19 04:00:00,0.1044
2017-08-19 05:00:00,0.116
2017-08-19 06:00:00,0.2204
2017-08-19 07:00:00,0.3712
2017-08-19 08:00:00,0.2784
2017-08-19 09:00:00,0.1972
2017-08-19 10:00:00,0.29
2017-08-19 11:00:00,0.2204
2017-08-19 12:00:00,0.2204
2017-08-19 13:00:00,0.2436
2017-08-19 14:00:00,0.29
2017-08-19 15:00:00,0.2668
2017-08-19 16:00:00,0.3132
2017-08-19 17:00:00,0.3132
2017-08-19 18:00:00,0.1624
2017-08-19 19:00:00,0.174
2017-08-19 20:00:00,0.8816
2017-08-19 21:00:00,0.7192
2017-08-19 22:00:00,0.5452
2017-08-19 23:00:00,0.5452
2017-08-20 00:00:00,0.8584
2017-08-20 01:00:00,0.6496
2017-08-20 02:00:00,0.7424
2017-08-20 03:00:00,0.2088
2017-08-20 04:00:00,0.1276
2017-08-20 05:00:00,0.0464
2017-08-20 06:00:00,0.1972
2017-08-20 07:00:00,0.2436
2017-08-20 08:00:00,0.3364
2017-08-20 09:00:00,0.1624
2017-08-20 10:00:00,0.1972
2017-08-20 11:00:00,0.1856
2017-08-20 12:00:00,0.2784
2017-08-20 13:00:00,0.348
2017-08-20 14:00:00,0.3712
2017-08-20 15:00:00,0.5104
2017-08-20 16:00:00,0.4872
2017-08-20 17:00:00,0.522
2017-08-20 18:00:00,0.4872
2017-08-20 19:00:00,0.5568
2017-08-20 20:00:00,0.9164
2017-08-20 21:00:00,0.5336
2017-08-20 22:00:00,0.4292
2017-08-20 23:00:00,0.29
2017-08-21 00:00:00,0.464
2017-08-21 01:00:00,0.232
2017-08-21 02:00:00,0.2668
2017-08-21 03:00:00,0.174
2017-08-21 04:00:00,0.058
2017-08-21 05:00:00,0.0116
2017-08-21 06:00:00,0.058
2017-08-21 07:00:00,0.1624
2017-08-21 08:00:00,0.4988
2017-08-21 09:00:00,0.6032
2017-08-21 10:00:00,0.5568
2017-08-21 11:00:00,0.2668
2017-08-21 12:00:00,0.3132
2017-08-21 13:00:00,0.29
2017-08-21 14:00:00,0.3364
2017-08-21 15:00:00,0.522
2017-08-21 16:00:00,0.58
2017-08-21 17:00:00,0.4988
2017-08-21 18:00:00,0.2204
2017-08-21 19:00:00,0.0812
2017-08-21 20:00:00,0.0348
2017-08-21 21:00:00,0.4988
2017-08-21 22:00:00,0.3132
2017-08-21 23:00:00,0.406
2017-08-22 00:00:00,0.3596
2017-08-22 01:00:00,0.1392
2017-08-22 02:00:00,0.0232
2017-08-22 03:00:00,0.30643333333333334
2017-08-22 04:00:00,0.2884694444444445
2017-08-22 05:00:00,0.26417523148148153
2017-08-22 06:00:00,0.24462316743827164
2017-08-22 07:00:00,0.1276
2017-08-22 08:00:00,0.5336
2017-08-22 09:00:00,0.4872
2017-08-22 10:00:00,0.3016
2017-08-22 11:00:00,0.2784
2017-08-22 12:00:00,0.1276
2017-08-22 13:00:00,0.0232
2017-08-22 14:00:00,0.0348
2017-08-22 15:00:00,0.0696
2017-08-22 16:00:00,0.0928
2017-08-22 17:00:00,0.0464
2017-08-22 18:00:00,0.0464
2017-08-22 19:00:00,0.18076666666666666
2017-08-22 20:00:00,0.1276
2017-08-22 21:00:00,0.3828
2017-08-22 22:00:00,0.4292
2017-08-22 23:00:00,0.3944
2017-08-23 00:00:00,0.3132
2017-08-23 01:00:00,0.1508
2017-08-23 02:00:00,0.1508
2017-08-23 03:00:00,0.0232
2017-08-23 04:00:00,0.19486388888888892
2017-08-23 05:00:00,0.20336921296296295
2017-08-23 06:00:00,0.21644998070987653
2017-08-23 07:00:00,0.0232
2017-08-23 08:00:00,0.3364
2017-08-23 09:00:00,0.0928
2017-08-23 10:00:00,0.0928
2017-08-23 11:00:00,0.1856
2017-08-23 12:00:00,0.0696
2017-08-23 13:00:00,0.2552
2017-08-23 14:00:00,0.2668
2017-08-23 15:00:00,0.1624
2017-08-23 16:00:00,0.1624
2017-08-23 17:00:00,0.3364
2017-08-23 18:00:00,0.1276
2017-08-23 19:00:00,0.2088
2017-08-23 20:00:00,0.6264
2017-08-23 21:00:00,0.3944
2017-08-23 22:00:00,0.4292
2017-08-23 23:00:00,0.3016
2017-08-24 00:00:00,0.7308
2017-08-24 01:00:00,0.3248
2017-08-24 02:00:00,0.0116
2017-08-24 03:00:00,0.3180333333333333
2017-08-24 04:00:00,0.33100277777777776
2017-08-24 05:00:00,0.34505300925925925
2017-08-24 06:00:00,0.3457740933641975
2017-08-24 07:00:00,0.116
2017-08-24 08:00:00,0.3132
2017-08-24 09:00:00,0.2552
2017-08-24 10:00:00,0.116
2017-08-24 11:00:00,0.1624
2017-08-24 12:00:00,0.2436
2017-08-24 13:00:00,0.2552
2017-08-24 14:00:00,0.3944
2017-08-24 15:00:00,0.174
2017-08-24 16:00:00,0.1276
2017-08-24 17:00:00,0.1508
2017-08-24 18:00:00,0.2552
2017-08-24 19:00:00,0.174
2017-08-24 20:00:00,0.696
2017-08-24 21:00:00,0.6728
2017-08-24 22:00:00,0.2784
2017-08-24 23:00:00,0.2668
2017-08-25 00:00:00,0.2784
2017-08-25 01:00:00,0.174
2017-08-25 02:00:00,0.174
2017-08-25 03:00:00,0.058
2017-08-25 04:00:00,0.0696
2017-08-25 05:00:00,0.0116
2017-08-25 06:00:00,0.0348
2017-08-25 07:00:00,0.1508
2017-08-25 08:00:00,0.6496
2017-08-25 09:00:00,0.116
2017-08-25 10:00:00,0.1972
2017-08-25 11:00:00,0.232
2017-08-25 12:00:00,0.116
2017-08-25 13:00:00,0.1972
2017-08-25 14:00:00,0.3132
2017-08-25 15:00:00,0.3596
2017-08-25 16:00:00,0.2668
2017-08-25 17:00:00,0.3944
2017-08-25 18:00:00,0.3364
2017-08-25 19:00:00,0.6844
2017-08-25 20:00:00,0.8932
2017-08-25 21:00:00,0.3828
2017-08-25 22:00:00,0.5104
2017-08-25 23:00:00,0.638
2017-08-26 00:00:00,0.5452
2017-08-26 01:00:00,0.7424
2017-08-26 02:00:00,1.044
2017-08-26 03:00:00,0.3712
2017-08-26 04:00:00,0.116
2017-08-26 05:00:00,0.0232
2017-08-26 06:00:00,0.5239333333333334
2017-08-26 07:00:00,0.232
2017-08-26 08:00:00,0.2668
2017-08-26 09:00:00,0.3132
2017-08-26 10:00:00,0.232
2017-08-26 11:00:00,0.1856
2017-08-26 12:00:00,0.1276
2017-08-26 13:00:00,0.29
2017-08-26 14:00:00,0.1856
2017-08-26 15:00:00,0.058
2017-08-26 16:00:00,0.1276
2017-08-26 17:00:00,0.232
2017-08-26 18:00:00,0.1856
2017-08-26 19:00:00,1.0904
2017-08-26 20:00:00,1.6356
2017-08-26 21:00:00,0.5568
2017-08-26 22:00:00,0.7772
2017-08-26 23:00:00,0.9048
2017-08-27 00:00:00,0.7308
2017-08-27 01:00:00,0.6264
2017-08-27 02:00:00,0.7656
2017-08-27 03:00:00,0.3016
2017-08-27 04:00:00,0.1508
2017-08-27 05:00:00,0.3364
2017-08-27 06:00:00,0.3596
2017-08-27 07:00:00,0.3596
2017-08-27 08:00:00,0.3132
2017-08-27 09:00:00,0.4176
2017-08-27 10:00:00,0.2552
2017-08-27 11:00:00,0.1856
2017-08-27 12:00:00,0.3016
2017-08-27 13:00:00,0.232
2017-08-27 14:00:00,0.3248
2017-08-27 15:00:00,0.3828
2017-08-27 16:00:00,0.4524
2017-08-27 17:00:00,0.4292
2017-08-27 18:00:00,0.6844
2017-08-27 19:00:00,0.928
2017-08-27 20:00:00,0.7772
2017-08-27 21:00:00,0.5336
2017-08-27 22:00:00,0.58
2017-08-27 23:00:00,0.4988
2017-08-28 00:00:00,0.406
2017-08-28 01:00:00,0.5104
2017-08-28 02:00:00,0.2668
2017-08-28 03:00:00,0.4524
2017-08-28 04:00:00,0.3248
2017-08-28 05:00:00,0.3596
2017-08-28 06:00:00,0.2436
2017-08-28 07:00:00,0.3016
2017-08-28 08:00:00,0.3712
2017-08-28 09:00:00,0.2784
2017-08-28 10:00:00,0.2436
2017-08-28 11:00:00,0.3248
2017-08-28 12:00:00,0.5336
2017-08-28 13:00:00,0.638
2017-08-28 14:00:00,0.522
2017-08-28 15:00:00,0.406
2017-08-28 16:00:00,0.406
2017-08-28 17:00:00,0.4408
2017-08-28 18:00:00,0.3596
2017-08-28 19:00:00,0.406
2017-08-28 20:00:00,0.4756
2017-08-28 21:00:00,0.7192
2017-08-28 22:00:00,0.812
2017-08-28 23:00:00,1.0672
2017-08-29 00:00:00,0.464
2017-08-29 01:00:00,0.406
2017-08-29 02:00:00,0.232
2017-08-29 03:00:00,0.174
2017-08-29 04:00:00,0.174
2017-08-29 05:00:00,0.1624
2017-08-29 06:00:00,0.232
2017-08-29 07:00:00,0.4756
2017-08-29 08:00:00,0.9164
2017-08-29 09:00:00,1.1832
2017-08-29 10:00:00,0.5684
2017-08-29 11:00:00,0.5452
2017-08-29 12:00:00,0.6264
2017-08-29 13:00:00,0.7424
2017-08-29 14:00:00,0.6728
2017-08-29 15:00:00,0.7308
2017-08-29 16:00:00,0.7888
2017-08-29 17:00:00,0.2668
2017-08-29 18:00:00,0.1856
2017-08-29 19:00:00,0.1392
2017-08-29 20:00:00,0.2668
2017-08-29 21:00:00,0.2088
2017-08-29 22:00:00,0.638
2017-08-29 23:00:00,0.6264
2017-08-30 00:00:00,0.4988
2017-08-30 01:00:00,0.3132
2017-08-30 02:00:00,0.1392
2017-08-30 03:00:00,0.1044
2017-08-30 04:00:00,0.0812
2017-08-30 05:00:00,0.0928
2017-08-30 06:00:00,0.1508
2017-08-30 07:00:00,0.174
2017-08-30 08:00:00,0.2668
2017-08-30 09:00:00,0.58
2017-08-30 10:00:00,0.2668
2017-08-30 11:00:00,0.4408
2017-08-30 12:00:00,0.29
2017-08-30 13:00:00,0.4756
2017-08-30 14:00:00,0.2204
2017-08-30 15:00:00,0.5336
2017-08-30 16:00:00,0.5452
2017-08-30 17:00:00,0.4872
2017-08-30 18:00:00,0.1624
2017-08-30 19:00:00,0.4756
2017-08-30 20:00:00,0.9744
2017-08-30 21:00:00,0.6496
2017-08-30 22:00:00,0.5104
2017-08-30 23:00:00,0.58
2017-08-31 00:00:00,0.7076
2017-08-31 01:00:00,0.4872
2017-08-31 02:00:00,0.6496
2017-08-31 03:00:00,0.3364
2017-08-31 04:00:00,0.2088
2017-08-31 05:00:00,0.174
2017-08-31 06:00:00,0.1508
2017-08-31 07:00:00,0.4176
2017-08-31 08:00:00,0.4872
2017-08-31 09:00:00,0.6496
2017-08-31 10:00:00,0.3828
2017-08-31 11:00:00,0.2436
2017-08-31 12:00:00,0.2436
2017-08-31 13:00:00,0.3596
2017-08-31 14:00:00,0.3248
2017-08-31 15:00:00,0.6612
2017-08-31 16:00:00,0.6612
2017-08-31 17:00:00,0.3944
2017-08-31 18:00:00,0.4408
2017-08-31 19:00:00,0.4756
2017-08-31 20:00:00,1.1484
2017-08-31 21:00:00,1.1252
2017-08-31 22:00:00,0.5452
2017-08-31 23:00:00,0.7888
2017-09-01 00:00:00,0.6148
2017-09-01 01:00:00,0.4988
2017-09-01 02:00:00,0.406
2017-09-01 03:00:00,0.3364
2017-09-01 04:00:00,0.29
2017-09-01 05:00:00,0.2436
2017-09-01 06:00:00,0.3016
2017-09-01 07:00:00,0.3132
2017-09-01 08:00:00,0.4756
2017-09-01 09:00:00,0.4176
2017-09-01 10:00:00,0.3828
2017-09-01 11:00:00,0.522
2017-09-01 12:00:00,0.4756
2017-09-01 13:00:00,0.5452
2017-09-01 14:00:00,0.6496
2017-09-01 15:00:00,0.8352
2017-09-01 16:00:00,0.7192
2017-09-01 17:00:00,0.87
2017-09-01 18:00:00,0.6844
2017-09-01 19:00:00,1.0092
2017-09-01 20:00:00,1.2992
2017-09-01 21:00:00,1.2528
2017-09-01 22:00:00,0.8004
2017-09-01 23:00:00,0.6496
2017-09-02 00:00:00,0.7308
2017-09-02 01:00:00,0.7076
2017-09-02 02:00:00,0.87
2017-09-02 03:00:00,0.4988
2017-09-02 04:00:00,0.4408
2017-09-02 05:00:00,0.4176
2017-09-02 06:00:00,0.4408
2017-09-02 07:00:00,0.4872
2017-09-02 08:00:00,0.6148
2017-09-02 09:00:00,0.5684
2017-09-02 10:00:00,0.5104
2017-09-02 11:00:00,0.638
2017-09-02 12:00:00,0.638
2017-09-02 13:00:00,0.6032
2017-09-02 14:00:00,0.6032
2017-09-02 15:00:00,0.638
2017-09-02 16:00:00,0.6612
2017-09-02 17:00:00,0.638
2017-09-02 18:00:00,0.58
2017-09-02 19:00:00,0.6612
2017-09-02 20:00:00,1.2876
2017-09-02 21:00:00,1.3804
2017-09-02 22:00:00,1.1368
2017-09-02 23:00:00,0.8584
2017-09-03 00:00:00,0.6264
2017-09-03 01:00:00,0.5452
2017-09-03 02:00:00,0.6032
2017-09-03 03:00:00,0.5336
2017-09-03 04:00:00,0.464
2017-09-03 05:00:00,0.7192
2017-09-03 06:00:00,0.6148
2017-09-03 07:00:00,0.6148
2017-09-03 08:00:00,0.4408
2017-09-03 09:00:00,0.6264
2017-09-03 10:00:00,0.6496
2017-09-03 11:00:00,0.5104
2017-09-03 12:00:00,0.3944
2017-09-03 13:00:00,0.348
2017-09-03 14:00:00,0.3712
2017-09-03 15:00:00,0.5104
2017-09-03 16:00:00,0.5452
2017-09-03 17:00:00,0.464
2017-09-03 18:00:00,0.4872
2017-09-03 19:00:00,0.4988
2017-09-03 20:00:00,0.7772
2017-09-03 21:00:00,0.6032
2017-09-03 22:00:00,1.0672
2017-09-03 23:00:00,0.8816
2017-09-04 00:00:00,0.7772
2017-09-04 01:00:00,0.7192
2017-09-04 02:00:00,0.3712
2017-09-04 03:00:00,0.2088
2017-09-04 04:00:00,0.2088
2017-09-04 05:00:00,0.2088
2017-09-04 06:00:00,0.2204
2017-09-04 07:00:00,0.1972
2017-09-04 08:00:00,0.4408
2017-09-04 09:00:00,0.3248
2017-09-04 10:00:00,0.3132
2017-09-04 11:00:00,0.348
2017-09-04 12:00:00,0.2436
2017-09-04 13:00:00,0.2436
2017-09-04 14:00:00,0.5568
2017-09-04 15:00:00,0.3596
2017-09-04 16:00:00,0.406
2017-09-04 17:00:00,0.3132
2017-09-04 18:00:00,0.1972
2017-09-04 19:00:00,0.2784
2017-09-04 20:00:00,0.406
2017-09-04 21:00:00,0.8584
2017-09-04 22:00:00,0.6612
2017-09-04 23:00:00,0.8236
2017-09-05 00:00:00,0.6264
2017-09-05 01:00:00,0.3596
2017-09-05 02:00:00,0.174
2017-09-05 03:00:00,0.058
2017-09-05 04:00:00,0.1044
2017-09-05 05:00:00,0.1276
2017-09-05 06:00:00,0.1508
2017-09-05 07:00:00,0.232
2017-09-05 08:00:00,0.348
2017-09-05 09:00:00,0.6148
2017-09-05 10:00:00,0.5916
2017-09-05 11:00:00,0.4988
2017-09-05 12:00:00,0.5568
2017-09-05 13:00:00,0.5336
2017-09-05 14:00:00,0.2784
2017-09-05 15:00:00,0.3016
2017-09-05 16:00:00,0.464
2017-09-05 17:00:00,0.522
2017-09-05 18:00:00,0.3132
2017-09-05 19:00:00,0.2668
2017-09-05 20:00:00,0.6148
2017-09-05 21:00:00,0.6496
2017-09-05 22:00:00,0.348
2017-09-05 23:00:00,0.406
2017-09-06 00:00:00,0.348
2017-09-06 01:00:00,0.3364
2017-09-06 02:00:00,0.1624
2017-09-06 03:00:00,0.1508
2017-09-06 04:00:00,0.1508
2017-09-06 05:00:00,0.174
2017-09-06 06:00:00,0.1392
2017-09-06 07:00:00,0.2552
2017-09-06 08:00:00,0.522
2017-09-06 09:00:00,0.4988
2017-09-06 10:00:00,0.3944
2017-09-06 11:00:00,0.5104
2017-09-06 12:00:00,0.5452
2017-09-06 13:00:00,0.3712
2017-09-06 14:00:00,0.3364
2017-09-06 15:00:00,0.29
2017-09-06 16:00:00,0.3944
2017-09-06 17:00:00,0.5452
2017-09-06 18:00:00,0.2552
2017-09-06 19:00:00,0.348
2017-09-06 20:00:00,1.3572
2017-09-06 21:00:00,1.7748
2017-09-06 22:00:00,0.986
2017-09-06 23:00:00,0.638
2017-09-07 00:00:00,0.5336
2017-09-07 01:00:00,0.1856
2017-09-07 02:00:00,0.3248
2017-09-07 03:00:00,0.2088
2017-09-07 04:00:00,0.2552
2017-09-07 05:00:00,0.0928
2017-09-07 06:00:00,0.1276
2017-09-07 07:00:00,0.232
2017-09-07 08:00:00,0.4756
2017-09-07 09:00:00,0.464
2017-09-07 10:00:00,0.116
2017-09-07 11:00:00,0.116
2017-09-07 12:00:00,0.1972
2017-09-07 13:00:00,0.174
2017-09-07 14:00:00,0.1856
2017-09-07 15:00:00,0.232
2017-09-07 16:00:00,0.232
2017-09-07 17:00:00,0.174
2017-09-07 18:00:00,0.116
2017-09-07 19:00:00,0.3828
2017-09-07 20:00:00,0.8932
2017-09-07 21:00:00,0.9976
2017-09-07 22:00:00,1.1136
2017-09-07 23:00:00,1.1484
2017-09-08 00:00:00,0.6728
2017-09-08 01:00:00,0.4524
2017-09-08 02:00:00,0.2088
2017-09-08 03:00:00,0.2088
2017-09-08 04:00:00,0.1508
2017-09-08 05:00:00,0.0812
2017-09-08 06:00:00,0.2436
2017-09-08 07:00:00,0.3132
2017-09-08 08:00:00,0.2552
2017-09-08 09:00:00,0.2552
2017-09-08 10:00:00,0.3132
2017-09-08 11:00:00,0.3364
2017-09-08 12:00:00,0.116
2017-09-08 13:00:00,0.1392
2017-09-08 14:00:00,0.174
2017-09-08 15:00:00,0.1972
2017-09-08 16:00:00,0.2784
2017-09-08 17:00:00,0.1508
2017-09-08 18:00:00,0.2088
2017-09-08 19:00:00,0.4988
2017-09-08 20:00:00,0.7888
2017-09-08 21:00:00,0.7888
2017-09-08 22:00:00,0.7656
2017-09-08 23:00:00,0.7308
2017-09-09 00:00:00,0.9164
2017-09-09 01:00:00,0.9744
2017-09-09 02:00:00,0.812
2017-09-09 03:00:00,0.4872
2017-09-09 04:00:00,0.3364
2017-09-09 05:00:00,0.232
2017-09-09 06:00:00,0.348
2017-09-09 07:00:00,0.4524
2017-09-09 08:00:00,0.4988
2017-09-09 09:00:00,0.3596
2017-09-09 10:00:00,0.2784
2017-09-09 11:00:00,0.2784
2017-09-09 12:00:00,0.3596
2017-09-09 13:00:00,0.2436
2017-09-09 14:00:00,0.2088
2017-09-09 15:00:00,0.3364
2017-09-09 16:00:00,0.6612
2017-09-09 17:00:00,0.4292
2017-09-09 18:00:00,0.29
2017-09-09 19:00:00,0.2204
2017-09-09 20:00:00,0.3364
2017-09-09 21:00:00,0.464
2017-09-09 22:00:00,0.7308
2017-09-09 23:00:00,0.8468
2017-09-10 00:00:00,0.5684
2017-09-10 01:00:00,0.4176
2017-09-10 02:00:00,0.4524
2017-09-10 03:00:00,0.3828
2017-09-10 04:00:00,0.232
2017-09-10 05:00:00,0.2088
2017-09-10 06:00:00,0.2552
2017-09-10 07:00:00,0.174
2017-09-10 08:00:00,0.2784
2017-09-10 09:00:00,0.2552
2017-09-10 10:00:00,0.3132
2017-09-10 11:00:00,0.174
2017-09-10 12:00:00,0.1392
2017-09-10 13:00:00,0.174
2017-09-10 14:00:00,0.1856
2017-09-10 15:00:00,0.1508
2017-09-10 16:00:00,0.1972
2017-09-10 17:00:00,0.1856
2017-09-10 18:00:00,0.174
2017-09-10 19:00:00,0.6728
2017-09-10 20:00:00,1.392
2017-09-10 21:00:00,0.8932
2017-09-10 22:00:00,0.7308
2017-09-10 23:00:00,0.754
2017-09-11 00:00:00,0.5104
2017-09-11 01:00:00,0.3712
2017-09-11 02:00:00,0.3016
2017-09-11 03:00:00,0.2088
2017-09-11 04:00:00,0.2204
2017-09-11 05:00:00,0.1972
2017-09-11 06:00:00,0.3596
2017-09-11 07:00:00,0.5104
2017-09-11 08:00:00,0.8816
2017-09-11 09:00:00,0.638
2017-09-11 10:00:00,0.3712
2017-09-11 11:00:00,0.5104
2017-09-11 12:00:00,0.406
2017-09-11 13:00:00,0.3364
2017-09-11 14:00:00,0.348
2017-09-11 15:00:00,0.3828
2017-09-11 16:00:00,0.4176
2017-09-11 17:00:00,0.5104
2017-09-11 18:00:00,0.3596
2017-09-11 19:00:00,0.638
2017-09-11 20:00:00,0.5104
2017-09-11 21:00:00,0.8236
2017-09-11 22:00:00,0.7192
2017-09-11 23:00:00,0.6844
2017-09-12 00:00:00,0.4872
2017-09-12 01:00:00,0.348
2017-09-12 02:00:00,0.3944
2017-09-12 03:00:00,0.2552
2017-09-12 04:00:00,0.2088
2017-09-12 05:00:00,0.2204
2017-09-12 06:00:00,0.2668
2017-09-12 07:00:00,0.6496
2017-09-12 08:00:00,0.6496
2017-09-12 09:00:00,0.4176
2017-09-12 10:00:00,0.464
2017-09-12 11:00:00,0.406
2017-09-12 12:00:00,0.4408
2017-09-12 13:00:00,0.6264
2017-09-12 14:00:00,0.7308
2017-09-12 15:00:00,0.6496
2017-09-12 16:00:00,0.3712
2017-09-12 17:00:00,0.928
2017-09-12 18:00:00,0.87
2017-09-12 19:00:00,0.812
2017-09-12 20:00:00,0.4872
2017-09-12 21:00:00,0.4524
2017-09-12 22:00:00,0.2784
2017-09-12 23:00:00,0.2204
2017-09-13 00:00:00,0.4524
2017-09-13 01:00:00,0.3596
2017-09-13 02:00:00,0.3828
2017-09-13 03:00:00,0.2668
2017-09-13 04:00:00,0.1972
2017-09-13 05:00:00,0.1856
2017-09-13 06:00:00,0.2784
2017-09-13 07:00:00,0.464
2017-09-13 08:00:00,0.8816
2017-09-13 09:00:00,0.6148
2017-09-13 10:00:00,0.6032
2017-09-13 11:00:00,0.2204
2017-09-13 12:00:00,0.2552
2017-09-13 13:00:00,0.2784
2017-09-13 14:00:00,0.2552
2017-09-13 15:00:00,0.3596
2017-09-13 16:00:00,0.5336
2017-09-13 17:00:00,0.2668
2017-09-13 18:00:00,0.3132
2017-09-13 19:00:00,0.8004
2017-09-13 20:00:00,0.4756
2017-09-13 21:00:00,0.812
2017-09-13 22:00:00,0.58
2017-09-13 23:00:00,0.2668
2017-09-14 00:00:00,0.3828
2017-09-14 01:00:00,0.232
2017-09-14 02:00:00,0.1972
2017-09-14 03:00:00,0.1392
2017-09-14 04:00:00,0.0348
2017-09-14 05:00:00,0.0232
2017-09-14 06:00:00,0.1276
2017-09-14 07:00:00,0.1044
2017-09-14 08:00:00,0.2784
2017-09-14 09:00:00,0.7308
2017-09-14 10:00:00,0.6032
2017-09-14 11:00:00,0.4872
2017-09-14 12:00:00,0.2436
2017-09-14 13:00:00,0.2552
2017-09-14 14:00:00,0.2784
2017-09-14 15:00:00,0.3712
2017-09-14 16:00:00,0.3944
2017-09-14 17:00:00,0.3016
2017-09-14 18:00:00,0.232
2017-09-14 19:00:00,0.9744
2017-09-14 20:00:00,1.0092
2017-09-14 21:00:00,0.4988
2017-09-14 22:00:00,0.928
2017-09-14 23:00:00,0.5104
2017-09-15 00:00:00,1.1716
2017-09-15 01:00:00,0.464
2017-09-15 02:00:00,0.3132
2017-09-15 03:00:00,0.1624
2017-09-15 04:00:00,0.1276
2017-09-15 05:00:00,0.0696
2017-09-15 06:00:00,0.2204
2017-09-15 07:00:00,0.3248
2017-09-15 08:00:00,0.5684
2017-09-15 09:00:00,0.3596
2017-09-15 10:00:00,0.6264
2017-09-15 11:00:00,0.2668
2017-09-15 12:00:00,0.4292
2017-09-15 13:00:00,0.638
2017-09-15 14:00:00,0.4176
2017-09-15 15:00:00,0.29
2017-09-15 16:00:00,0.3828
2017-09-15 17:00:00,0.3364
2017-09-15 18:00:00,0.3016
2017-09-15 19:00:00,1.4732
2017-09-15 20:00:00,1.624
2017-09-15 21:00:00,0.986
2017-09-15 22:00:00,0.9976
2017-09-15 23:00:00,0.7308
2017-09-16 00:00:00,0.5684
2017-09-16 01:00:00,0.6612
2017-09-16 02:00:00,0.5452
2017-09-16 03:00:00,0.29
2017-09-16 04:00:00,0.3016
2017-09-16 05:00:00,0.1508
2017-09-16 06:00:00,0.3132
2017-09-16 07:00:00,0.29
2017-09-16 08:00:00,0.4408
2017-09-16 09:00:00,0.5568
2017-09-16 10:00:00,0.4292
2017-09-16 11:00:00,0.4988
2017-09-16 12:00:00,0.5452
2017-09-16 13:00:00,0.522
2017-09-16 14:00:00,0.5104
2017-09-16 15:00:00,0.4872
2017-09-16 16:00:00,0.522
2017-09-16 17:00:00,0.4756
2017-09-16 18:00:00,1.0208
2017-09-16 19:00:00,1.5312
2017-09-16 20:00:00,1.5544
2017-09-16 21:00:00,0.7424
2017-09-16 22:00:00,0.87
2017-09-16 23:00:00,0.6032
2017-09-17 00:00:00,0.638
2017-09-17 01:00:00,0.522
2017-09-17 02:00:00,0.6496
2017-09-17 03:00:00,0.58
2017-09-17 04:00:00,0.5336
2017-09-17 05:00:00,0.2668
2017-09-17 06:00:00,0.3016
2017-09-17 07:00:00,0.3944
2017-09-17 08:00:00,0.3016
2017-09-17 09:00:00,0.3944
2017-09-17 10:00:00,0.3828
2017-09-17 11:00:00,0.3016
2017-09-17 12:00:00,0.3944
2017-09-17 13:00:00,0.348
2017-09-17 14:00:00,0.464
2017-09-17 15:00:00,0.4524
2017-09-17 16:00:00,0.5916
2017-09-17 17:00:00,0.6496
2017-09-17 18:00:00,1.1484
2017-09-17 19:00:00,1.682
2017-09-17 20:00:00,1.3108
2017-09-17 21:00:00,1.8328
2017-09-17 22:00:00,1.6124
2017-09-17 23:00:00,1.7168
2017-09-18 00:00:00,1.508
2017-09-18 01:00:00,1.4848
2017-09-18 02:00:00,1.5312
2017-09-18 03:00:00,0.6148
2017-09-18 04:00:00,0.4988
2017-09-18 05:00:00,0.348
2017-09-18 06:00:00,0.4524
2017-09-18 07:00:00,0.5684
2017-09-18 08:00:00,1.276
2017-09-18 09:00:00,0.6844
2017-09-18 10:00:00,1.1136
2017-09-18 11:00:00,0.5452
2017-09-18 12:00:00,0.6264
2017-09-18 13:00:00,0.2784
2017-09-18 14:00:00,0.406
2017-09-18 15:00:00,0.5568
2017-09-18 16:00:00,0.696
2017-09-18 17:00:00,0.4872
2017-09-18 18:00:00,0.9048
2017-09-18 19:00:00,1.276
2017-09-18 20:00:00,0.8584
2017-09-18 21:00:00,0.7772
2017-09-18 22:00:00,0.638
2017-09-18 23:00:00,0.4872
2017-09-19 00:00:00,0.4408
2017-09-19 01:00:00,0.4872
2017-09-19 02:00:00,0.3712
2017-09-19 03:00:00,0.2436
2017-09-19 04:00:00,0.1856
2017-09-19 05:00:00,0.2204
2017-09-19 06:00:00,0.3596
2017-09-19 07:00:00,0.5916
2017-09-19 08:00:00,0.58
2017-09-19 09:00:00,0.5916
2017-09-19 10:00:00,0.6728
2017-09-19 11:00:00,0.3132
2017-09-19 12:00:00,0.3132
2017-09-19 13:00:00,0.2552
2017-09-19 14:00:00,0.3016
2017-09-19 15:00:00,0.3248
2017-09-19 16:00:00,0.348
2017-09-19 17:00:00,0.8004
2017-09-19 18:00:00,0.8932
2017-09-19 19:00:00,1.0672
2017-09-19 20:00:00,0.4176
2017-09-19 21:00:00,0.3016
2017-09-19 22:00:00,0.2436
2017-09-19 23:00:00,0.2552
2017-09-20 00:00:00,0.348
2017-09-20 01:00:00,0.29
2017-09-20 02:00:00,0.3364
2017-09-20 03:00:00,0.1856
2017-09-20 04:00:00,0.2552
2017-09-20 05:00:00,0.2436
2017-09-20 06:00:00,0.3596
2017-09-20 07:00:00,0.4756
2017-09-20 08:00:00,0.6032
2017-09-20 09:00:00,0.6612
2017-09-20 10:00:00,0.4988
2017-09-20 11:00:00,0.7772
2017-09-20 12:00:00,0.986
2017-09-20 13:00:00,0.8468
2017-09-20 14:00:00,0.8236
2017-09-20 15:00:00,1.0092
2017-09-20 16:00:00,0.8816
2017-09-20 17:00:00,1.1252
2017-09-20 18:00:00,0.5452
2017-09-20 19:00:00,0.9164
2017-09-20 20:00:00,0.6032
2017-09-20 21:00:00,0.6264
2017-09-20 22:00:00,0.9396
2017-09-20 23:00:00,0.6844
2017-09-21 00:00:00,0.5568
2017-09-21 01:00:00,0.58
2017-09-21 02:00:00,0.4756
2017-09-21 03:00:00,0.2784
2017-09-21 04:00:00,0.1624
2017-09-21 05:00:00,0.116
2017-09-21 06:00:00,0.174
2017-09-21 07:00:00,0.4408
2017-09-21 08:00:00,0.3132
2017-09-21 09:00:00,0.6728
2017-09-21 10:00:00,0.464
2017-09-21 11:00:00,0.522
2017-09-21 12:00:00,0.5452
2017-09-21 13:00:00,0.464
2017-09-21 14:00:00,0.3132
2017-09-21 15:00:00,0.2552
2017-09-21 16:00:00,0.2668
2017-09-21 17:00:00,0.2784
2017-09-21 18:00:00,0.2552
2017-09-21 19:00:00,0.1856
2017-09-21 20:00:00,0.1856
2017-09-21 21:00:00,0.1624
2017-09-21 22:00:00,0.2552
2017-09-21 23:00:00,0.29
2017-09-22 00:00:00,0.4176
2017-09-22 01:00:00,0.2204
2017-09-22 02:00:00,0.1856
2017-09-22 03:00:00,0.1276
2017-09-22 04:00:00,0.0232
2017-09-22 05:00:00,0.058
2017-09-22 06:00:00,0.116
2017-09-22 07:00:00,0.2784
2017-09-22 08:00:00,0.6496
2017-09-22 09:00:00,0.3132
2017-09-22 10:00:00,0.522
2017-09-22 11:00:00,0.4524
2017-09-22 12:00:00,0.638
2017-09-22 13:00:00,0.4408
2017-09-22 14:00:00,0.1508
2017-09-22 15:00:00,0.2436
2017-09-22 16:00:00,0.5336
2017-09-22 17:00:00,0.2204
2017-09-22 18:00:00,0.2204
2017-09-22 19:00:00,0.1624
2017-09-22 20:00:00,0.3944
2017-09-22 21:00:00,0.5452
2017-09-22 22:00:00,0.6844
2017-09-22 23:00:00,0.4524
2017-09-23 00:00:00,0.29
2017-09-23 01:00:00,0.2088
2017-09-23 02:00:00,0.5104
2017-09-23 03:00:00,0.1392
2017-09-23 04:00:00,0.2088
2017-09-23 05:00:00,0.1508
2017-09-23 06:00:00,0.1508
2017-09-23 07:00:00,0.2552
2017-09-23 08:00:00,0.2204
2017-09-23 09:00:00,0.3248
2017-09-23 10:00:00,0.348
2017-09-23 11:00:00,0.3364
2017-09-23 12:00:00,0.2088
2017-09-23 13:00:00,0.1856
2017-09-23 14:00:00,0.3364
2017-09-23 15:00:00,0.3828
2017-09-23 16:00:00,0.2784
2017-09-23 17:00:00,0.1624
2017-09-23 18:00:00,0.1392
2017-09-23 19:00:00,0.3828
2017-09-23 20:00:00,0.5452
2017-09-23 21:00:00,0.8584
2017-09-23 22:00:00,0.4756
2017-09-23 23:00:00,0.5568
2017-09-24 00:00:00,0.5336
2017-09-24 01:00:00,0.3712
2017-09-24 02:00:00,0.4756
2017-09-24 03:00:00,0.2668
2017-09-24 04:00:00,0.3364
2017-09-24 05:00:00,0.1856
2017-09-24 06:00:00,0.2088
2017-09-24 07:00:00,0.522
2017-09-24 08:00:00,0.4988
2017-09-24 09:00:00,0.1392
2017-09-24 10:00:00,0.3016
2017-09-24 11:00:00,0.2088
2017-09-24 12:00:00,0.3364
2017-09-24 13:00:00,0.3596
2017-09-24 14:00:00,0.464
2017-09-24 15:00:00,0.4176
2017-09-24 16:00:00,0.522
2017-09-24 17:00:00,0.4408
2017-09-24 18:00:00,0.9976
2017-09-24 19:00:00,0.5452
2017-09-24 20:00:00,0.3248
2017-09-24 21:00:00,0.29
2017-09-24 22:00:00,0.2552
2017-09-24 23:00:00,0.3364
2017-09-25 00:00:00,0.2552
2017-09-25 01:00:00,0.3248
2017-09-25 02:00:00,0.3248
2017-09-25 03:00:00,0.1508
2017-09-25 04:00:00,0.1508
2017-09-25 05:00:00,0.1624
2017-09-25 06:00:00,0.29
2017-09-25 07:00:00,0.3944
2017-09-25 08:00:00,0.7192
2017-09-25 09:00:00,0.8004
2017-09-25 10:00:00,1.1368
2017-09-25 11:00:00,0.5336
2017-09-25 12:00:00,0.8932
2017-09-25 13:00:00,0.8468
2017-09-25 14:00:00,0.8236
2017-09-25 15:00:00,1.1368
2017-09-25 16:00:00,0.8236
2017-09-25 17:00:00,0.7656
2017-09-25 18:00:00,0.87
2017-09-25 19:00:00,0.9976
2017-09-25 20:00:00,0.638
2017-09-25 21:00:00,0.9512
2017-09-25 22:00:00,0.5104
2017-09-25 23:00:00,0.6264
2017-09-26 00:00:00,0.4408
2017-09-26 01:00:00,0.232
2017-09-26 02:00:00,0.1972
2017-09-26 03:00:00,0.0928
2017-09-26 04:00:00,0.0696
2017-09-26 05:00:00,0.1276
2017-09-26 06:00:00,0.1972
2017-09-26 07:00:00,0.638
2017-09-26 08:00:00,1.0672
2017-09-26 09:00:00,0.9628
2017-09-26 10:00:00,1.0556
2017-09-26 11:00:00,0.928
2017-09-26 12:00:00,0.812
2017-09-26 13:00:00,0.4524
2017-09-26 14:00:00,0.2784
2017-09-26 15:00:00,0.3016
2017-09-26 16:00:00,0.2436
2017-09-26 17:00:00,1.2064
2017-09-26 18:00:00,1.1368
2017-09-26 19:00:00,0.7308
2017-09-26 20:00:00,0.754
2017-09-26 21:00:00,0.5452
2017-09-26 22:00:00,0.4756
2017-09-26 23:00:00,0.4524
2017-09-27 00:00:00,0.3596
2017-09-27 01:00:00,0.2668
2017-09-27 02:00:00,0.1856
2017-09-27 03:00:00,0.1276
2017-09-27 04:00:00,0.2552
2017-09-27 05:00:00,0.1624
2017-09-27 06:00:00,0.2204
2017-09-27 07:00:00,0.5452
2017-09-27 08:00:00,0.9744
2017-09-27 09:00:00,0.5916
2017-09-27 10:00:00,0.9396
2017-09-27 11:00:00,0.4756
2017-09-27 12:00:00,0.3364
2017-09-27 13:00:00,0.406
2017-09-27 14:00:00,0.6032
2017-09-27 15:00:00,0.7192
2017-09-27 16:00:00,0.464
2017-09-27 17:00:00,0.928
2017-09-27 18:00:00,0.9164
2017-09-27 19:00:00,1.3456
2017-09-27 20:00:00,1.0788
2017-09-27 21:00:00,0.9512
2017-09-27 22:00:00,0.8352
2017-09-27 23:00:00,0.812
2017-09-28 00:00:00,0.8236
2017-09-28 01:00:00,0.6148
2017-09-28 02:00:00,0.348
2017-09-28 03:00:00,0.2668
2017-09-28 04:00:00,0.1856
2017-09-28 05:00:00,0.1972
2017-09-28 06:00:00,0.2784
2017-09-28 07:00:00,0.7308
2017-09-28 08:00:00,1.4732
2017-09-28 09:00:00,1.3224
2017-09-28 10:00:00,1.1368
2017-09-28 11:00:00,0.6496
2017-09-28 12:00:00,0.3364
2017-09-28 13:00:00,0.7772
2017-09-28 14:00:00,0.522
2017-09-28 15:00:00,0.5452
2017-09-28 16:00:00,0.5452
2017-09-28 17:00:00,0.6844
2017-09-28 18:00:00,0.7424
2017-09-28 19:00:00,0.812
2017-09-28 20:00:00,0.6032
2017-09-28 21:00:00,0.7424
2017-09-28 22:00:00,0.4756
2017-09-28 23:00:00,0.5684
2017-09-29 00:00:00,0.3596
2017-09-29 01:00:00,0.638
2017-09-29 02:00:00,0.3132
2017-09-29 03:00:00,0.2088
2017-09-29 04:00:00,0.1044
2017-09-29 05:00:00,0.174
2017-09-29 06:00:00,0.1972
2017-09-29 07:00:00,0.29
2017-09-29 08:00:00,0.7656
2017-09-29 09:00:00,0.522
2017-09-29 10:00:00,0.3944
2017-09-29 11:00:00,0.6496
2017-09-29 12:00:00,0.5684
2017-09-29 13:00:00,0.3712
2017-09-29 14:00:00,0.58
2017-09-29 15:00:00,0.58
2017-09-29 16:00:00,0.58
2017-09-29 17:00:00,0.58
2017-09-29 18:00:00,0.4408
2017-09-29 19:00:00,0.7308
2017-09-29 20:00:00,0.9628
2017-09-29 21:00:00,0.6612
2017-09-29 22:00:00,0.8816
2017-09-29 23:00:00,0.4988
2017-09-30 00:00:00,0.6496
2017-09-30 01:00:00,0.6612
2017-09-30 02:00:00,0.5104
2017-09-30 03:00:00,0.232
2017-09-30 04:00:00,0.174
2017-09-30 05:00:00,0.1044
2017-09-30 06:00:00,0.232
2017-09-30 07:00:00,0.3944
2017-09-30 08:00:00,0.3248
2017-09-30 09:00:00,0.5336
2017-09-30 10:00:00,0.5684
2017-09-30 11:00:00,0.2436
2017-09-30 12:00:00,0.4408
2017-09-30 13:00:00,0.1624
2017-09-30 14:00:00,0.1508
2017-09-30 15:00:00,0.116
2017-09-30 16:00:00,0.1856
2017-09-30 17:00:00,0.1276
2017-09-30 18:00:00,0.0812
2017-09-30 19:00:00,0.3016
2017-09-30 20:00:00,0.6844
2017-09-30 21:00:00,0.8816
2017-09-30 22:00:00,0.8468
2017-09-30 23:00:00,0.6496
2017-10-01 00:00:00,0.3596
2017-10-01 01:00:00,0.2436
2017-10-01 02:00:00,0.1276
2017-10-01 03:00:00,0.0696
2017-10-01 04:00:00,0.0348
2017-10-01 05:00:00,0.0232
2017-10-01 06:00:00,0.0812
2017-10-01 07:00:00,0.116
2017-10-01 08:00:00,0.1508
2017-10-01 09:00:00,0.1972
2017-10-01 10:00:00,0.3364
2017-10-01 11:00:00,0.3828
2017-10-01 12:00:00,0.4408
2017-10-01 13:00:00,0.4524
2017-10-01 14:00:00,0.3828
2017-10-01 15:00:00,0.2204
2017-10-01 16:00:00,0.1624
2017-10-01 17:00:00,0.2784
2017-10-01 18:00:00,0.3248
2017-10-01 19:00:00,0.6264
2017-10-01 20:00:00,1.044
2017-10-01 21:00:00,0.8004
2017-10-01 22:00:00,0.8584
2017-10-01 23:00:00,0.7656
2017-10-02 00:00:00,0.7888
2017-10-02 01:00:00,0.8584
2017-10-02 02:00:00,0.8932
2017-10-02 03:00:00,0.4872
2017-10-02 04:00:00,0.406
2017-10-02 05:00:00,0.2436
2017-10-02 06:00:00,0.3132
2017-10-02 07:00:00,0.4524
2017-10-02 08:00:00,0.522
2017-10-02 09:00:00,0.6496
2017-10-02 10:00:00,0.4408
2017-10-02 11:00:00,0.2784
2017-10-02 12:00:00,0.2088
2017-10-02 13:00:00,0.3016
2017-10-02 14:00:00,0.3944
2017-10-02 15:00:00,0.2436
2017-10-02 16:00:00,0.2668
2017-10-02 17:00:00,0.348
2017-10-02 18:00:00,0.2436
2017-10-02 19:00:00,0.8816
2017-10-02 20:00:00,0.9396
2017-10-02 21:00:00,0.7076
2017-10-02 22:00:00,1.334
2017-10-02 23:00:00,1.2064
2017-10-03 00:00:00,0.6496
2017-10-03 01:00:00,0.5684
2017-10-03 02:00:00,0.3944
2017-10-03 03:00:00,0.3712
2017-10-03 04:00:00,0.232
2017-10-03 05:00:00,0.1508
2017-10-03 06:00:00,0.3132
2017-10-03 07:00:00,0.406
2017-10-03 08:00:00,0.6844
2017-10-03 09:00:00,0.87
2017-10-03 10:00:00,0.6264
2017-10-03 11:00:00,0.3364
2017-10-03 12:00:00,0.3132
2017-10-03 13:00:00,0.3712
2017-10-03 14:00:00,0.2784
2017-10-03 15:00:00,0.2436
2017-10-03 16:00:00,0.2668
2017-10-03 17:00:00,0.3016
2017-10-03 18:00:00,0.3248
2017-10-03 19:00:00,0.6264
2017-10-03 20:00:00,0.7772
2017-10-03 21:00:00,0.986
2017-10-03 22:00:00,1.276
2017-10-03 23:00:00,0.9048
2017-10-04 00:00:00,0.87
2017-10-04 01:00:00,0.4524
2017-10-04 02:00:00,0.3364
2017-10-04 03:00:00,0.1624
2017-10-04 04:00:00,0.116
2017-10-04 05:00:00,0.1276
2017-10-04 06:00:00,0.232
2017-10-04 07:00:00,0.4292
2017-10-04 08:00:00,0.638
2017-10-04 09:00:00,1.1252
2017-10-04 10:00:00,0.5916
2017-10-04 11:00:00,0.6264
2017-10-04 12:00:00,0.638
2017-10-04 13:00:00,0.5336
2017-10-04 14:00:00,0.4176
2017-10-04 15:00:00,0.6264
2017-10-04 16:00:00,0.4524
2017-10-04 17:00:00,0.464
2017-10-04 18:00:00,0.406
2017-10-04 19:00:00,1.4848
2017-10-04 20:00:00,1.2412
2017-10-04 21:00:00,0.8932
2017-10-04 22:00:00,0.5568
2017-10-04 23:00:00,0.638
2017-10-05 00:00:00,0.9048
2017-10-05 01:00:00,0.7888
2017-10-05 02:00:00,0.3828
2017-10-05 03:00:00,0.348
2017-10-05 04:00:00,0.2784
2017-10-05 05:00:00,0.3248
2017-10-05 06:00:00,0.3828
2017-10-05 07:00:00,0.8236
2017-10-05 08:00:00,0.6612
2017-10-05 09:00:00,0.9048
2017-10-05 10:00:00,0.6844
2017-10-05 11:00:00,0.6612
2017-10-05 12:00:00,0.4524
2017-10-05 13:00:00,0.2668
2017-10-05 14:00:00,0.3712
2017-10-05 15:00:00,0.348
2017-10-05 16:00:00,0.4408
2017-10-05 17:00:00,0.5684
2017-10-05 18:00:00,1.7168
2017-10-05 19:00:00,1.5312
2017-10-05 20:00:00,1.2644
2017-10-05 21:00:00,0.7888
2017-10-05 22:00:00,0.9512
2017-10-05 23:00:00,1.2528
2017-10-06 00:00:00,1.5312
2017-10-06 01:00:00,1.2992
2017-10-06 02:00:00,0.8584
2017-10-06 03:00:00,0.5104
2017-10-06 04:00:00,0.3712
2017-10-06 05:00:00,0.3132
2017-10-06 06:00:00,0.6148
2017-10-06 07:00:00,0.8352
2017-10-06 08:00:00,1.044
2017-10-06 09:00:00,0.7772
2017-10-06 10:00:00,1.1948
2017-10-06 11:00:00,0.9164
2017-10-06 12:00:00,0.6496
2017-10-06 13:00:00,0.6264
2017-10-06 14:00:00,0.522
2017-10-06 15:00:00,1.0788
2017-10-06 16:00:00,0.8236
2017-10-06 17:00:00,0.9396
2017-10-06 18:00:00,0.638
2017-10-06 19:00:00,0.7656
2017-10-06 20:00:00,0.7656
2017-10-06 21:00:00,0.7888
2017-10-06 22:00:00,0.7424
2017-10-06 23:00:00,0.7192
2017-10-07 00:00:00,0.6496
2017-10-07 01:00:00,0.5104
2017-10-07 02:00:00,0.406
2017-10-07 03:00:00,0.3132
2017-10-07 04:00:00,0.2436
2017-10-07 05:00:00,0.1972
2017-10-07 06:00:00,0.2204
2017-10-07 07:00:00,0.3132
2017-10-07 08:00:00,0.4756
2017-10-07 09:00:00,0.5684
2017-10-07 10:00:00,0.7772
2017-10-07 11:00:00,0.9628
2017-10-07 12:00:00,0.986
2017-10-07 13:00:00,0.9396
2017-10-07 14:00:00,1.2064
2017-10-07 15:00:00,0.9164
2017-10-07 16:00:00,1.044
2017-10-07 17:00:00,0.8352
2017-10-07 18:00:00,0.8816
2017-10-07 19:00:00,0.638
2017-10-07 20:00:00,0.812
2017-10-07 21:00:00,0.6148
2017-10-07 22:00:00,0.6612
2017-10-07 23:00:00,0.58
2017-10-08 00:00:00,0.5684
2017-10-08 01:00:00,0.4988
2017-10-08 02:00:00,0.3016
2017-10-08 03:00:00,0.3596
2017-10-08 04:00:00,0.2784
2017-10-08 05:00:00,0.2088
2017-10-08 06:00:00,0.2668
2017-10-08 07:00:00,0.3248
2017-10-08 08:00:00,0.3712
2017-10-08 09:00:00,0.3016
2017-10-08 10:00:00,0.2784
2017-10-08 11:00:00,0.232
2017-10-08 12:00:00,0.2436
2017-10-08 13:00:00,0.3248
2017-10-08 14:00:00,0.4524
2017-10-08 15:00:00,0.232
2017-10-08 16:00:00,0.2552
2017-10-08 17:00:00,0.2088
2017-10-08 18:00:00,0.3944
2017-10-08 19:00:00,0.986
2017-10-08 20:00:00,1.4384
2017-10-08 21:00:00,1.5196
2017-10-08 22:00:00,1.5544
2017-10-08 23:00:00,1.3456
2017-10-09 00:00:00,1.3108
2017-10-09 01:00:00,0.9744
2017-10-09 02:00:00,0.58
2017-10-09 03:00:00,0.7424
2017-10-09 04:00:00,0.7424
2017-10-09 05:00:00,0.6728
2017-10-09 06:00:00,0.6728
2017-10-09 07:00:00,0.9512
2017-10-09 08:00:00,1.0556
2017-10-09 09:00:00,1.3108
2017-10-09 10:00:00,1.0324
2017-10-09 11:00:00,0.8584
2017-10-09 12:00:00,0.6612
2017-10-09 13:00:00,0.4756
2017-10-09 14:00:00,0.4872
2017-10-09 15:00:00,0.2668
2017-10-09 16:00:00,0.2204
2017-10-09 17:00:00,0.3828
2017-10-09 18:00:00,0.7308
2017-10-09 19:00:00,1.2064
2017-10-09 20:00:00,1.276
2017-10-09 21:00:00,1.682
2017-10-09 22:00:00,1.1716
2017-10-09 23:00:00,0.7308
2017-10-10 00:00:00,0.5684
2017-10-10 01:00:00,0.4524
2017-10-10 02:00:00,0.4872
2017-10-10 03:00:00,0.4292
2017-10-10 04:00:00,0.5916
2017-10-10 05:00:00,0.4176
2017-10-10 06:00:00,0.3828
2017-10-10 07:00:00,0.4872
2017-10-10 08:00:00,1.044
2017-10-10 09:00:00,1.4036
2017-10-10 10:00:00,0.5916
2017-10-10 11:00:00,0.522
2017-10-10 12:00:00,0.522
2017-10-10 13:00:00,0.3016
2017-10-10 14:00:00,0.348
2017-10-10 15:00:00,0.3132
2017-10-10 16:00:00,0.406
2017-10-10 17:00:00,0.3016
2017-10-10 18:00:00,0.9512
2017-10-10 19:00:00,2.2736
2017-10-10 20:00:00,1.16
2017-10-10 21:00:00,0.7424
2017-10-10 22:00:00,0.7772
2017-10-10 23:00:00,0.9396
2017-10-11 00:00:00,0.7076
2017-10-11 01:00:00,0.6844
2017-10-11 02:00:00,0.638
2017-10-11 03:00:00,0.58
2017-10-11 04:00:00,0.3596
2017-10-11 05:00:00,0.3248
2017-10-11 06:00:00,0.4988
2017-10-11 07:00:00,0.4292
2017-10-11 08:00:00,0.6148
2017-10-11 09:00:00,0.7656
2017-10-11 10:00:00,0.6264
2017-10-11 11:00:00,0.7192
2017-10-11 12:00:00,0.6844
2017-10-11 13:00:00,0.406
2017-10-11 14:00:00,0.3248
2017-10-11 15:00:00,0.3248
2017-10-11 16:00:00,0.3944
2017-10-11 17:00:00,0.406
2017-10-11 18:00:00,1.276
2017-10-11 19:00:00,2.5868
2017-10-11 20:00:00,0.8584
2017-10-11 21:00:00,0.928
2017-10-11 22:00:00,0.7076
2017-10-11 23:00:00,0.8584
2017-10-12 00:00:00,0.9512
2017-10-12 01:00:00,1.044
2017-10-12 02:00:00,0.5916
2017-10-12 03:00:00,0.696
2017-10-12 04:00:00,0.7192
2017-10-12 05:00:00,0.696
2017-10-12 06:00:00,0.6032
2017-10-12 07:00:00,0.986
2017-10-12 08:00:00,1.5544
2017-10-12 09:00:00,1.5659999999999998
2017-10-12 10:00:00,1.0904
2017-10-12 11:00:00,0.8004
2017-10-12 12:00:00,0.7076
2017-10-12 13:00:00,0.696
2017-10-12 14:00:00,0.4988
2017-10-12 15:00:00,0.5336
2017-10-12 16:00:00,0.6264
2017-10-12 17:00:00,0.8816
2017-10-12 18:00:00,1.914
2017-10-12 19:00:00,2.6448
2017-10-12 20:00:00,1.4848
2017-10-12 21:00:00,0.8468
2017-10-12 22:00:00,0.87
2017-10-12 23:00:00,1.0672
2017-10-13 00:00:00,0.8236
2017-10-13 01:00:00,1.3224
2017-10-13 02:00:00,1.4848
2017-10-13 03:00:00,1.334
2017-10-13 04:00:00,1.2528
2017-10-13 05:00:00,1.1948
2017-10-13 06:00:00,0.9512
2017-10-13 07:00:00,1.1252
2017-10-13 08:00:00,1.5659999999999998
2017-10-13 09:00:00,2.03
2017-10-13 10:00:00,1.5659999999999998
2017-10-13 11:00:00,1.0672
2017-10-13 12:00:00,0.7424
2017-10-13 13:00:00,1.3030666666666668
2017-10-13 14:00:00,1.3014555555555554
2017-10-13 15:00:00,1.2861768518518517
2017-10-13 16:00:00,1.2821915895061728
2017-10-13 17:00:00,1.2846408886316871
2017-10-13 18:00:00,1.2921276293509945
2017-10-13 19:00:00,1.320538265130244
2017-10-13 20:00:00,1.3368164538910976
2017-10-13 21:00:00,1.3177178250486892
2017-10-13 22:00:00,1.25836097713608
2017-10-13 23:00:00,1.2327243918974198
2017-10-14 00:00:00,1.246518091222205
2017-10-14 01:00:00,1.2885279321573886
2017-10-14 02:00:00,1.2873163709482822
2017-10-14 03:00:00,1.2861381055643428
2017-10-14 04:00:00,1.2861348767070504
2017-10-14 05:00:00,1.28646348397379
2017-10-14 06:00:00,1.2866153669189655
2017-10-14 07:00:00,1.2861560117162962
2017-10-14 08:00:00,1.2832908239318006
2017-10-14 09:00:00,1.278830354768526
2017-10-14 10:00:00,1.275589732245179
2017-10-14 11:00:00,1.2770254618376038
2017-10-14 12:00:00,1.2807172176659525
2017-10-14 13:00:00,1.283567144869598
2017-10-14 14:00:00,1.283153745928949
2017-10-14 15:00:00,1.282806860510671
2017-10-14 16:00:00,1.2825292567561986
2017-10-14 17:00:00,1.2822287884269608
2017-10-14 18:00:00,1.2818758971313917
2017-10-14 19:00:00,1.2814809413157606
2017-10-14 20:00:00,1.281091352115716
2017-10-14 21:00:00,1.280908062797709
2017-10-14 22:00:00,1.2810812051334743
2017-10-14 23:00:00,1.2815388278741657
2017-10-15 00:00:00,1.2819149417105458
2017-10-15 01:00:00,1.2820147520475953
2017-10-15 02:00:00,1.281885385979095
2017-10-15 03:00:00,1.2817796893166071
2017-10-15 04:00:00,1.2816940917171018
2017-10-15 05:00:00,1.2816244946305102
2017-10-15 06:00:00,1.2815741368141396
2017-10-15 07:00:00,1.2815489901210348
2017-10-15 08:00:00,1.2815546608548078
2017-10-15 09:00:00,1.281593269916399
2017-10-15 10:00:00,1.2816503705096232
2017-10-15 11:00:00,1.2816978009576354
2017-10-15 12:00:00,1.2817110487145913
2017-10-15 13:00:00,1.2816940576315952
2017-10-15 14:00:00,1.2816673330969282
2017-10-15 15:00:00,1.2816491620234143
2017-10-15 16:00:00,1.2816382847489816
2017-10-15 17:00:00,1.281633634168305
2017-10-15 18:00:00,1.2816343957964547
2017-10-15 19:00:00,1.2816394173783143
2017-10-15 20:00:00,1.2816469529830876
2017-10-15 21:00:00,1.2816546439937775
2017-10-15 22:00:00,1.2816597585002258
2017-10-15 23:00:00,1.281660540832776
2017-10-16 00:00:00,1.281657435822371
2017-10-16 01:00:00,1.2816529680813524
2017-10-16 02:00:00,1.2816495439521656
2017-10-16 03:00:00,1.2816480615234356
2017-10-16 04:00:00,1.281647969815104
2017-10-16 05:00:00,1.2816487769039473
2017-10-16 06:00:00,1.2816500387985845
2017-10-16 07:00:00,1.2816513423820952
2017-10-16 08:00:00,1.2816523361324104
2017-10-16 09:00:00,1.2816527847281871
2017-10-16 10:00:00,1.281652629789388
2017-10-16 11:00:00,1.2816520357301515
2017-10-16 12:00:00,1.2816513269715994
2017-10-16 13:00:00,0.4988
2017-10-16 14:00:00,0.2204
2017-10-16 15:00:00,0.232
2017-10-16 16:00:00,0.3712
2017-10-16 17:00:00,0.87
2017-10-16 18:00:00,1.5312
2017-10-16 19:00:00,2.5752
2017-10-16 20:00:00,0.9744
2017-10-16 21:00:00,0.4292
2017-10-16 22:00:00,0.464
2017-10-16 23:00:00,0.5684
2017-10-17 00:00:00,0.4872
2017-10-17 01:00:00,0.6148
2017-10-17 02:00:00,0.4988
2017-10-17 03:00:00,0.1624
2017-10-17 04:00:00,0.0348
2017-10-17 05:00:00,0.7675333333333333
2017-10-17 06:00:00,0.7589944444444444
2017-10-17 07:00:00,0.2668
2017-10-17 08:00:00,0.812
2017-10-17 09:00:00,0.9164
2017-10-17 10:00:00,0.4872
2017-10-17 11:00:00,0.3132
2017-10-17 12:00:00,0.3596
2017-10-17 13:00:00,0.4988
2017-10-17 14:00:00,0.4176
2017-10-17 15:00:00,0.3596
2017-10-17 16:00:00,0.1856
2017-10-17 17:00:00,0.638
2017-10-17 18:00:00,1.8212
2017-10-17 19:00:00,2.1924
2017-10-17 20:00:00,1.3456
2017-10-17 21:00:00,0.7772
2017-10-17 22:00:00,0.754
2017-10-17 23:00:00,0.522
2017-10-18 00:00:00,0.58
2017-10-18 01:00:00,0.7308
2017-10-18 02:00:00,0.7308
2017-10-18 03:00:00,0.7308
2017-10-18 04:00:00,0.464
2017-10-18 05:00:00,0.116
2017-10-18 06:00:00,0.174
2017-10-18 07:00:00,0.3596
2017-10-18 08:00:00,1.1252
2017-10-18 09:00:00,1.4268
2017-10-18 10:00:00,0.696
2017-10-18 11:00:00,0.8468
2017-10-18 12:00:00,0.5336
2017-10-18 13:00:00,0.3596
2017-10-18 14:00:00,0.4408
2017-10-18 15:00:00,0.29
2017-10-18 16:00:00,0.5336
2017-10-18 17:00:00,0.6032
2017-10-18 18:00:00,1.9836
2017-10-18 19:00:00,1.74
2017-10-18 20:00:00,0.6032
2017-10-18 21:00:00,0.8816
2017-10-18 22:00:00,0.6496
2017-10-18 23:00:00,0.812
2017-10-19 00:00:00,0.928
2017-10-19 01:00:00,0.6728
2017-10-19 02:00:00,0.5684
2017-10-19 03:00:00,0.7076
2017-10-19 04:00:00,0.638
2017-10-19 05:00:00,0.4408
2017-10-19 06:00:00,0.3712
2017-10-19 07:00:00,0.6496
2017-10-19 08:00:00,0.9048
2017-10-19 09:00:00,1.0324
2017-10-19 10:00:00,0.8352
2017-10-19 11:00:00,0.8236
2017-10-19 12:00:00,0.6844
2017-10-19 13:00:00,0.58
2017-10-19 14:00:00,0.2784
2017-10-19 15:00:00,0.3016
2017-10-19 16:00:00,0.4292
2017-10-19 17:00:00,1.2064
2017-10-19 18:00:00,2.8304
2017-10-19 19:00:00,2.1112
2017-10-19 20:00:00,0.8584
2017-10-19 21:00:00,0.6844
2017-10-19 22:00:00,1.1368
2017-10-19 23:00:00,0.6844
2017-10-20 00:00:00,1.9952
2017-10-20 01:00:00,0.9164
2017-10-20 02:00:00,0.5916
2017-10-20 03:00:00,0.4524
2017-10-20 04:00:00,0.5104
2017-10-20 05:00:00,0.6148
2017-10-20 06:00:00,0.406
2017-10-20 07:00:00,0.9976
2017-10-20 08:00:00,1.2528
2017-10-20 09:00:00,0.8468
2017-10-20 10:00:00,0.7656
2017-10-20 11:00:00,0.812
2017-10-20 12:00:00,0.6264
2017-10-20 13:00:00,0.4756
2017-10-20 14:00:00,0.4292
2017-10-20 15:00:00,0.4524
2017-10-20 16:00:00,1.1252
2017-10-20 17:00:00,1.856
2017-10-20 18:00:00,1.8792
2017-10-20 19:00:00,2.5984
2017-10-20 20:00:00,0.986
2017-10-20 21:00:00,1.2412
2017-10-20 22:00:00,1.102
2017-10-20 23:00:00,0.8932
2017-10-21 00:00:00,1.102
2017-10-21 01:00:00,1.6704
2017-10-21 02:00:00,1.1484
2017-10-21 03:00:00,1.2064
2017-10-21 04:00:00,0.8468
2017-10-21 05:00:00,0.5452
2017-10-21 06:00:00,0.7424
2017-10-21 07:00:00,0.8932
2017-10-21 08:00:00,0.9628
2017-10-21 09:00:00,0.8932
2017-10-21 10:00:00,0.7192
2017-10-21 11:00:00,0.522
2017-10-21 12:00:00,0.2436
2017-10-21 13:00:00,0.3016
2017-10-21 14:00:00,0.4176
2017-10-21 15:00:00,0.7076
2017-10-21 16:00:00,0.4524
2017-10-21 17:00:00,0.9396
2017-10-21 18:00:00,2.9
2017-10-21 19:00:00,2.1344
2017-10-21 20:00:00,1.5196
2017-10-21 21:00:00,0.986
2017-10-21 22:00:00,1.102
2017-10-21 23:00:00,0.8236
2017-10-22 00:00:00,0.87
2017-10-22 01:00:00,0.5568
2017-10-22 02:00:00,0.6612
2017-10-22 03:00:00,1.0556
2017-10-22 04:00:00,0.754
2017-10-22 05:00:00,0.9396
2017-10-22 06:00:00,0.3828
2017-10-22 07:00:00,0.348
2017-10-22 08:00:00,0.6844
2017-10-22 09:00:00,0.638
2017-10-22 10:00:00,0.6032
2017-10-22 11:00:00,0.4988
2017-10-22 12:00:00,0.4988
2017-10-22 13:00:00,0.5684
2017-10-22 14:00:00,0.696
2017-10-22 15:00:00,0.5684
2017-10-22 16:00:00,0.464
2017-10-22 17:00:00,0.3944
2017-10-22 18:00:00,1.5196
2017-10-22 19:00:00,2.1924
2017-10-22 20:00:00,1.7748
2017-10-22 21:00:00,0.9164
2017-10-22 22:00:00,1.3572
2017-10-22 23:00:00,1.1484
2017-10-23 00:00:00,1.798
2017-10-23 01:00:00,1.914
2017-10-23 02:00:00,1.6356
2017-10-23 03:00:00,0.8584
2017-10-23 04:00:00,0.4756
2017-10-23 05:00:00,0.5104
2017-10-23 06:00:00,0.5684
2017-10-23 07:00:00,0.5568
2017-10-23 08:00:00,0.6612
2017-10-23 09:00:00,0.9744
2017-10-23 10:00:00,0.928
2017-10-23 11:00:00,0.7888
2017-10-23 12:00:00,0.7656
2017-10-23 13:00:00,0.522
2017-10-23 14:00:00,0.4872
2017-10-23 15:00:00,0.6844
2017-10-23 16:00:00,0.4988
2017-10-23 17:00:00,0.7192
2017-10-23 18:00:00,0.6612
2017-10-23 19:00:00,0.9628
2017-10-23 20:00:00,0.7772
2017-10-23 21:00:00,0.754
2017-10-23 22:00:00,0.7192
2017-10-23 23:00:00,0.7192
2017-10-24 00:00:00,0.6264
2017-10-24 01:00:00,0.5104
2017-10-24 02:00:00,0.348
2017-10-24 03:00:00,0.2204
2017-10-24 04:00:00,0.2204
2017-10-24 05:00:00,0.2204
2017-10-24 06:00:00,0.2436
2017-10-24 07:00:00,0.4872
2017-10-24 08:00:00,0.9512
2017-10-24 09:00:00,1.0208
2017-10-24 10:00:00,0.7656
2017-10-24 11:00:00,0.6728
2017-10-24 12:00:00,1.102
2017-10-24 13:00:00,1.16
2017-10-24 14:00:00,1.1136
2017-10-24 15:00:00,0.9512
2017-10-24 16:00:00,1.2528
2017-10-24 17:00:00,1.5312
2017-10-24 18:00:00,1.1368
2017-10-24 19:00:00,1.0324
2017-10-24 20:00:00,0.9628
2017-10-24 21:00:00,0.9396
2017-10-24 22:00:00,0.8816
2017-10-24 23:00:00,0.8004
2017-10-25 00:00:00,0.6844
2017-10-25 01:00:00,0.522
2017-10-25 02:00:00,0.406
2017-10-25 03:00:00,0.406
2017-10-25 04:00:00,0.2784
2017-10-25 05:00:00,0.2552
2017-10-25 06:00:00,0.2784
2017-10-25 07:00:00,0.5916
2017-10-25 08:00:00,0.7192
2017-10-25 09:00:00,0.754
2017-10-25 10:00:00,0.4408
2017-10-25 11:00:00,0.7888
2017-10-25 12:00:00,0.5568
2017-10-25 13:00:00,0.87
2017-10-25 14:00:00,1.1368
2017-10-25 15:00:00,0.8584
2017-10-25 16:00:00,0.522
2017-10-25 17:00:00,1.508
2017-10-25 18:00:00,1.0208
2017-10-25 19:00:00,0.8816
2017-10-25 20:00:00,0.8932
2017-10-25 21:00:00,0.7772
2017-10-25 22:00:00,0.5336
2017-10-25 23:00:00,0.522
2017-10-26 00:00:00,0.5104
2017-10-26 01:00:00,0.4756
2017-10-26 02:00:00,0.5336
2017-10-26 03:00:00,0.6032
2017-10-26 04:00:00,0.464
2017-10-26 05:00:00,0.5336
2017-10-26 06:00:00,0.5336
2017-10-26 07:00:00,0.6032
2017-10-26 08:00:00,0.928
2017-10-26 09:00:00,0.6148
2017-10-26 10:00:00,0.5452
2017-10-26 11:00:00,0.4524
2017-10-26 12:00:00,0.3596
2017-10-26 13:00:00,0.2204
2017-10-26 14:00:00,0.2784
2017-10-26 15:00:00,0.3944
2017-10-26 16:00:00,0.5452
2017-10-26 17:00:00,1.4732
2017-10-26 18:00:00,1.5196
2017-10-26 19:00:00,2.8072
2017-10-26 20:00:00,4.06
2017-10-26 21:00:00,1.4036
2017-10-26 22:00:00,1.1716
2017-10-26 23:00:00,0.6728
2017-10-27 00:00:00,1.7516
2017-10-27 01:00:00,2.7144
2017-10-27 02:00:00,2.1692
2017-10-27 03:00:00,2.1228
2017-10-27 04:00:00,1.5544
2017-10-27 05:00:00,0.9744
2017-10-27 06:00:00,0.9628
2017-10-27 07:00:00,1.3456
2017-10-27 08:00:00,1.508
2017-10-27 09:00:00,0.8932
2017-10-27 10:00:00,1.0324
2017-10-27 11:00:00,1.102
2017-10-27 12:00:00,0.754
2017-10-27 13:00:00,0.754
2017-10-27 14:00:00,0.6496
2017-10-27 15:00:00,0.6264
2017-10-27 16:00:00,1.0324
2017-10-27 17:00:00,1.2644
2017-10-27 18:00:00,2.0532
2017-10-27 19:00:00,2.436
2017-10-27 20:00:00,1.9256
2017-10-27 21:00:00,1.102
2017-10-27 22:00:00,1.45
2017-10-27 23:00:00,2.2852
2017-10-28 00:00:00,2.3084
2017-10-28 01:00:00,1.3108
2017-10-28 02:00:00,0.2436
2017-10-28 03:00:00,0.1508
2017-10-28 04:00:00,0.0928
2017-10-28 05:00:00,0.0464
2017-10-28 06:00:00,0.116
2017-10-28 07:00:00,0.2204
2017-10-28 08:00:00,0.2088
2017-10-28 09:00:00,0.3132
2017-10-28 10:00:00,0.5684
2017-10-28 11:00:00,0.5684
2017-10-28 12:00:00,0.522
2017-10-28 13:00:00,0.5104
2017-10-28 14:00:00,0.7772
2017-10-28 15:00:00,0.5452
2017-10-28 16:00:00,0.464
2017-10-28 17:00:00,0.7772
2017-10-28 18:00:00,0.8004
2017-10-28 19:00:00,0.986
2017-10-28 20:00:00,0.6844
2017-10-28 21:00:00,0.7656
2017-10-28 22:00:00,0.7076
2017-10-28 23:00:00,0.6148
2017-10-29 00:00:00,0.4756
2017-10-29 01:00:00,0.3016
2017-10-29 02:00:00,0.3828
2017-10-29 03:00:00,0.29
2017-10-29 04:00:00,0.2204
2017-10-29 05:00:00,0.232
2017-10-29 06:00:00,0.2552
2017-10-29 07:00:00,0.3364
2017-10-29 08:00:00,0.522
2017-10-29 09:00:00,0.5336
2017-10-29 10:00:00,0.5684
2017-10-29 11:00:00,0.6148
2017-10-29 12:00:00,0.4408
2017-10-29 13:00:00,0.3712
2017-10-29 14:00:00,0.3944
2017-10-29 15:00:00,0.4292
2017-10-29 16:00:00,0.5452
2017-10-29 17:00:00,0.6264
2017-10-29 18:00:00,1.1832
2017-10-29 19:00:00,2.9232
2017-10-29 20:00:00,3.6192
2017-10-29 21:00:00,2.204
2017-10-29 22:00:00,1.102
2017-10-29 23:00:00,0.4524
2017-10-30 00:00:00,1.1909333333333332
2017-10-30 01:00:00,0.3596
2017-10-30 02:00:00,0.2436
2017-10-30 03:00:00,0.1624
2017-10-30 04:00:00,0.1044
2017-10-30 05:00:00,0.116
2017-10-30 06:00:00,0.0696
2017-10-30 07:00:00,0.0928
2017-10-30 08:00:00,0.1972
2017-10-30 09:00:00,0.2436
2017-10-30 10:00:00,0.1972
2017-10-30 11:00:00,0.1972
2017-10-30 12:00:00,0.2088
2017-10-30 13:00:00,0.2668
2017-10-30 14:00:00,0.2088
2017-10-30 15:00:00,0.2204
2017-10-30 16:00:00,0.2204
2017-10-30 17:00:00,0.3132
2017-10-30 18:00:00,0.4872
2017-10-30 19:00:00,0.9164
2017-10-30 20:00:00,0.8584
2017-10-30 21:00:00,0.9976
2017-10-30 22:00:00,0.4524
2017-10-30 23:00:00,0.6264
2017-10-31 00:00:00,0.9628
2017-10-31 01:00:00,0.6496
2017-10-31 02:00:00,0.5104
2017-10-31 03:00:00,0.6148
2017-10-31 04:00:00,0.7656
2017-10-31 05:00:00,0.6728
2017-10-31 06:00:00,0.58
2017-10-31 07:00:00,0.5104
2017-10-31 08:00:00,0.5452
2017-10-31 09:00:00,0.8932
2017-10-31 10:00:00,0.9744
2017-10-31 11:00:00,0.8236
2017-10-31 12:00:00,0.3944
2017-10-31 13:00:00,0.2088
2017-10-31 14:00:00,0.1044
2017-10-31 15:00:00,0.174
2017-10-31 16:00:00,0.2088
2017-10-31 17:00:00,0.4176
2017-10-31 18:00:00,0.7192
2017-10-31 19:00:00,1.7052
2017-10-31 20:00:00,1.7632
2017-10-31 21:00:00,2.2272
2017-10-31 22:00:00,1.7748
2017-10-31 23:00:00,1.8328
2017-11-01 00:00:00,1.8676
2017-11-01 01:00:00,1.3804
2017-11-01 02:00:00,1.0788
2017-11-01 03:00:00,0.696
2017-11-01 04:00:00,0.3828
2017-11-01 05:00:00,0.3016
2017-11-01 06:00:00,0.4292
2017-11-01 07:00:00,0.58
2017-11-01 08:00:00,0.5104
2017-11-01 09:00:00,0.9396
2017-11-01 10:00:00,1.3456
2017-11-01 11:00:00,0.8932
2017-11-01 12:00:00,0.3944
2017-11-01 13:00:00,0.3016
2017-11-01 14:00:00,0.6544333333333333
2017-11-01 15:00:00,0.6190694444444443
2017-11-01 16:00:00,0.6126585648148147
2017-11-01 17:00:00,0.2784
2017-11-01 18:00:00,2.0764
2017-11-01 19:00:00,1.276
2017-11-01 20:00:00,1.45
2017-11-01 21:00:00,1.8444
2017-11-01 22:00:00,0.9048
2017-11-01 23:00:00,1.4616
2017-11-02 00:00:00,1.0092
2017-11-02 01:00:00,0.7888
2017-11-02 02:00:00,1.1948
2017-11-02 03:00:00,0.7656
2017-11-02 04:00:00,0.8352
2017-11-02 05:00:00,1.2296
2017-11-02 06:00:00,0.8352
2017-11-02 07:00:00,0.6264
2017-11-02 08:00:00,0.754
2017-11-02 09:00:00,1.1252
2017-11-02 10:00:00,1.3572
2017-11-02 11:00:00,1.1948
2017-11-02 12:00:00,0.8584
2017-11-02 13:00:00,0.6264
2017-11-02 14:00:00,0.4524
2017-11-02 15:00:00,0.58
2017-11-02 16:00:00,0.6844
2017-11-02 17:00:00,1.1252
2017-11-02 18:00:00,3.5728
2017-11-02 19:00:00,2.6796
2017-11-02 20:00:00,1.8096
2017-11-02 21:00:00,1.972
2017-11-02 22:00:00,3.2828
2017-11-02 23:00:00,2.552
2017-11-03 00:00:00,2.61
2017-11-03 01:00:00,2.4128
2017-11-03 02:00:00,1.7748
2017-11-03 03:00:00,2.2504
2017-11-03 04:00:00,2.5404
2017-11-03 05:00:00,1.2992
2017-11-03 06:00:00,1.3572
2017-11-03 07:00:00,1.6936
2017-11-03 08:00:00,1.682
2017-11-03 09:00:00,1.4732
2017-11-03 10:00:00,1.856
2017-11-03 11:00:00,2.1808
2017-11-03 12:00:00,2.0184
2017-11-03 13:00:00,1.856
2017-11-03 14:00:00,1.9604
2017-11-03 15:00:00,1.5776
2017-11-03 16:00:00,1.5544
2017-11-03 17:00:00,1.7748
2017-11-03 18:00:00,1.7486999999999997
2017-11-03 19:00:00,4.8488
2017-11-03 20:00:00,4.8604
2017-11-03 21:00:00,2.784
2017-11-03 22:00:00,0.7888
2017-11-03 23:00:00,0.754
2017-11-04 00:00:00,0.754
2017-11-04 01:00:00,0.4756
2017-11-04 02:00:00,0.522
2017-11-04 03:00:00,0.3248
2017-11-04 04:00:00,0.3132
2017-11-04 05:00:00,0.29
2017-11-04 06:00:00,0.6612
2017-11-04 07:00:00,0.3828
2017-11-04 08:00:00,0.4988
2017-11-04 09:00:00,0.8584
2017-11-04 10:00:00,0.5916
2017-11-04 11:00:00,0.406
2017-11-04 12:00:00,0.4524
2017-11-04 13:00:00,0.522
2017-11-04 14:00:00,0.8584
2017-11-04 15:00:00,1.3688
2017-11-04 16:00:00,1.3456
2017-11-04 17:00:00,1.5544
2017-11-04 18:00:00,3.5380000000000003
2017-11-04 19:00:00,1.5659999999999998
2017-11-04 20:00:00,1.45
2017-11-04 21:00:00,1.1252
2017-11-04 22:00:00,1.4152
2017-11-04 23:00:00,1.0092
2017-11-05 00:00:00,0.9396
2017-11-05 01:00:00,1.624
2017-11-05 02:00:00,2.204
2017-11-05 03:00:00,0.7424
2017-11-05 04:00:00,0.6496
2017-11-05 05:00:00,0.58
2017-11-05 06:00:00,1.1252
2017-11-05 07:00:00,1.4268
2017-11-05 08:00:00,1.1368
2017-11-05 09:00:00,1.0092
2017-11-05 10:00:00,0.9048
2017-11-05 11:00:00,0.812
2017-11-05 12:00:00,0.6148
2017-11-05 13:00:00,0.5104
2017-11-05 14:00:00,0.4524
2017-11-05 15:00:00,0.3712
2017-11-05 16:00:00,0.9628
2017-11-05 17:00:00,2.0996
2017-11-05 18:00:00,3.0856
2017-11-05 19:00:00,1.9836
2017-11-05 20:00:00,2.8188
2017-11-05 21:00:00,2.1344
2017-11-05 22:00:00,1.8908
2017-11-05 23:00:00,2.5636
2017-11-06 00:00:00,2.8304
2017-11-06 01:00:00,1.9952
2017-11-06 02:00:00,1.7168
2017-11-06 03:00:00,3.48
2017-11-06 04:00:00,1.5428
2017-11-06 05:00:00,0.8468
2017-11-06 06:00:00,0.812
2017-11-06 07:00:00,1.45
2017-11-06 08:00:00,1.9024
2017-11-06 09:00:00,1.9836
2017-11-06 10:00:00,1.9024
2017-11-06 11:00:00,1.2296
2017-11-06 12:00:00,0.8468
2017-11-06 13:00:00,0.754
2017-11-06 14:00:00,0.6148
2017-11-06 15:00:00,0.5336
2017-11-06 16:00:00,0.7772
2017-11-06 17:00:00,2.4824
2017-11-06 18:00:00,2.2156
2017-11-06 19:00:00,1.7284
2017-11-06 20:00:00,2.6564
2017-11-06 21:00:00,2.9812
2017-11-06 22:00:00,2.8536
2017-11-06 23:00:00,1.9604
2017-11-07 00:00:00,2.0996
2017-11-07 01:00:00,1.6472
2017-11-07 02:00:00,1.1484
2017-11-07 03:00:00,1.1832
2017-11-07 04:00:00,1.0904
2017-11-07 05:00:00,0.9048
2017-11-07 06:00:00,1.0092
2017-11-07 07:00:00,1.2296
2017-11-07 08:00:00,1.1484
2017-11-07 09:00:00,1.45
2017-11-07 10:00:00,1.3456
2017-11-07 11:00:00,1.2992
2017-11-07 12:00:00,1.0208
2017-11-07 13:00:00,1.0788
2017-11-07 14:00:00,1.1252
2017-11-07 15:00:00,1.1832
2017-11-07 16:00:00,1.1948
2017-11-07 17:00:00,1.624
2017-11-07 18:00:00,1.914
2017-11-07 19:00:00,1.9604
2017-11-07 20:00:00,1.798
2017-11-07 21:00:00,2.204
2017-11-07 22:00:00,1.7632
2017-11-07 23:00:00,1.7284
2017-11-08 00:00:00,1.798
2017-11-08 01:00:00,1.2644
2017-11-08 02:00:00,1.4268
2017-11-08 03:00:00,0.4524
2017-11-08 04:00:00,0.174
2017-11-08 05:00:00,0.2668
2017-11-08 06:00:00,0.2784
2017-11-08 07:00:00,0.3132
2017-11-08 08:00:00,0.8236
2017-11-08 09:00:00,1.7168
2017-11-08 10:00:00,1.1832
2017-11-08 11:00:00,1.1716
2017-11-08 12:00:00,0.8816
2017-11-08 13:00:00,0.7192
2017-11-08 14:00:00,0.5916
2017-11-08 15:00:00,0.638
2017-11-08 16:00:00,0.638
2017-11-08 17:00:00,0.9976
2017-11-08 18:00:00,1.0556
2017-11-08 19:00:00,1.2296
2017-11-08 20:00:00,1.798
2017-11-08 21:00:00,2.0184
2017-11-08 22:00:00,2.1112
2017-11-08 23:00:00,2.146
2017-11-09 00:00:00,1.4036
2017-11-09 01:00:00,0.6032
2017-11-09 02:00:00,0.5916
2017-11-09 03:00:00,0.5336
2017-11-09 04:00:00,0.348
2017-11-09 05:00:00,0.3364
2017-11-09 06:00:00,0.3596
2017-11-09 07:00:00,0.5684
2017-11-09 08:00:00,0.8468
2017-11-09 09:00:00,0.928
2017-11-09 10:00:00,0.696
2017-11-09 11:00:00,0.4872
2017-11-09 12:00:00,0.1972
2017-11-09 13:00:00,0.0812
2017-11-09 14:00:00,0.2088
2017-11-09 15:00:00,0.1972
2017-11-09 16:00:00,1.5544
2017-11-09 17:00:00,1.7052
2017-11-09 18:00:00,2.0068
2017-11-09 19:00:00,1.4848
2017-11-09 20:00:00,1.102
2017-11-09 21:00:00,0.9628
2017-11-09 22:00:00,1.1484
2017-11-09 23:00:00,1.1832
2017-11-10 00:00:00,0.8352
2017-11-10 01:00:00,0.58
2017-11-10 02:00:00,0.7772
2017-11-10 03:00:00,0.986
2017-11-10 04:00:00,0.58
2017-11-10 05:00:00,0.4988
2017-11-10 06:00:00,0.6496
2017-11-10 07:00:00,0.6728
2017-11-10 08:00:00,0.9512
2017-11-10 09:00:00,0.8468
2017-11-10 10:00:00,0.9396
2017-11-10 11:00:00,0.7192
2017-11-10 12:00:00,0.6148
2017-11-10 13:00:00,0.7192
2017-11-10 14:00:00,0.5336
2017-11-10 15:00:00,0.6032
2017-11-10 16:00:00,0.8004
2017-11-10 17:00:00,1.392
2017-11-10 18:00:00,1.972
2017-11-10 19:00:00,2.61
2017-11-10 20:00:00,3.6424
2017-11-10 21:00:00,2.7608
2017-11-10 22:00:00,3.2596
2017-11-10 23:00:00,3.0624
2017-11-11 00:00:00,2.4708
2017-11-11 01:00:00,2.2504
2017-11-11 02:00:00,1.6704
2017-11-11 03:00:00,1.6704
2017-11-11 04:00:00,1.1948
2017-11-11 05:00:00,0.87
2017-11-11 06:00:00,0.5916
2017-11-11 07:00:00,0.6496
2017-11-11 08:00:00,1.2644
2017-11-11 09:00:00,0.7192
2017-11-11 10:00:00,1.3224
2017-11-11 11:00:00,0.522
2017-11-11 12:00:00,0.638
2017-11-11 13:00:00,1.1368
2017-11-11 14:00:00,1.392
2017-11-11 15:00:00,1.218
2017-11-11 16:00:00,1.4384
2017-11-11 17:00:00,1.2876
2017-11-11 18:00:00,1.7748
2017-11-11 19:00:00,2.7144
2017-11-11 20:00:00,2.0648
2017-11-11 21:00:00,2.4592
2017-11-11 22:00:00,2.0068
2017-11-11 23:00:00,2.4824
2017-11-12 00:00:00,2.03
2017-11-12 01:00:00,2.4824
2017-11-12 02:00:00,1.6356
2017-11-12 03:00:00,1.8908
2017-11-12 04:00:00,1.9372
2017-11-12 05:00:00,1.392
2017-11-12 06:00:00,1.3804
2017-11-12 07:00:00,1.0556
2017-11-12 08:00:00,0.8932
2017-11-12 09:00:00,1.0324
2017-11-12 10:00:00,0.522
2017-11-12 11:00:00,0.4872
2017-11-12 12:00:00,0.3828
2017-11-12 13:00:00,0.4872
2017-11-12 14:00:00,0.928
2017-11-12 15:00:00,1.2296
2017-11-12 16:00:00,0.9744
2017-11-12 17:00:00,1.45
2017-11-12 18:00:00,1.8212
2017-11-12 19:00:00,2.5984
2017-11-12 20:00:00,2.958
2017-11-12 21:00:00,3.7816
2017-11-12 22:00:00,3.654
2017-11-12 23:00:00,3.886
2017-11-13 00:00:00,3.4336
2017-11-13 01:00:00,3.3292
2017-11-13 02:00:00,2.2504
2017-11-13 03:00:00,1.9024
2017-11-13 04:00:00,1.8328
2017-11-13 05:00:00,1.7052
2017-11-13 06:00:00,1.5312
2017-11-13 07:00:00,1.4036
2017-11-13 08:00:00,1.856
2017-11-13 09:00:00,2.1924
2017-11-13 10:00:00,2.262
2017-11-13 11:00:00,1.6936
2017-11-13 12:00:00,1.972
2017-11-13 13:00:00,2.1576
2017-11-13 14:00:00,1.5892
2017-11-13 15:00:00,1.5776
2017-11-13 16:00:00,2.3316
2017-11-13 17:00:00,2.8768
2017-11-13 18:00:00,3.6772
2017-11-13 19:00:00,2.0648
2017-11-13 20:00:00,1.7748
2017-11-13 21:00:00,3.2944
2017-11-13 22:00:00,3.1552
2017-11-13 23:00:00,3.074
2017-11-14 00:00:00,2.5056
2017-11-14 01:00:00,2.3084
2017-11-14 02:00:00,2.1692
2017-11-14 03:00:00,2.0068
2017-11-14 04:00:00,1.3804
2017-11-14 05:00:00,1.0672
2017-11-14 06:00:00,1.0324
2017-11-14 07:00:00,1.624
2017-11-14 08:00:00,1.682
2017-11-14 09:00:00,1.3224
2017-11-14 10:00:00,1.5892
2017-11-14 11:00:00,1.1368
2017-11-14 12:00:00,0.8352
2017-11-14 13:00:00,1.1832
2017-11-14 14:00:00,1.276
2017-11-14 15:00:00,1.16
2017-11-14 16:00:00,1.4616
2017-11-14 17:00:00,1.6936
2017-11-14 18:00:00,1.218
2017-11-14 19:00:00,1.102
2017-11-14 20:00:00,1.1948
2017-11-14 21:00:00,0.8584
2017-11-14 22:00:00,0.9628
2017-11-14 23:00:00,0.8468
2017-11-15 00:00:00,0.6728
2017-11-15 01:00:00,0.6728
2017-11-15 02:00:00,0.406
2017-11-15 03:00:00,0.3248
2017-11-15 04:00:00,0.2204
2017-11-15 05:00:00,0.1624
2017-11-15 06:00:00,0.2784
2017-11-15 07:00:00,0.7888
2017-11-15 08:00:00,1.5776
2017-11-15 09:00:00,0.8584
2017-11-15 10:00:00,0.8584
2017-11-15 11:00:00,0.7772
2017-11-15 12:00:00,1.0904
2017-11-15 13:00:00,1.4964
2017-11-15 14:00:00,1.276
2017-11-15 15:00:00,1.0324
2017-11-15 16:00:00,1.798
2017-11-15 17:00:00,2.3316
2017-11-15 18:00:00,1.4732
2017-11-15 19:00:00,1.4732
2017-11-15 20:00:00,1.0208
2017-11-15 21:00:00,1.4152
2017-11-15 22:00:00,1.624
2017-11-15 23:00:00,0.928
2017-11-16 00:00:00,1.0904
2017-11-16 01:00:00,1.0556
2017-11-16 02:00:00,0.9396
2017-11-16 03:00:00,0.8352
2017-11-16 04:00:00,0.6496
2017-11-16 05:00:00,0.5916
2017-11-16 06:00:00,0.7888
2017-11-16 07:00:00,0.87
2017-11-16 08:00:00,1.4732
2017-11-16 09:00:00,1.2528
2017-11-16 10:00:00,1.0092
2017-11-16 11:00:00,1.6008
2017-11-16 12:00:00,1.9952
2017-11-16 13:00:00,1.9256
2017-11-16 14:00:00,1.6008
2017-11-16 15:00:00,1.5428
2017-11-16 16:00:00,1.2296
2017-11-16 17:00:00,1.5659999999999998
2017-11-16 18:00:00,1.9836
2017-11-16 19:00:00,1.9836
2017-11-16 20:00:00,2.2272
2017-11-16 21:00:00,2.552
2017-11-16 22:00:00,2.7608
2017-11-16 23:00:00,2.494
2017-11-17 00:00:00,2.5288
2017-11-17 01:00:00,2.494
2017-11-17 02:00:00,2.436
2017-11-17 03:00:00,1.1368
2017-11-17 04:00:00,0.6496
2017-11-17 05:00:00,0.7424
2017-11-17 06:00:00,0.7656
2017-11-17 07:00:00,0.5452
2017-11-17 08:00:00,0.7424
2017-11-17 09:00:00,0.9976
2017-11-17 10:00:00,0.8468
2017-11-17 11:00:00,0.9396
2017-11-17 12:00:00,0.9628
2017-11-17 13:00:00,1.102
2017-11-17 14:00:00,1.0672
2017-11-17 15:00:00,0.986
2017-11-17 16:00:00,1.1136
2017-11-17 17:00:00,1.16
2017-11-17 18:00:00,1.1368
2017-11-17 19:00:00,1.102
2017-11-17 20:00:00,1.276
2017-11-17 21:00:00,1.5776
2017-11-17 22:00:00,1.5544
2017-11-17 23:00:00,1.0556
2017-11-18 00:00:00,1.3224
2017-11-18 01:00:00,0.928
2017-11-18 02:00:00,0.8236
2017-11-18 03:00:00,0.6612
2017-11-18 04:00:00,0.5916
2017-11-18 05:00:00,0.464
2017-11-18 06:00:00,0.464
2017-11-18 07:00:00,0.6844
2017-11-18 08:00:00,0.5916
2017-11-18 09:00:00,0.4988
2017-11-18 10:00:00,0.5916
2017-11-18 11:00:00,0.7424
2017-11-18 12:00:00,0.812
2017-11-18 13:00:00,0.7308
2017-11-18 14:00:00,0.7888
2017-11-18 15:00:00,1.0324
2017-11-18 16:00:00,1.3688
2017-11-18 17:00:00,0.8468
2017-11-18 18:00:00,0.7192
2017-11-18 19:00:00,1.1484
2017-11-18 20:00:00,1.2992
2017-11-18 21:00:00,0.9512
2017-11-18 22:00:00,0.9744
2017-11-18 23:00:00,0.9976
2017-11-19 00:00:00,0.9976
2017-11-19 01:00:00,0.812
2017-11-19 02:00:00,0.7772
2017-11-19 03:00:00,0.6148
2017-11-19 04:00:00,0.7308
2017-11-19 05:00:00,0.6032
2017-11-19 06:00:00,0.58
2017-11-19 07:00:00,0.5684
2017-11-19 08:00:00,0.696
2017-11-19 09:00:00,0.7308
2017-11-19 10:00:00,0.6496
2017-11-19 11:00:00,0.8468
2017-11-19 12:00:00,0.8816
2017-11-19 13:00:00,1.0208
2017-11-19 14:00:00,0.6612
2017-11-19 15:00:00,0.638
2017-11-19 16:00:00,1.0904
2017-11-19 17:00:00,1.16
2017-11-19 18:00:00,1.2992
2017-11-19 19:00:00,1.334
2017-11-19 20:00:00,1.4036
2017-11-19 21:00:00,1.4152
2017-11-19 22:00:00,1.45
2017-11-19 23:00:00,0.8236
2017-11-20 00:00:00,0.4756
2017-11-20 01:00:00,0.406
2017-11-20 02:00:00,0.232
2017-11-20 03:00:00,0.1856
2017-11-20 04:00:00,0.1856
2017-11-20 05:00:00,0.116
2017-11-20 06:00:00,0.1508
2017-11-20 07:00:00,0.3712
2017-11-20 08:00:00,0.5916
2017-11-20 09:00:00,0.4524
2017-11-20 10:00:00,0.4988
2017-11-20 11:00:00,0.3248
2017-11-20 12:00:00,0.232
2017-11-20 13:00:00,0.3712
2017-11-20 14:00:00,0.6148
2017-11-20 15:00:00,0.3248
2017-11-20 16:00:00,0.3364
2017-11-20 17:00:00,0.9396
2017-11-20 18:00:00,1.102
2017-11-20 19:00:00,0.8816
2017-11-20 20:00:00,0.87
2017-11-20 21:00:00,0.5916
2017-11-20 22:00:00,0.638
2017-11-20 23:00:00,0.986
2017-11-21 00:00:00,1.276
2017-11-21 01:00:00,1.856
2017-11-21 02:00:00,2.0184
2017-11-21 03:00:00,1.0092
2017-11-21 04:00:00,0.5568
2017-11-21 05:00:00,0.4292
2017-11-21 06:00:00,0.8004
2017-11-21 07:00:00,0.928
2017-11-21 08:00:00,1.1948
2017-11-21 09:00:00,1.1368
2017-11-21 10:00:00,0.7772
2017-11-21 11:00:00,0.7772
2017-11-21 12:00:00,0.406
2017-11-21 13:00:00,0.29
2017-11-21 14:00:00,0.2668
2017-11-21 15:00:00,0.3132
2017-11-21 16:00:00,1.45
2017-11-21 17:00:00,2.1112
2017-11-21 18:00:00,2.958
2017-11-21 19:00:00,2.0068
2017-11-21 20:00:00,1.9488
2017-11-21 21:00:00,1.5659999999999998
2017-11-21 22:00:00,2.1576
2017-11-21 23:00:00,2.1112
2017-11-22 00:00:00,2.6448
2017-11-22 01:00:00,2.7144
2017-11-22 02:00:00,1.5892
2017-11-22 03:00:00,1.5892
2017-11-22 04:00:00,2.0532
2017-11-22 05:00:00,1.5428
2017-11-22 06:00:00,1.0556
2017-11-22 07:00:00,0.8468
2017-11-22 08:00:00,0.8816
2017-11-22 09:00:00,0.8236
2017-11-22 10:00:00,0.8932
2017-11-22 11:00:00,1.2412
2017-11-22 12:00:00,1.1484
2017-11-22 13:00:00,0.8004
2017-11-22 14:00:00,0.4988
2017-11-22 15:00:00,0.4872
2017-11-22 16:00:00,0.986
2017-11-22 17:00:00,2.7260000000000004
2017-11-22 18:00:00,4.5124
2017-11-22 19:00:00,4.8372
2017-11-22 20:00:00,2.3316
2017-11-22 21:00:00,2.2852
2017-11-22 22:00:00,2.0648
2017-11-22 23:00:00,2.6448
2017-11-23 00:00:00,2.7492
2017-11-23 01:00:00,1.8908
2017-11-23 02:00:00,2.9
2017-11-23 03:00:00,3.2828
2017-11-23 04:00:00,2.3896
2017-11-23 05:00:00,2.2852
2017-11-23 06:00:00,2.0996
2017-11-23 07:00:00,2.2504
2017-11-23 08:00:00,2.0648
2017-11-23 09:00:00,2.3084
2017-11-23 10:00:00,2.1112
2017-11-23 11:00:00,1.7284
2017-11-23 12:00:00,1.5544
2017-11-23 13:00:00,1.4384
2017-11-23 14:00:00,0.6612
2017-11-23 15:00:00,0.5916
2017-11-23 16:00:00,2.9928
2017-11-23 17:00:00,4.3036
2017-11-23 18:00:00,4.1528
2017-11-23 19:00:00,3.886
2017-11-23 20:00:00,2.8884
2017-11-23 21:00:00,3.0972
2017-11-23 22:00:00,3.2016
2017-11-23 23:00:00,2.7260000000000004
2017-11-24 00:00:00,3.5612
2017-11-24 01:00:00,2.4708
2017-11-24 02:00:00,2.7724
2017-11-24 03:00:00,2.3316
2017-11-24 04:00:00,1.5544
2017-11-24 05:00:00,1.044
2017-11-24 06:00:00,1.9024
2017-11-24 07:00:00,2.5288
2017-11-24 08:00:00,2.8188
2017-11-24 09:00:00,2.61
2017-11-24 10:00:00,1.9024
2017-11-24 11:00:00,1.1136
2017-11-24 12:00:00,1.3688
2017-11-24 13:00:00,1.3456
2017-11-24 14:00:00,1.1832
2017-11-24 15:00:00,1.276
2017-11-24 16:00:00,2.4592
2017-11-24 17:00:00,4.6284
2017-11-24 18:00:00,5.858
2017-11-24 19:00:00,2.436
2017-11-24 20:00:00,2.03
2017-11-24 21:00:00,2.3084
2017-11-24 22:00:00,5.6028
2017-11-24 23:00:00,7.8416
2017-11-25 00:00:00,7.1572
2017-11-25 01:00:00,6.9716
2017-11-25 02:00:00,4.2688
2017-11-25 03:00:00,3.19
2017-11-25 04:00:00,3.0508
2017-11-25 05:00:00,3.2132
2017-11-25 06:00:00,2.552
2017-11-25 07:00:00,1.4268
2017-11-25 08:00:00,2.7028
2017-11-25 09:00:00,2.0532
2017-11-25 10:00:00,1.9952
2017-11-25 11:00:00,1.7052
2017-11-25 12:00:00,1.7052
2017-11-25 13:00:00,0.7192
2017-11-25 14:00:00,0.6032
2017-11-25 15:00:00,0.928
2017-11-25 16:00:00,2.0416
2017-11-25 17:00:00,3.074
2017-11-25 18:00:00,5.5564
2017-11-25 19:00:00,3.77
2017-11-25 20:00:00,2.1344
2017-11-25 21:00:00,2.5636
2017-11-25 22:00:00,3.5496
2017-11-25 23:00:00,3.3756
2017-11-26 00:00:00,2.7376
2017-11-26 01:00:00,3.2828
2017-11-26 02:00:00,3.4336
2017-11-26 03:00:00,3.8512
2017-11-26 04:00:00,2.3432
2017-11-26 05:00:00,1.9372
2017-11-26 06:00:00,2.1808
2017-11-26 07:00:00,2.7608
2017-11-26 08:00:00,2.784
2017-11-26 09:00:00,2.0068
2017-11-26 10:00:00,1.74
2017-11-26 11:00:00,1.7168
2017-11-26 12:00:00,1.392
2017-11-26 13:00:00,1.102
2017-11-26 14:00:00,1.4616
2017-11-26 15:00:00,1.2644
2017-11-26 16:00:00,1.276
2017-11-26 17:00:00,1.1484
2017-11-26 18:00:00,2.8768
2017-11-26 19:00:00,2.958
2017-11-26 20:00:00,2.9232
2017-11-26 21:00:00,2.6912
2017-11-26 22:00:00,2.5752
2017-11-26 23:00:00,2.3896
2017-11-27 00:00:00,3.3756
2017-11-27 01:00:00,2.1112
2017-11-27 02:00:00,0.232
2017-11-27 03:00:00,0.1392
2017-11-27 04:00:00,0.1624
2017-11-27 05:00:00,0.2088
2017-11-27 06:00:00,0.2436
2017-11-27 07:00:00,0.5104
2017-11-27 08:00:00,1.2644
2017-11-27 09:00:00,1.4616
2017-11-27 10:00:00,0.8584
2017-11-27 11:00:00,0.9976
2017-11-27 12:00:00,1.1484
2017-11-27 13:00:00,0.9744
2017-11-27 14:00:00,0.8004
2017-11-27 15:00:00,0.7772
2017-11-27 16:00:00,0.8236
2017-11-27 17:00:00,0.7888
2017-11-27 18:00:00,0.696
2017-11-27 19:00:00,0.5916
2017-11-27 20:00:00,0.3944
2017-11-27 21:00:00,0.406
2017-11-27 22:00:00,0.348
2017-11-27 23:00:00,0.2784
2017-11-28 00:00:00,0.2784
2017-11-28 01:00:00,0.1276
2017-11-28 02:00:00,0.5258666666666666
2017-11-28 03:00:00,0.5029888888888888
2017-11-28 04:00:00,0.48013796296296296
2017-11-28 05:00:00,0.4515161265432099
2017-11-28 06:00:00,0.4234091370884773
2017-11-28 07:00:00,0.058
2017-11-28 08:00:00,0.2784
2017-11-28 09:00:00,0.2552
2017-11-28 10:00:00,0.2204
2017-11-28 11:00:00,0.3248
2017-11-28 12:00:00,0.522
2017-11-28 13:00:00,0.464
2017-11-28 14:00:00,0.29
2017-11-28 15:00:00,0.6264
2017-11-28 16:00:00,1.8096
2017-11-28 17:00:00,2.2272
2017-11-28 18:00:00,0.7424
2017-11-28 19:00:00,0.4988
2017-11-28 20:00:00,1.276
2017-11-28 21:00:00,2.1692
2017-11-28 22:00:00,1.972
2017-11-28 23:00:00,1.8328
2017-11-29 00:00:00,1.8212
2017-11-29 01:00:00,1.3572
2017-11-29 02:00:00,2.2388
2017-11-29 03:00:00,1.74
2017-11-29 04:00:00,1.0208
2017-11-29 05:00:00,0.9396
2017-11-29 06:00:00,0.696
2017-11-29 07:00:00,1.0208
2017-11-29 08:00:00,1.2296
2017-11-29 09:00:00,1.2528
2017-11-29 10:00:00,1.392
2017-11-29 11:00:00,1.3572
2017-11-29 12:00:00,0.9396
2017-11-29 13:00:00,0.5916
2017-11-29 14:00:00,0.3132
2017-11-29 15:00:00,0.406
2017-11-29 16:00:00,0.986
2017-11-29 17:00:00,2.2852
2017-11-29 18:00:00,2.3896
2017-11-29 19:00:00,3.5148
2017-11-29 20:00:00,4.4892
2017-11-29 21:00:00,5.5216
2017-11-29 22:00:00,4.9532
2017-11-29 23:00:00,5.0692
2017-11-30 00:00:00,4.5472
2017-11-30 01:00:00,4.0484
2017-11-30 02:00:00,2.8304
2017-11-30 03:00:00,2.0648
2017-11-30 04:00:00,1.4384
2017-11-30 05:00:00,1.218
2017-11-30 06:00:00,0.9744
2017-11-30 07:00:00,1.0092
2017-11-30 08:00:00,1.1484
2017-11-30 09:00:00,1.2644
2017-11-30 10:00:00,1.2644
2017-11-30 11:00:00,1.3688
2017-11-30 12:00:00,1.508
2017-11-30 13:00:00,1.7168
2017-11-30 14:00:00,2.2736
2017-11-30 15:00:00,1.914
2017-11-30 16:00:00,1.8792
2017-11-30 17:00:00,2.1808
2017-11-30 18:00:00,2.146
2017-11-30 19:00:00,2.1924
2017-11-30 20:00:00,2.1228
2017-11-30 21:00:00,2.2272
2017-11-30 22:00:00,2.2156
2017-11-30 23:00:00,2.5636
2017-12-01 00:00:00,1.3804
2017-12-01 01:00:00,0.986
2017-12-01 02:00:00,1.7748
2017-12-01 03:00:00,1.7168
2017-12-01 04:00:00,1.5776
2017-12-01 05:00:00,1.798
2017-12-01 06:00:00,1.2528
2017-12-01 07:00:00,0.696
2017-12-01 08:00:00,0.9976
2017-12-01 09:00:00,2.2968
2017-12-01 10:00:00,2.1576
2017-12-01 11:00:00,1.856
2017-12-01 12:00:00,1.1716
2017-12-01 13:00:00,1.5312
2017-12-01 14:00:00,1.4268
2017-12-01 15:00:00,1.1368
2017-12-01 16:00:00,1.3688
2017-12-01 17:00:00,1.6936
2017-12-01 18:00:00,1.3108
2017-12-01 19:00:00,1.0208
2017-12-01 20:00:00,0.8468
2017-12-01 21:00:00,0.8468
2017-12-01 22:00:00,1.276
2017-12-01 23:00:00,0.8932
2017-12-02 00:00:00,0.6032
2017-12-02 01:00:00,0.58
2017-12-02 02:00:00,0.4988
2017-12-02 03:00:00,0.6844
2017-12-02 04:00:00,0.5336
2017-12-02 05:00:00,0.4988
2017-12-02 06:00:00,0.4524
2017-12-02 07:00:00,0.638
2017-12-02 08:00:00,0.87
2017-12-02 09:00:00,0.87
2017-12-02 10:00:00,0.9512
2017-12-02 11:00:00,1.1484
2017-12-02 12:00:00,1.102
2017-12-02 13:00:00,1.044
2017-12-02 14:00:00,1.0556
2017-12-02 15:00:00,1.3456
2017-12-02 16:00:00,1.5196
2017-12-02 17:00:00,1.9836
2017-12-02 18:00:00,1.4384
2017-12-02 19:00:00,1.1948
2017-12-02 20:00:00,1.1252
2017-12-02 21:00:00,1.5776
2017-12-02 22:00:00,1.4732
2017-12-02 23:00:00,1.1368
2017-12-03 00:00:00,0.8352
2017-12-03 01:00:00,0.9396
2017-12-03 02:00:00,0.9512
2017-12-03 03:00:00,0.7656
2017-12-03 04:00:00,0.7192
2017-12-03 05:00:00,0.7888
2017-12-03 06:00:00,0.8004
2017-12-03 07:00:00,0.87
2017-12-03 08:00:00,0.928
2017-12-03 09:00:00,0.9048
2017-12-03 10:00:00,1.0556
2017-12-03 11:00:00,1.0092
2017-12-03 12:00:00,0.9396
2017-12-03 13:00:00,0.7192
2017-12-03 14:00:00,1.276
2017-12-03 15:00:00,1.8096
2017-12-03 16:00:00,2.146
2017-12-03 17:00:00,4.6168
2017-12-03 18:00:00,6.6468
2017-12-03 19:00:00,5.4404
2017-12-03 20:00:00,5.742000000000001
2017-12-03 21:00:00,4.8836
2017-12-03 22:00:00,5.4404
2017-12-03 23:00:00,5.6956
2017-12-04 00:00:00,6.1596
2017-12-04 01:00:00,3.016
2017-12-04 02:00:00,1.9488
2017-12-04 03:00:00,2.03
2017-12-04 04:00:00,1.1948
2017-12-04 05:00:00,0.8352
2017-12-04 06:00:00,0.6148
2017-12-04 07:00:00,1.0324
2017-12-04 08:00:00,1.9952
2017-12-04 09:00:00,1.624
2017-12-04 10:00:00,1.2064
2017-12-04 11:00:00,0.87
2017-12-04 12:00:00,1.1252
2017-12-04 13:00:00,1.1368
2017-12-04 14:00:00,1.4964
2017-12-04 15:00:00,1.682
2017-12-04 16:00:00,1.7864
2017-12-04 17:00:00,1.5196
2017-12-04 18:00:00,0.9048
2017-12-04 19:00:00,0.696
2017-12-04 20:00:00,0.87
2017-12-04 21:00:00,1.1368
2017-12-04 22:00:00,1.1832
2017-12-04 23:00:00,1.334
2017-12-05 00:00:00,1.9024
2017-12-05 01:00:00,1.0904
2017-12-05 02:00:00,0.4988
2017-12-05 03:00:00,0.6148
2017-12-05 04:00:00,0.3828
2017-12-05 05:00:00,0.638
2017-12-05 06:00:00,0.7656
2017-12-05 07:00:00,1.0208
2017-12-05 08:00:00,2.1924
2017-12-05 09:00:00,1.7864
2017-12-05 10:00:00,1.1484
2017-12-05 11:00:00,1.102
2017-12-05 12:00:00,0.5104
2017-12-05 13:00:00,0.5452
2017-12-05 14:00:00,0.5336
2017-12-05 15:00:00,0.696
2017-12-05 16:00:00,0.4872
2017-12-05 17:00:00,0.6148
2017-12-05 18:00:00,0.6264
2017-12-05 19:00:00,0.986
2017-12-05 20:00:00,0.8236
2017-12-05 21:00:00,0.9048
2017-12-05 22:00:00,1.044
2017-12-05 23:00:00,0.406
2017-12-06 00:00:00,0.4292
2017-12-06 01:00:00,0.5916
2017-12-06 02:00:00,0.4176
2017-12-06 03:00:00,0.2088
2017-12-06 04:00:00,0.2204
2017-12-06 05:00:00,0.1972
2017-12-06 06:00:00,0.2436
2017-12-06 07:00:00,0.4988
2017-12-06 08:00:00,0.8352
2017-12-06 09:00:00,0.9976
2017-12-06 10:00:00,0.5104
2017-12-06 11:00:00,0.4872
2017-12-06 12:00:00,0.5568
2017-12-06 13:00:00,0.4408
2017-12-06 14:00:00,0.2552
2017-12-06 15:00:00,0.348
2017-12-06 16:00:00,0.8584
2017-12-06 17:00:00,1.4152
2017-12-06 18:00:00,3.2828
2017-12-06 19:00:00,2.5868
2017-12-06 20:00:00,3.132
2017-12-06 21:00:00,2.6912
2017-12-06 22:00:00,2.2852
2017-12-06 23:00:00,2.4244
2017-12-07 00:00:00,4.5936
2017-12-07 01:00:00,4.0948
2017-12-07 02:00:00,3.8628
2017-12-07 03:00:00,4.5008
2017-12-07 04:00:00,2.9696
2017-12-07 05:00:00,2.1808
2017-12-07 06:00:00,2.146
2017-12-07 07:00:00,2.1576
2017-12-07 08:00:00,2.6796
2017-12-07 09:00:00,2.7492
2017-12-07 10:00:00,2.204
2017-12-07 11:00:00,1.9488
2017-12-07 12:00:00,1.7748
2017-12-07 13:00:00,1.9488
2017-12-07 14:00:00,2.1808
2017-12-07 15:00:00,2.2852
2017-12-07 16:00:00,3.8628
2017-12-07 17:00:00,6.3104
2017-12-07 18:00:00,6.3104
2017-12-07 19:00:00,2.4128
2017-12-07 20:00:00,3.4336
2017-12-07 21:00:00,5.2084
2017-12-07 22:00:00,6.5424
2017-12-07 23:00:00,5.6608
2017-12-08 00:00:00,6.7048
2017-12-08 01:00:00,4.176
2017-12-08 02:00:00,4.4428
2017-12-08 03:00:00,5.0808
2017-12-08 04:00:00,4.4312
2017-12-08 05:00:00,3.3756
2017-12-08 06:00:00,2.8188
2017-12-08 07:00:00,2.2852
2017-12-08 08:00:00,2.3664
2017-12-08 09:00:00,2.204
2017-12-08 10:00:00,2.2156
2017-12-08 11:00:00,2.1924
2017-12-08 12:00:00,2.0532
2017-12-08 13:00:00,1.8096
2017-12-08 14:00:00,1.624
2017-12-08 15:00:00,1.6704
2017-12-08 16:00:00,2.9464
2017-12-08 17:00:00,3.654
2017-12-08 18:00:00,4.5704
2017-12-08 19:00:00,3.3408
2017-12-08 20:00:00,4.8488
2017-12-08 21:00:00,4.0832
2017-12-08 22:00:00,5.4288
2017-12-08 23:00:00,5.3012
2017-12-09 00:00:00,5.0924
2017-12-09 01:00:00,4.3732
2017-12-09 02:00:00,4.4544
2017-12-09 03:00:00,4.3384
2017-12-09 04:00:00,4.1992
2017-12-09 05:00:00,3.8164
2017-12-09 06:00:00,3.5728
2017-12-09 07:00:00,3.0392
2017-12-09 08:00:00,2.8768
2017-12-09 09:00:00,2.8536
2017-12-09 10:00:00,2.6448
2017-12-09 11:00:00,2.2156
2017-12-09 12:00:00,2.2504
2017-12-09 13:00:00,2.3548
2017-12-09 14:00:00,2.1112
2017-12-09 15:00:00,2.4244
2017-12-09 16:00:00,3.132
2017-12-09 17:00:00,3.9788
2017-12-09 18:00:00,2.842
2017-12-09 19:00:00,2.1228
2017-12-09 20:00:00,1.8676
2017-12-09 21:00:00,1.9488
2017-12-09 22:00:00,2.3548
2017-12-09 23:00:00,2.1228
2017-12-10 00:00:00,0.9628
2017-12-10 01:00:00,0.754
2017-12-10 02:00:00,0.58
2017-12-10 03:00:00,0.464
2017-12-10 04:00:00,0.4408
2017-12-10 05:00:00,0.4176
2017-12-10 06:00:00,0.3712
2017-12-10 07:00:00,0.638
2017-12-10 08:00:00,0.6844
2017-12-10 09:00:00,0.6728
2017-12-10 10:00:00,0.696
2017-12-10 11:00:00,0.6148
2017-12-10 12:00:00,0.5336
2017-12-10 13:00:00,0.4408
2017-12-10 14:00:00,0.4176
2017-12-10 15:00:00,0.3596
2017-12-10 16:00:00,0.4988
2017-12-10 17:00:00,1.2296
2017-12-10 18:00:00,2.7956
2017-12-10 19:00:00,4.9416
2017-12-10 20:00:00,5.046
2017-12-10 21:00:00,3.8048
2017-12-10 22:00:00,3.4452
2017-12-10 23:00:00,3.1552
2017-12-11 00:00:00,2.6448
2017-12-11 01:00:00,2.3316
2017-12-11 02:00:00,2.8768
2017-12-11 03:00:00,2.3664
2017-12-11 04:00:00,2.32
2017-12-11 05:00:00,2.03
2017-12-11 06:00:00,1.2296
2017-12-11 07:00:00,1.334
2017-12-11 08:00:00,1.856
2017-12-11 09:00:00,2.0996
2017-12-11 10:00:00,1.9372
2017-12-11 11:00:00,1.972
2017-12-11 12:00:00,1.7284
2017-12-11 13:00:00,2.03
2017-12-11 14:00:00,3.0972
2017-12-11 15:00:00,3.596
2017-12-11 16:00:00,3.2944
2017-12-11 17:00:00,4.466
2017-12-11 18:00:00,7.0876
2017-12-11 19:00:00,7.366
2017-12-11 20:00:00,5.336
2017-12-11 21:00:00,7.598
2017-12-11 22:00:00,5.6608
2017-12-11 23:00:00,4.988
2017-12-12 00:00:00,4.1992
2017-12-12 01:00:00,3.1784
2017-12-12 02:00:00,4.3036
2017-12-12 03:00:00,6.6584
2017-12-12 04:00:00,6.6236
2017-12-12 05:00:00,4.9648
2017-12-12 06:00:00,3.4452
2017-12-12 07:00:00,4.2688
2017-12-12 08:00:00,2.1924
2017-12-12 09:00:00,2.6448
2017-12-12 10:00:00,3.2944
2017-12-12 11:00:00,1.9488
2017-12-12 12:00:00,0.8236
2017-12-12 13:00:00,1.16
2017-12-12 14:00:00,1.1368
2017-12-12 15:00:00,1.7864
2017-12-12 16:00:00,2.3316
2017-12-12 17:00:00,4.7676
2017-12-12 18:00:00,6.2756
2017-12-12 19:00:00,4.6284
2017-12-12 20:00:00,4.1644
2017-12-12 21:00:00,5.6608
2017-12-12 22:00:00,5.3708
2017-12-12 23:00:00,4.7792
2017-12-13 00:00:00,4.7328
2017-12-13 01:00:00,4.234
2017-12-13 02:00:00,4.6284
2017-12-13 03:00:00,5.7652
2017-12-13 04:00:00,6.2756
2017-12-13 05:00:00,3.6192
2017-12-13 06:00:00,2.9812
2017-12-13 07:00:00,4.3268
2017-12-13 08:00:00,6.2292
2017-12-13 09:00:00,6.0668
2017-12-13 10:00:00,4.988
2017-12-13 11:00:00,4.5472
2017-12-13 12:00:00,4.3036
2017-12-13 13:00:00,4.3152
2017-12-13 14:00:00,4.0832
2017-12-13 15:00:00,3.8164
2017-12-13 16:00:00,3.0392
2017-12-13 17:00:00,5.0924
2017-12-13 18:00:00,7.134
2017-12-13 19:00:00,6.728
2017-12-13 20:00:00,7.6676
2017-12-13 21:00:00,7.4124
2017-12-13 22:00:00,7.6444
2017-12-13 23:00:00,8.4216
2017-12-14 00:00:00,9.338
2017-12-14 01:00:00,7.2152
2017-12-14 02:00:00,6.8092
2017-12-14 03:00:00,6.5772
2017-12-14 04:00:00,7.0876
2017-12-14 05:00:00,7.1108
2017-12-14 06:00:00,6.7744
2017-12-14 07:00:00,6.0668
2017-12-14 08:00:00,5.8232
2017-12-14 09:00:00,4.9416
2017-12-14 10:00:00,5.1388
2017-12-14 11:00:00,5.568
2017-12-14 12:00:00,5.3592
2017-12-14 13:00:00,5.0924
2017-12-14 14:00:00,5.4288
2017-12-14 15:00:00,6.0552
2017-12-14 16:00:00,7.134
2017-12-14 17:00:00,6.6236
2017-12-14 18:00:00,5.916
2017-12-14 19:00:00,8.0852
2017-12-14 20:00:00,10.324000000000002
2017-12-14 21:00:00,10.15
2017-12-14 22:00:00,10.0572
2017-12-14 23:00:00,9.8368
2017-12-15 00:00:00,9.1176
2017-12-15 01:00:00,7.6560000000000015
2017-12-15 02:00:00,6.7628
2017-12-15 03:00:00,8.0504
2017-12-15 04:00:00,7.0296
2017-12-15 05:00:00,7.0412
2017-12-15 06:00:00,7.2964
2017-12-15 07:00:00,7.1108
2017-12-15 08:00:00,7.4588
2017-12-15 09:00:00,8.062000000000001
2017-12-15 10:00:00,8.1664
2017-12-15 11:00:00,6.8904
2017-12-15 12:00:00,7.54
2017-12-15 13:00:00,6.1712
2017-12-15 14:00:00,5.2084
2017-12-15 15:00:00,3.5844
2017-12-15 16:00:00,3.77
2017-12-15 17:00:00,7.5632
2017-12-15 18:00:00,7.7952
2017-12-15 19:00:00,7.2268
2017-12-15 20:00:00,7.1804
2017-12-15 21:00:00,4.8024
2017-12-15 22:00:00,4.6516
2017-12-15 23:00:00,3.3524
2017-12-16 00:00:00,2.8652
2017-12-16 01:00:00,2.0996
2017-12-16 02:00:00,0.9048
2017-12-16 03:00:00,0.4756
2017-12-16 04:00:00,0.7076
2017-12-16 05:00:00,0.6264
2017-12-16 06:00:00,0.5684
2017-12-16 07:00:00,0.928
2017-12-16 08:00:00,1.218
2017-12-16 09:00:00,0.7772
2017-12-16 10:00:00,0.9164
2017-12-16 11:00:00,1.6472
2017-12-16 12:00:00,1.9836
2017-12-16 13:00:00,2.0068
2017-12-16 14:00:00,2.3316
2017-12-16 15:00:00,2.5984
2017-12-16 16:00:00,2.842
2017-12-16 17:00:00,1.6124
2017-12-16 18:00:00,1.7284
2017-12-16 19:00:00,1.4036
2017-12-16 20:00:00,0.9048
2017-12-16 21:00:00,1.2528
2017-12-16 22:00:00,1.2528
2017-12-16 23:00:00,1.2876
2017-12-17 00:00:00,0.6148
2017-12-17 01:00:00,0.9744
2017-12-17 02:00:00,0.9048
2017-12-17 03:00:00,0.7076
2017-12-17 04:00:00,0.7308
2017-12-17 05:00:00,0.4988
2017-12-17 06:00:00,0.4292
2017-12-17 07:00:00,0.4872
2017-12-17 08:00:00,0.522
2017-12-17 09:00:00,0.6496
2017-12-17 10:00:00,0.7076
2017-12-17 11:00:00,0.8236
2017-12-17 12:00:00,0.8004
2017-12-17 13:00:00,0.9396
2017-12-17 14:00:00,1.218
2017-12-17 15:00:00,0.8816
2017-12-17 16:00:00,1.3804
2017-12-17 17:00:00,1.0904
2017-12-17 18:00:00,1.1252
2017-12-17 19:00:00,1.4036
2017-12-17 20:00:00,1.5196
2017-12-17 21:00:00,1.1484
2017-12-17 22:00:00,1.16
2017-12-17 23:00:00,0.9512
2017-12-18 00:00:00,1.0208
2017-12-18 01:00:00,0.8004
2017-12-18 02:00:00,0.58
2017-12-18 03:00:00,0.3596
2017-12-18 04:00:00,0.3132
2017-12-18 05:00:00,0.2552
2017-12-18 06:00:00,0.3132
2017-12-18 07:00:00,0.7308
2017-12-18 08:00:00,0.6032
2017-12-18 09:00:00,1.4384
2017-12-18 10:00:00,1.5428
2017-12-18 11:00:00,0.9396
2017-12-18 12:00:00,0.9048
2017-12-18 13:00:00,0.696
2017-12-18 14:00:00,0.7308
2017-12-18 15:00:00,0.8236
2017-12-18 16:00:00,2.0184
2017-12-18 17:00:00,1.9256
2017-12-18 18:00:00,1.7864
2017-12-18 19:00:00,1.5776
2017-12-18 20:00:00,1.1832
2017-12-18 21:00:00,0.8352
2017-12-18 22:00:00,0.5684
2017-12-18 23:00:00,0.4524
2017-12-19 00:00:00,0.4988
2017-12-19 01:00:00,0.5336
2017-12-19 02:00:00,0.406
2017-12-19 03:00:00,0.232
2017-12-19 04:00:00,0.1972
2017-12-19 05:00:00,0.174
2017-12-19 06:00:00,0.2088
2017-12-19 07:00:00,0.4872
2017-12-19 08:00:00,0.9976
2017-12-19 09:00:00,0.2436
2017-12-19 10:00:00,0.2552
2017-12-19 11:00:00,0.3248
2017-12-19 12:00:00,0.3712
2017-12-19 13:00:00,0.4176
2017-12-19 14:00:00,0.464
2017-12-19 15:00:00,0.464
2017-12-19 16:00:00,0.4872
2017-12-19 17:00:00,0.7424
2017-12-19 18:00:00,1.044
2017-12-19 19:00:00,0.7888
2017-12-19 20:00:00,1.2644
2017-12-19 21:00:00,1.45
2017-12-19 22:00:00,2.2504
2017-12-19 23:00:00,2.5984
2017-12-20 00:00:00,2.9
2017-12-20 01:00:00,1.9952
2017-12-20 02:00:00,0.8932
2017-12-20 03:00:00,0.9396
2017-12-20 04:00:00,0.87
2017-12-20 05:00:00,1.2064
2017-12-20 06:00:00,1.1368
2017-12-20 07:00:00,1.1368
2017-12-20 08:00:00,1.392
2017-12-20 09:00:00,1.4384
2017-12-20 10:00:00,1.3456
2017-12-20 11:00:00,1.45
2017-12-20 12:00:00,1.0788
2017-12-20 13:00:00,0.6728
2017-12-20 14:00:00,0.87
2017-12-20 15:00:00,0.6844
2017-12-20 16:00:00,0.7656
2017-12-20 17:00:00,1.4848
2017-12-20 18:00:00,1.16
2017-12-20 19:00:00,0.9976
2017-12-20 20:00:00,0.7192
2017-12-20 21:00:00,0.696
2017-12-20 22:00:00,0.6728
2017-12-20 23:00:00,0.4524
2017-12-21 00:00:00,0.6032
2017-12-21 01:00:00,0.8236
2017-12-21 02:00:00,0.5336
2017-12-21 03:00:00,0.2204
2017-12-21 04:00:00,0.0812
2017-12-21 05:00:00,0.058
2017-12-21 06:00:00,0.2552
2017-12-21 07:00:00,0.4524
2017-12-21 08:00:00,0.7888
2017-12-21 09:00:00,0.7424
2017-12-21 10:00:00,0.8584
2017-12-21 11:00:00,0.6612
2017-12-21 12:00:00,0.8236
2017-12-21 13:00:00,0.8004
2017-12-21 14:00:00,0.6612
2017-12-21 15:00:00,0.5336
2017-12-21 16:00:00,0.5684
2017-12-21 17:00:00,0.6496
2017-12-21 18:00:00,1.508
2017-12-21 19:00:00,1.4036
2017-12-21 20:00:00,1.856
2017-12-21 21:00:00,4.756
2017-12-21 22:00:00,1.914
2017-12-21 23:00:00,2.7608
2017-12-22 00:00:00,2.5288
2017-12-22 01:00:00,1.4268
2017-12-22 02:00:00,1.1136
2017-12-22 03:00:00,1.1368
2017-12-22 04:00:00,1.1484
2017-12-22 05:00:00,0.638
2017-12-22 06:00:00,0.928
2017-12-22 07:00:00,1.16
2017-12-22 08:00:00,1.3456
2017-12-22 09:00:00,1.1136
2017-12-22 10:00:00,1.3688
2017-12-22 11:00:00,1.3688
2017-12-22 12:00:00,1.4616
2017-12-22 13:00:00,1.0092
2017-12-22 14:00:00,1.334
2017-12-22 15:00:00,1.6936
2017-12-22 16:00:00,1.6008
2017-12-22 17:00:00,2.4128
2017-12-22 18:00:00,2.03
2017-12-22 19:00:00,2.6564
2017-12-22 20:00:00,3.9556
2017-12-22 21:00:00,2.3316
2017-12-22 22:00:00,0.9396
2017-12-22 23:00:00,0.8932
2017-12-23 00:00:00,0.7772
2017-12-23 01:00:00,1.3108
2017-12-23 02:00:00,1.3804
2017-12-23 03:00:00,1.3456
2017-12-23 04:00:00,0.3944
2017-12-23 05:00:00,0.3016
2017-12-23 06:00:00,0.348
2017-12-23 07:00:00,0.522
2017-12-23 08:00:00,1.0672
2017-12-23 09:00:00,0.3364
2017-12-23 10:00:00,0.3596
2017-12-23 11:00:00,0.464
2017-12-23 12:00:00,0.522
2017-12-23 13:00:00,0.6264
2017-12-23 14:00:00,0.5916
2017-12-23 15:00:00,0.58
2017-12-23 16:00:00,0.6612
2017-12-23 17:00:00,0.7772
2017-12-23 18:00:00,0.9164
2017-12-23 19:00:00,1.276
2017-12-23 20:00:00,1.2876
2017-12-23 21:00:00,1.5659999999999998
2017-12-23 22:00:00,0.8932
2017-12-23 23:00:00,0.8932
2017-12-24 00:00:00,0.8468
2017-12-24 01:00:00,0.0696
2017-12-24 02:00:00,0.4292
2017-12-24 03:00:00,0.2088
2017-12-24 04:00:00,0.232
2017-12-24 05:00:00,0.348
2017-12-24 06:00:00,0.3364
2017-12-24 07:00:00,0.5916
2017-12-24 08:00:00,0.696
2017-12-24 09:00:00,0.4988
2017-12-24 10:00:00,0.3364
2017-12-24 11:00:00,0.5336
2017-12-24 12:00:00,0.0232
2017-12-24 13:00:00,0.1392
2017-12-24 14:00:00,0.0348
2017-12-24 15:00:00,0.1044
2017-12-24 16:00:00,0.3944
2017-12-24 17:00:00,0.29
2017-12-24 18:00:00,0.3132
2017-12-24 19:00:00,1.2412
2017-12-24 20:00:00,2.9116
2017-12-24 21:00:00,2.5636
2017-12-24 22:00:00,4.0252
2017-12-24 23:00:00,1.4384
2017-12-25 00:00:00,0.638
2017-12-25 01:00:00,2.3664
2017-12-25 02:00:00,1.9836
2017-12-25 03:00:00,1.5312
2017-12-25 04:00:00,1.7632
2017-12-25 05:00:00,1.4616
2017-12-25 06:00:00,1.0672
2017-12-25 07:00:00,1.5196
2017-12-25 08:00:00,2.4592
2017-12-25 09:00:00,2.5172
2017-12-25 10:00:00,2.1344
2017-12-25 11:00:00,1.5312
2017-12-25 12:00:00,0.9628
2017-12-25 13:00:00,0.6496
2017-12-25 14:00:00,1.0904
2017-12-25 15:00:00,1.3456
2017-12-25 16:00:00,3.306
2017-12-25 17:00:00,3.886
2017-12-25 18:00:00,2.9928
2017-12-25 19:00:00,2.9348
2017-12-25 20:00:00,2.8536
2017-12-25 21:00:00,8.0736
2017-12-25 22:00:00,8.8856
2017-12-25 23:00:00,5.8696
2017-12-26 00:00:00,4.3616
2017-12-26 01:00:00,3.0508
2017-12-26 02:00:00,5.1736
2017-12-26 03:00:00,4.6864
2017-12-26 04:00:00,2.8884
2017-12-26 05:00:00,2.204
2017-12-26 06:00:00,1.9836
2017-12-26 07:00:00,3.3524
2017-12-26 08:00:00,3.8164
2017-12-26 09:00:00,3.4568
2017-12-26 10:00:00,3.712
2017-12-26 11:00:00,2.8536
2017-12-26 12:00:00,2.2736
2017-12-26 13:00:00,1.7516
2017-12-26 14:00:00,2.03
2017-12-26 15:00:00,1.7168
2017-12-26 16:00:00,1.2876
2017-12-26 17:00:00,2.8652
2017-12-26 18:00:00,5.2664
2017-12-26 19:00:00,4.93
2017-12-26 20:00:00,4.4428
2017-12-26 21:00:00,6.6468
2017-12-26 22:00:00,7.3776
2017-12-26 23:00:00,5.626
2017-12-27 00:00:00,4.6632
2017-12-27 01:00:00,6.1712
2017-12-27 02:00:00,5.7188
2017-12-27 03:00:00,3.6308
2017-12-27 04:00:00,3.422
2017-12-27 05:00:00,3.5148
2017-12-27 06:00:00,2.6564
2017-12-27 07:00:00,2.958
2017-12-27 08:00:00,3.9208
2017-12-27 09:00:00,3.7352
2017-12-27 10:00:00,3.9788
2017-12-27 11:00:00,3.9208
2017-12-27 12:00:00,2.32
2017-12-27 13:00:00,1.5776
2017-12-27 14:00:00,1.3456
2017-12-27 15:00:00,1.6008
2017-12-27 16:00:00,1.624
2017-12-27 17:00:00,1.6588
2017-12-27 18:00:00,3.4568
2017-12-27 19:00:00,2.8304
2017-12-27 20:00:00,3.5380000000000003
2017-12-27 21:00:00,3.0856
2017-12-27 22:00:00,3.1784
2017-12-27 23:00:00,2.8188
2017-12-28 00:00:00,3.0508
2017-12-28 01:00:00,2.7608
2017-12-28 02:00:00,2.1112
2017-12-28 03:00:00,1.74
2017-12-28 04:00:00,1.4732
2017-12-28 05:00:00,1.218
2017-12-28 06:00:00,1.0672
2017-12-28 07:00:00,0.812
2017-12-28 08:00:00,0.5336
2017-12-28 09:00:00,0.6612
2017-12-28 10:00:00,0.522
2017-12-28 11:00:00,0.9512
2017-12-28 12:00:00,1.3572
2017-12-28 13:00:00,1.3224
2017-12-28 14:00:00,2.32
2017-12-28 15:00:00,2.1576
2017-12-28 16:00:00,1.45
2017-12-28 17:00:00,3.1204
2017-12-28 18:00:00,3.2596
2017-12-28 19:00:00,1.4732
2017-12-28 20:00:00,1.2528
2017-12-28 21:00:00,2.378
2017-12-28 22:00:00,3.4452
2017-12-28 23:00:00,3.2712
2017-12-29 00:00:00,2.4824
2017-12-29 01:00:00,2.0648
2017-12-29 02:00:00,2.32
2017-12-29 03:00:00,1.5776
2017-12-29 04:00:00,0.986
2017-12-29 05:00:00,0.812
2017-12-29 06:00:00,0.7192
2017-12-29 07:00:00,1.1716
2017-12-29 08:00:00,1.624
2017-12-29 09:00:00,2.2272
2017-12-29 10:00:00,1.8096
2017-12-29 11:00:00,2.0184
2017-12-29 12:00:00,0.7308
2017-12-29 13:00:00,0.6728
2017-12-29 14:00:00,0.7656
2017-12-29 15:00:00,0.5916
2017-12-29 16:00:00,0.8236
2017-12-29 17:00:00,0.9744
2017-12-29 18:00:00,1.044
2017-12-29 19:00:00,0.8236
2017-12-29 20:00:00,0.928
2017-12-29 21:00:00,1.2528
2017-12-29 22:00:00,1.1252
2017-12-29 23:00:00,0.754
2017-12-30 00:00:00,0.7888
2017-12-30 01:00:00,0.6844
2017-12-30 02:00:00,0.696
2017-12-30 03:00:00,0.4872
2017-12-30 04:00:00,0.3132
2017-12-30 05:00:00,0.2088
2017-12-30 06:00:00,0.2784
2017-12-30 07:00:00,0.2668
2017-12-30 08:00:00,0.464
2017-12-30 09:00:00,0.3364
2017-12-30 10:00:00,0.4292
2017-12-30 11:00:00,0.6148
2017-12-30 12:00:00,0.4756
2017-12-30 13:00:00,0.4988
2017-12-30 14:00:00,0.4756
2017-12-30 15:00:00,0.8004
2017-12-30 16:00:00,1.1252
2017-12-30 17:00:00,1.0208
2017-12-30 18:00:00,0.9512
2017-12-30 19:00:00,1.0672
2017-12-30 20:00:00,1.74
2017-12-30 21:00:00,1.8444
2017-12-30 22:00:00,2.4128
2017-12-30 23:00:00,1.2412
2017-12-31 00:00:00,2.0996
2017-12-31 01:00:00,2.204
2017-12-31 02:00:00,2.088
2017-12-31 03:00:00,1.682
2017-12-31 04:00:00,1.4732
2017-12-31 05:00:00,1.6356
2017-12-31 06:00:00,1.6936
2017-12-31 07:00:00,1.5659999999999998
2017-12-31 08:00:00,1.5428
2017-12-31 09:00:00,1.3108
2017-12-31 10:00:00,1.4732
2017-12-31 11:00:00,1.508
2017-12-31 12:00:00,1.624
2017-12-31 13:00:00,1.218
2017-12-31 14:00:00,0.7656
2017-12-31 15:00:00,0.812
2017-12-31 16:00:00,1.3108
2017-12-31 17:00:00,2.0996
2017-12-31 18:00:00,2.9348
2017-12-31 19:00:00,3.364
2017-12-31 20:00:00,4.06
2017-12-31 21:00:00,5.1504
2017-12-31 22:00:00,6.2408
2017-12-31 23:00:00,3.3176
